day_text,team_text,H_text,HR_text,S_text,ST_text,DU_text,ER_text,result_text,location,temp,rain,humidity,,,행 레이블,평균 : H_text,평균 : HR_text,평균 : S_text,평균 : ST_text,평균 : DU_text,평균 : ER_text
4.2화,NC 다이노스,4,0,2,7,2,2,0,부산,15.2,0,39,,,5-15,8.957142857,0.9,0.985714286,7.542857143,0.714285714,0.671428571
4.3수,NC 다이노스,8,0,0,4,1,3,0,부산,15.3,0,45,,,15-25,9.383399209,0.966403162,0.869565217,7.100790514,0.776679842,0.669960474
4.4목,NC 다이노스,6,0,1,9,1,3,0,부산,14.8,0,45,,,25-35,9.847938144,1.059278351,0.845360825,6.765463918,0.847938144,0.682989691
4.5금,NC 다이노스,11,3,1,5,0,0,0,창원,14.6,0,62,,,35-45,13,3.333333333,1,7.333333333,1.333333333,0.333333333
4.7일,NC 다이노스,7,0,0,8,1,0,0,창원,10.1,0,33,,,총합계,9.550155119,1.006204757,0.868665977,6.998965874,0.802481903,0.674250259
4.9화,NC 다이노스,10,0,5,5,0,4,0,창원,11.9,0,12,,,,,,,,,
4.10수,NC 다이노스,9,0,1,7,0,1,0,창원,8.9,0,31,,,,,,,,,
4.11목,NC 다이노스,12,0,2,5,1,0,1,창원,12.3,0,16,,,,,,,,,
4.12금,NC 다이노스,8,0,0,6,1,1,0,인천,7.6,0,61,,,,,,,,,
4.13토,NC 다이노스,5,1,0,3,1,0,1,인천,12.8,0,47,,,,,,,,,
4.14일,NC 다이노스,7,1,0,9,0,2,1,인천,7.7,0,34,,,,,,,,,
4.16화,NC 다이노스,7,0,2,15,0,3,0,창원,18.6,0,73,,,,,,,,,
4.17수,NC 다이노스,10,0,3,8,0,2,0,창원,13.7,0,68,,,,,,,,,
4.18목,NC 다이노스,8,0,0,7,0,2,0,창원,17.5,0,61,,,,,,,,,
4.19금,NC 다이노스,2,0,1,1,3,0,0,창원,11.3,0,43,,,,,,,,,
4.21일,NC 다이노스,7,1,0,4,2,0,0,창원,14.6,0,24,,,,,,,,,
4.25목,NC 다이노스,10,1,1,7,1,0,0,광주,14.1,0,70,,,,,,,,,
4.26금,NC 다이노스,8,2,2,8,1,2,0,서울,14.2,0,45,,,,,,,,,
4.27토,NC 다이노스,10,1,2,7,2,0,0,서울,13.8,0,43,,,,,,,,,
4.28일,NC 다이노스,6,0,0,6,0,1,0,서울,19.4,0,55,,,,,,,,,
4.30화,NC 다이노스,4,0,0,5,1,0,1,서울,16.1,0,36,,,,,,,,,
5.1수,NC 다이노스,12,2,3,5,0,0,1,창원,13,0,61,,,,,,,,,
5.2목,NC 다이노스,10,1,1,7,2,0,1,창원,15.1,0,61,,,,,,,,,
5.7화,NC 다이노스,13,0,2,11,0,1,0,창원,17.2,0,58,,,,,,,,,
5.8수,NC 다이노스,4,3,2,6,0,0,0,창원,19.5,0,40,,,,,,,,,
5.9목,NC 다이노스,12,0,1,7,0,0,1,창원,20.8,0,73,,,,,,,,,
5.10금,NC 다이노스,5,0,2,12,0,0,0,서울,13.9,0,83,,,,,,,,,
5.11토,NC 다이노스,10,0,0,9,0,0,0,서울,23.9,0,25,,,,,,,,,
5.12일,NC 다이노스,19,1,0,5,2,0,1,서울,21.5,0,58,,,,,,,,,
5.15수,NC 다이노스,12,1,0,7,2,0,1,부산,20.2,0,80,,,,,,,,,
5.16목,NC 다이노스,13,0,3,10,0,0,1,부산,14.8,0,65,,,,,,,,,
5.17금,NC 다이노스,5,1,1,16,0,0,0,창원,17.6,0,58,,,,,,,,,
5.18토,NC 다이노스,7,1,0,10,1,1,0,창원,21,0,57,,,,,,,,,
5.19일,NC 다이노스,13,0,1,5,1,1,0,창원,19.4,0,84,,,,,,,,,
5.21화,NC 다이노스,7,0,1,4,0,2,0,인천,20.5,0,25,,,,,,,,,
5.22수,NC 다이노스,9,2,2,8,1,1,1,인천,20,0,73,,,,,,,,,
5.23목,NC 다이노스,9,3,1,10,0,0,1,인천,21.8,0,74,,,,,,,,,
5.24금,NC 다이노스,13,0,0,3,0,0,1,광주,28.6,0,36,,,,,,,,,
5.25토,NC 다이노스,14,0,0,7,1,0,1,광주,28,0,44,,,,,,,,,
5.26일,NC 다이노스,8,0,3,5,3,2,0,광주,23.5,0,57,,,,,,,,,
5.29수,NC 다이노스,12,0,2,12,3,0,0,창원,21.2,0,77,,,,,,,,,
5.30목,NC 다이노스,13,0,1,4,1,0,1,창원,22.9,0,46,,,,,,,,,
5.31금,NC 다이노스,9,0,0,5,0,0,1,대전,24.5,0,52,,,,,,,,,
6.1토,NC 다이노스,13,0,0,7,1,0,1,대전,24.4,0,50,,,,,,,,,
6.2일,NC 다이노스,4,1,3,15,0,1,0,대전,28.2,0,41,,,,,,,,,
6.4화,NC 다이노스,11,0,0,9,1,0,0,창원,23.9,0,43,,,,,,,,,
6.5수,NC 다이노스,15,2,1,7,0,0,1,창원,23.3,0,63,,,,,,,,,
6.6목,NC 다이노스,12,1,1,8,1,0,1,창원,22.4,0,64,,,,,,,,,
6.11화,NC 다이노스,5,1,0,5,1,0,0,광주,23.1,0,79,,,,,,,,,
6.12수,NC 다이노스,7,0,2,11,0,0,0,광주,22.1,0,80,,,,,,,,,
6.13목,NC 다이노스,11,0,0,5,1,3,0,광주,25.3,0,68,,,,,,,,,
6.14금,NC 다이노스,13,2,1,12,0,2,0,창원,21.8,0,88,,,,,,,,,
6.15토,NC 다이노스,11,0,0,8,0,0,1,창원,26.7,0,69,,,,,,,,,
6.19수,NC 다이노스,8,0,1,10,1,0,0,창원,22.8,0,85,,,,,,,,,
6.20목,NC 다이노스,7,0,2,9,0,0,1,창원,24.7,0,79,,,,,,,,,
6.21금,NC 다이노스,8,0,0,5,1,0,1,서울,29.6,0,49,,,,,,,,,
6.22토,NC 다이노스,8,1,0,6,2,0,0,서울,25.7,0,66,,,,,,,,,
6.23일,NC 다이노스,10,0,0,7,2,0,0,서울,25,0,52,,,,,,,,,
6.26수,NC 다이노스,7,0,2,8,1,2,0,부산,24.6,0,63,,,,,,,,,
6.27목,NC 다이노스,4,0,2,8,1,0,0,부산,23.2,0,70,,,,,,,,,
6.28금,NC 다이노스,7,1,3,12,2,0,0,창원,24.6,0,72,,,,,,,,,
6.29토,NC 다이노스,7,0,0,11,0,1,0,창원,25.8,0,61,,,,,,,,,
6.30일,NC 다이노스,8,1,0,2,1,1,1,창원,24.7,0,75,,,,,,,,,
7.2화,NC 다이노스,6,2,1,6,0,0,1,창원,26.1,0,83,,,,,,,,,
7.3수,NC 다이노스,8,0,0,9,1,2,1,창원,25.4,0,83,,,,,,,,,
7.9화,NC 다이노스,7,0,1,11,0,0,0,서울,24.9,0,81,,,,,,,,,
7.10수,NC 다이노스,3,0,1,10,1,0,0,서울,26,0,79,,,,,,,,,
7.11목,NC 다이노스,7,1,1,7,2,1,0,서울,24.9,0,86,,,,,,,,,
7.12금,NC 다이노스,5,0,1,2,1,1,1,창원,29,0,70,,,,,,,,,
7.13토,NC 다이노스,12,1,2,3,2,0,1,창원,29.6,0,71,,,,,,,,,
7.14일,NC 다이노스,15,0,0,9,2,0,1,창원,28.6,0,76,,,,,,,,,
7.16화,NC 다이노스,6,0,0,7,1,3,0,서울,27.6,0,65,,,,,,,,,
7.17수,NC 다이노스,4,0,2,6,1,3,0,서울,24.7,0,87,,,,,,,,,
7.23화,NC 다이노스,2,0,1,7,1,1,0,대구,29.9,0,67,,,,,,,,,
7.24수,NC 다이노스,6,1,2,3,0,1,0,대구,32,0,53,,,,,,,,,
7.25목,NC 다이노스,4,0,1,10,2,0,0,대구,32.9,0,37,,,,,,,,,
7.26금,NC 다이노스,9,2,1,7,1,0,1,창원,32.9,0,41,,,,,,,,,
7.27토,NC 다이노스,14,2,1,12,0,0,1,창원,30.4,0,58,,,,,,,,,
7.28일,NC 다이노스,6,2,2,14,0,0,0,창원,27.7,0,83,,,,,,,,,
7.30화,NC 다이노스,7,3,0,9,2,0,1,인천,25.5,0,92,,,,,,,,,
7.31수,NC 다이노스,7,1,1,7,1,0,1,인천,25.2,0,95,,,,,,,,,
8.1목,NC 다이노스,7,2,1,7,0,1,1,인천,30,0,70,,,,,,,,,
8.2금,NC 다이노스,7,0,3,6,1,1,1,창원,27.5,0,81,,,,,,,,,
8.3토,NC 다이노스,8,0,2,10,0,0,0,창원,28.7,0,76,,,,,,,,,
8.6화,NC 다이노스,6,0,1,3,0,1,0,창원,29.5,0,76,,,,,,,,,
8.7수,NC 다이노스,10,0,1,4,2,2,0,창원,31.1,0,72,,,,,,,,,
8.8목,NC 다이노스,11,1,4,11,0,0,1,창원,30.3,0,72,,,,,,,,,
8.9금,NC 다이노스,8,0,1,2,0,0,0,창원,30.7,0,71,,,,,,,,,
8.13화,NC 다이노스,4,0,3,8,0,1,1,대전,32.5,0,59,,,,,,,,,
8.14수,NC 다이노스,7,2,1,5,1,0,1,대전,32.2,0,59,,,,,,,,,
8.15목,NC 다이노스,11,1,0,7,0,1,1,창원,30.7,0,54,,,,,,,,,
8.16금,NC 다이노스,9,0,0,10,0,0,1,창원,31.3,0,49,,,,,,,,,
8.17토,NC 다이노스,6,1,0,6,1,0,0,부산,30.3,0,58,,,,,,,,,
8.20화,NC 다이노스,12,2,0,5,2,0,1,서울,30.8,0,49,,,,,,,,,
8.21수,NC 다이노스,10,3,1,6,1,1,1,서울,32.1,0,43,,,,,,,,,
8.22목,NC 다이노스,3,0,3,7,1,4,0,서울,31.8,0,54,,,,,,,,,
8.23금,NC 다이노스,11,1,3,10,0,0,1,서울,26.9,0,73,,,,,,,,,
8.25일,NC 다이노스,5,0,0,9,0,1,0,창원,26.8,0,64,,,,,,,,,
8.27화,NC 다이노스,1,0,2,10,1,0,0,대구,30.5,0,43,,,,,,,,,
8.28수,NC 다이노스,15,1,1,8,1,0,1,대구,30.8,0,38,,,,,,,,,
8.29목,NC 다이노스,5,0,3,10,2,2,0,창원,30,0,65,,,,,,,,,
8.30금,NC 다이노스,8,1,4,6,0,0,0,창원,26.7,0,78,,,,,,,,,
8.31토,NC 다이노스,8,3,2,5,2,0,1,광주,26.5,0,55,,,,,,,,,
9.1일,NC 다이노스,16,3,0,6,0,0,1,광주,26.6,0,58,,,,,,,,,
9.5목,NC 다이노스,2,0,0,13,0,1,0,창원,24,0,54,,,,,,,,,
9.7토,NC 다이노스,6,2,0,10,0,1,0,인천,23.7,0,77,,,,,,,,,
9.8일,NC 다이노스,11,0,1,9,0,0,0,인천,24,0,77,,,,,,,,,
9.10화,NC 다이노스,3,0,0,7,0,0,1,창원,25.1,0,61,,,,,,,,,
9.11수,NC 다이노스,2,0,0,6,1,1,0,창원,26.1,0,74,,,,,,,,,
9.12목,NC 다이노스,9,0,1,10,1,1,0,창원,25.7,0,68,,,,,,,,,
9.13금,NC 다이노스,8,1,1,3,0,1,1,창원,28.3,0,69,,,,,,,,,
9.14토,NC 다이노스,3,0,0,9,1,0,0,서울,24.6,0,70,,,,,,,,,
9.15일,NC 다이노스,5,0,1,4,1,0,1,서울,26.2,0,29,,,,,,,,,
9.16월,NC 다이노스,4,0,2,2,0,2,0,창원,24,0,60,,,,,,,,,
9.18수,NC 다이노스,6,1,2,8,0,1,0,대구,26.8,0,46,,,,,,,,,
9.19목,NC 다이노스,7,2,0,3,0,1,0,부산,24.9,0,55,,,,,,,,,
9.22일,NC 다이노스,7,1,0,4,2,0,0,창원,24.1,0,60,,,,,,,,,
9.25수,NC 다이노스,5,1,0,10,1,1,1,서울,21.4,0,44,,,,,,,,,
9.26목,NC 다이노스,4,0,0,10,0,1,0,서울,20.6,0,28,,,,,,,,,
9.27금,NC 다이노스,5,0,1,5,0,0,1,창원,21.9,0,51,,,,,,,,,
9.30월,NC 다이노스,6,0,3,13,1,1,0,창원,23.3,0,82,,,,,,,,,
10.1화,NC 다이노스,12,1,0,12,0,1,1,창원,24,0,74,,,,,,,,,
10.2수,NC 다이노스,7,0,2,7,0,1,0,창원,22.6,0,71,,,,,,,,,
10.5토,NC 다이노스,6,2,1,4,0,3,1,창원,23.9,0,55,,,,,,,,,
4.1화,NC 다이노스,6,0,0,9,0,2,0,광주,19,0,33,,,,,,,,,
4.2수,NC 다이노스,12,1,5,1,2,1,1,광주,20.2,0,26,,,,,,,,,
4.3목,NC 다이노스,11,2,1,4,0,1,1,광주,11.8,0,65,,,,,,,,,
4.4금,NC 다이노스,8,2,1,5,0,0,1,창원,12.2,0,34,,,,,,,,,
4.5토,NC 다이노스,11,3,0,11,0,0,0,창원,12.8,0,22,,,,,,,,,
4.6일,NC 다이노스,7,1,0,4,1,0,1,창원,13,0,33,,,,,,,,,
4.8화,NC 다이노스,6,0,1,8,1,1,0,창원,16.7,0,20,,,,,,,,,
4.9수,NC 다이노스,9,1,3,5,0,1,1,창원,18.3,0,34,,,,,,,,,
4.10목,NC 다이노스,11,0,4,7,1,0,0,창원,15.5,0,52,,,,,,,,,
4.11금,NC 다이노스,19,1,1,7,0,3,1,서울,15.7,0,67,,,,,,,,,
4.12토,NC 다이노스,17,1,2,8,2,0,1,서울,15.6,0,64,,,,,,,,,
4.13일,NC 다이노스,12,0,0,14,2,1,1,서울,19.7,0,48,,,,,,,,,
4.15화,NC 다이노스,11,3,0,6,1,3,1,부산,19.6,0,48,,,,,,,,,
4.16수,NC 다이노스,9,1,3,8,1,0,1,부산,18.5,0,52,,,,,,,,,
4.18금,NC 다이노스,7,0,2,9,1,0,0,창원,15.4,0,69,,,,,,,,,
4.19토,NC 다이노스,9,2,1,3,1,0,1,창원,14,0,43,,,,,,,,,
4.20일,NC 다이노스,3,0,1,10,0,0,0,창원,14.1,0,61,,,,,,,,,
4.22화,NC 다이노스,8,1,1,13,1,1,0,인천,18.1,0,35,,,,,,,,,
4.23수,NC 다이노스,10,2,0,6,1,0,1,인천,18,0,66,,,,,,,,,
4.24목,NC 다이노스,13,3,1,6,0,2,1,인천,19.2,0,62,,,,,,,,,
4.25금,NC 다이노스,11,0,2,5,2,2,0,창원,19.5,0,33,,,,,,,,,
4.26토,NC 다이노스,8,0,0,8,0,0,0,창원,20.4,0,46,,,,,,,,,
4.27일,NC 다이노스,5,1,0,6,0,1,1,창원,16.1,0.1,66,,,,,,,,,
4.29화,NC 다이노스,6,0,7,8,0,0,1,창원,16.4,0,79,,,,,,,,,
4.30수,NC 다이노스,9,0,0,8,3,4,0,창원,14.7,0,82,,,,,,,,,
5.1목,NC 다이노스,12,0,1,4,1,1,1,창원,20.2,0,58,,,,,,,,,
5.3토,NC 다이노스,13,0,2,6,0,0,1,대구,21.6,0,15,,,,,,,,,
5.4일,NC 다이노스,8,0,0,6,1,0,0,대구,20,0,28,,,,,,,,,
5.5월,NC 다이노스,9,0,2,4,0,1,0,대구,17.9,0,15,,,,,,,,,
5.6화,NC 다이노스,13,1,3,9,2,0,1,서울,16.7,0,29,,,,,,,,,
5.7수,NC 다이노스,21,6,0,5,1,0,1,서울,18.9,0,37,,,,,,,,,
5.8목,NC 다이노스,8,0,0,9,0,0,0,서울,16.1,0,73,,,,,,,,,
5.9금,NC 다이노스,4,0,0,12,0,2,0,창원,17.8,0,55,,,,,,,,,
5.10토,NC 다이노스,8,1,1,10,0,1,1,창원,20.5,0,30,,,,,,,,,
5.11일,NC 다이노스,12,1,0,4,0,0,1,창원,18.9,0,57,,,,,,,,,
5.13화,NC 다이노스,7,1,1,4,3,1,1,창원,23.8,0,41,,,,,,,,,
5.14수,NC 다이노스,10,2,3,6,0,0,1,창원,16.9,0,64,,,,,,,,,
5.15목,NC 다이노스,10,1,0,14,0,1,0,창원,25.3,0,24,,,,,,,,,
5.16금,NC 다이노스,5,0,0,8,0,0,0,서울,23.1,0,28,,,,,,,,,
5.17토,NC 다이노스,4,0,1,2,0,0,0,서울,25,0,33,,,,,,,,,
5.18일,NC 다이노스,14,2,0,7,1,1,1,서울,24.9,0,39,,,,,,,,,
5.20화,NC 다이노스,9,2,1,7,0,0,1,창원,20.1,0,70,,,,,,,,,
5.21수,NC 다이노스,8,0,1,7,0,0,0,창원,26.9,0,28,,,,,,,,,
5.22목,NC 다이노스,8,0,2,4,2,0,0,창원,20.4,0,68,,,,,,,,,
5.27화,NC 다이노스,19,5,0,8,1,2,1,대전,28.7,0,35,,,,,,,,,
5.28수,NC 다이노스,17,4,0,9,0,0,1,대전,25.5,0,52,,,,,,,,,
5.29목,NC 다이노스,19,2,0,2,1,0,1,대전,30.5,0,39,,,,,,,,,
5.30금,NC 다이노스,14,0,2,6,0,2,1,광주,30.8,0,24,,,,,,,,,
5.31토,NC 다이노스,12,1,2,8,1,1,1,광주,30.3,0,39,,,,,,,,,
6.1일,NC 다이노스,6,2,0,12,1,1,0,광주,25.9,0,41,,,,,,,,,
6.3화,NC 다이노스,7,1,4,6,0,0,1,창원,19.5,0,89,,,,,,,,,
6.4수,NC 다이노스,23,7,0,7,1,0,1,창원,22.9,0,58,,,,,,,,,
6.5목,NC 다이노스,11,2,4,5,0,1,1,창원,21.5,0,70,,,,,,,,,
6.10화,NC 다이노스,13,1,2,6,1,0,1,서울,23.9,1,86,,,,,,,,,
6.12목,NC 다이노스,10,0,2,6,1,2,0,서울,21.9,0,74,,,,,,,,,
6.13금,NC 다이노스,4,0,1,6,3,1,0,창원,22.1,0.5,76,,,,,,,,,
6.14토,NC 다이노스,18,2,2,7,2,0,1,창원,25.5,0,55,,,,,,,,,
6.15일,NC 다이노스,17,2,1,5,0,0,1,창원,25.9,0,48,,,,,,,,,
6.17화,NC 다이노스,13,0,0,5,2,0,1,창원,22.5,0,56,,,,,,,,,
6.18수,NC 다이노스,9,0,2,7,0,0,1,창원,24,0,62,,,,,,,,,
6.19목,NC 다이노스,10,0,2,6,1,2,0,창원,25.7,0,52,,,,,,,,,
6.20금,NC 다이노스,9,1,0,5,0,1,0,창원,23.7,0,70,,,,,,,,,
6.22일,NC 다이노스,5,0,1,8,0,1,0,창원,22.4,0,67,,,,,,,,,
6.24화,NC 다이노스,7,1,1,8,0,0,1,서울,26.3,0,50,,,,,,,,,
6.25수,NC 다이노스,5,2,0,8,0,0,1,서울,26.5,0,61,,,,,,,,,
6.26목,NC 다이노스,4,0,1,4,2,1,0,서울,27.3,0,50,,,,,,,,,
6.27금,NC 다이노스,14,2,1,7,1,0,0,부산,24.8,0,72,,,,,,,,,
6.28토,NC 다이노스,8,1,1,1,2,0,0,부산,26.9,0,65,,,,,,,,,
6.29일,NC 다이노스,7,0,0,5,1,2,0,부산,24.3,0,76,,,,,,,,,
7.1화,NC 다이노스,6,0,1,6,0,2,1,창원,25.8,0,72,,,,,,,,,
7.3목,NC 다이노스,14,1,1,9,0,3,1,창원,22.8,0,86,,,,,,,,,
7.4금,NC 다이노스,4,1,2,12,0,1,0,창원,24.6,0,75,,,,,,,,,
7.5토,NC 다이노스,7,0,0,11,1,0,0,창원,23.7,0,77,,,,,,,,,
7.7월,NC 다이노스,8,0,2,6,0,1,1,창원,23.3,0,86,,,,,,,,,
7.11금,NC 다이노스,4,0,0,7,0,1,0,서울,29,0,60,,,,,,,,,
7.12토,NC 다이노스,18,5,0,6,0,0,1,서울,26.6,0,71,,,,,,,,,
7.13일,NC 다이노스,13,2,2,6,2,1,1,서울,26.3,0,74,,,,,,,,,
7.16수,NC 다이노스,17,1,2,7,0,1,1,창원,25.8,0,82,,,,,,,,,
7.22화,NC 다이노스,20,1,1,3,1,0,0,대전,28.6,0,76,,,,,,,,,
7.23수,NC 다이노스,15,2,4,8,1,3,1,대전,28.5,0,78,,,,,,,,,
7.24목,NC 다이노스,19,4,1,6,0,0,1,대전,29.2,0,84,,,,,,,,,
7.25금,NC 다이노스,9,2,0,6,1,1,0,대구,31.8,0,54,,,,,,,,,
7.26토,NC 다이노스,5,1,0,9,1,0,0,대구,31.1,0,40,,,,,,,,,
7.27일,NC 다이노스,7,0,0,13,0,0,0,대구,28.9,0,44,,,,,,,,,
7.29화,NC 다이노스,12,0,3,6,1,1,1,창원,26.1,0,81,,,,,,,,,
7.30수,NC 다이노스,12,2,4,7,1,0,1,창원,30.7,0,48,,,,,,,,,
7.31목,NC 다이노스,10,1,0,12,0,0,1,창원,30.5,0,62,,,,,,,,,
8.1금,NC 다이노스,10,1,0,10,0,0,0,인천,33,0,57,,,,,,,,,
8.2토,NC 다이노스,5,0,0,9,0,1,0,인천,31.7,0,63,,,,,,,,,
8.5화,NC 다이노스,5,1,0,6,0,0,1,부산,26.5,0,87,,,,,,,,,
8.6수,NC 다이노스,12,0,3,11,0,0,0,부산,29.2,0,75,,,,,,,,,
8.7목,NC 다이노스,14,2,1,4,2,2,0,창원,25.7,0,83,,,,,,,,,
8.8금,NC 다이노스,13,1,0,6,1,1,0,창원,25.3,0,72,,,,,,,,,
8.9토,NC 다이노스,11,2,1,6,2,1,0,창원,26.7,0,62,,,,,,,,,
8.11월,NC 다이노스,13,2,1,7,0,0,1,창원,26.1,0,73,,,,,,,,,
8.12화,NC 다이노스,6,1,0,7,1,2,0,광주,29,0,56,,,,,,,,,
8.13수,NC 다이노스,7,1,1,10,0,0,1,광주,25.3,0,76,,,,,,,,,
8.15금,NC 다이노스,6,0,0,6,0,0,0,서울,28.8,0,62,,,,,,,,,
8.16토,NC 다이노스,9,0,0,4,0,0,1,창원,25.7,0,77,,,,,,,,,
8.17일,NC 다이노스,8,1,1,8,1,0,1,창원,24.2,0,74,,,,,,,,,
8.21목,NC 다이노스,8,1,1,3,1,0,1,창원,25.9,0,79,,,,,,,,,
8.22금,NC 다이노스,6,0,2,7,2,0,1,창원,28.5,0,66,,,,,,,,,
8.23토,NC 다이노스,16,1,2,8,1,1,1,서울,27.5,0,67,,,,,,,,,
8.24일,NC 다이노스,11,0,1,4,0,1,1,서울,27.5,0,68,,,,,,,,,
8.26화,NC 다이노스,4,0,2,8,1,1,0,대전,28.2,0,77,,,,,,,,,
8.27수,NC 다이노스,6,3,2,13,0,0,0,대전,24.8,0,79,,,,,,,,,
8.30토,NC 다이노스,3,1,1,9,0,2,0,창원,25.2,0,61,,,,,,,,,
8.31일,NC 다이노스,10,1,0,7,0,0,0,창원,22.7,0,76,,,,,,,,,
9.4목,NC 다이노스,5,2,1,8,0,0,0,서울,24.8,0,66,,,,,,,,,
9.5금,NC 다이노스,5,0,0,10,2,3,0,서울,25.9,0,65,,,,,,,,,
9.6토,NC 다이노스,6,0,1,8,0,1,0,창원,23,0,73,,,,,,,,,
9.7일,NC 다이노스,11,0,5,12,0,0,1,창원,24.5,0,76,,,,,,,,,
9.9화,NC 다이노스,11,2,4,3,3,0,1,창원,26,0,71,,,,,,,,,
9.10수,NC 다이노스,7,0,2,6,0,0,0,창원,25,0,76,,,,,,,,,
9.11목,NC 다이노스,7,0,0,6,1,0,0,창원,23.8,0,64,,,,,,,,,
9.12금,NC 다이노스,10,1,0,12,0,0,1,창원,22.8,0,75,,,,,,,,,
9.13토,NC 다이노스,10,3,1,10,0,1,1,인천,25.3,0,82,,,,,,,,,
9.14일,NC 다이노스,6,1,0,7,0,2,0,인천,23.7,0,82,,,,,,,,,
10.2목,NC 다이노스,12,2,4,5,0,1,1,창원,21,0,70,,,,,,,,,
10.4토,NC 다이노스,5,1,2,9,0,1,1,창원,19.7,0,46,,,,,,,,,
10.5일,NC 다이노스,8,2,1,1,2,0,1,창원,19.2,0,51,,,,,,,,,
10.6월,NC 다이노스,0,0,0,11,1,0,0,서울,19.9,0,45,,,,,,,,,
10.7화,NC 다이노스,3,0,0,4,0,0,0,인천,18,0,62,,,,,,,,,
10.9목,NC 다이노스,14,5,1,11,0,0,1,대구,22,0,45,,,,,,,,,
10.10금,NC 다이노스,15,3,1,3,4,1,1,부산,20.6,0,68,,,,,,,,,
10.14화,NC 다이노스,6,1,2,12,0,0,1,창원,17.1,0,55,,,,,,,,,
10.17금,NC 다이노스,9,0,3,7,4,0,0,서울,16.9,0,48,,,,,,,,,
10.19일,NC 다이노스,10,2,0,8,1,3,0,창원,18.8,0,63,,,,,,,,,
10.22수,NC 다이노스,9,1,0,11,1,2,0,창원,15,0,68,,,,,,,,,
10.24금,NC 다이노스,9,1,0,5,0,1,1,서울,18,0,71,,,,,,,,,
10.25토,NC 다이노스,9,0,1,4,0,1,0,서울,18.6,0,77,,,,,,,,,
4.1수,NC 다이노스,18,3,1,6,0,1,1,창원,10.4,0,89,,,,,,,,,
4.3금,NC 다이노스,11,1,4,5,1,1,1,창원,16.6,0,71,,,,,,,,,
4.5일,NC 다이노스,11,3,2,6,0,2,1,창원,11.4,0,86,,,,,,,,,
4.7화,NC 다이노스,8,1,3,8,0,1,1,광주,9.3,0,63,,,,,,,,,
4.8수,NC 다이노스,14,3,0,5,0,0,1,광주,11.1,0,56,,,,,,,,,
4.9목,NC 다이노스,13,1,4,11,0,1,1,광주,13.2,0,50,,,,,,,,,
4.10금,NC 다이노스,2,0,0,9,1,1,0,창원,14.1,0,45,,,,,,,,,
4.11토,NC 다이노스,5,0,1,3,0,0,1,창원,14.5,0,40,,,,,,,,,
4.12일,NC 다이노스,9,2,0,10,0,3,0,창원,15.8,0,31,,,,,,,,,
4.14화,NC 다이노스,9,0,2,13,1,1,0,부산,12,0,62,,,,,,,,,
4.15수,NC 다이노스,3,0,3,8,0,0,0,부산,17.1,0,58,,,,,,,,,
4.16목,NC 다이노스,15,0,0,9,1,1,1,부산,17.1,0,70,,,,,,,,,
4.17금,NC 다이노스,7,2,0,7,0,2,0,대전,16.4,0,28,,,,,,,,,
4.18토,NC 다이노스,12,1,1,5,0,0,0,대전,20,0,33,,,,,,,,,
4.21화,NC 다이노스,2,0,0,9,0,0,0,창원,15.5,0,59,,,,,,,,,
4.22수,NC 다이노스,6,1,4,11,1,0,0,창원,19.3,0,36,,,,,,,,,
4.23목,NC 다이노스,9,0,0,5,1,0,0,창원,17.9,0,32,,,,,,,,,
4.24금,NC 다이노스,13,3,1,5,1,1,1,창원,19.3,0,47,,,,,,,,,
4.25토,NC 다이노스,8,1,0,6,1,0,0,창원,19.5,0,29,,,,,,,,,
4.26일,NC 다이노스,11,1,2,13,0,1,0,창원,22.2,0,26,,,,,,,,,
4.28화,NC 다이노스,14,1,1,3,1,0,1,인천,20.8,0,65,,,,,,,,,
4.30목,NC 다이노스,9,1,2,6,2,1,0,인천,22.5,0,66,,,,,,,,,
5.1금,NC 다이노스,9,1,3,7,0,0,1,수원,22.4,0,53,,,,,,,,,
5.2토,NC 다이노스,11,1,2,8,0,0,1,수원,22.1,0,59,,,,,,,,,
5.3일,NC 다이노스,17,2,2,11,1,0,1,수원,19.4,0,93,,,,,,,,,
5.5화,NC 다이노스,11,0,2,3,0,1,1,창원,19.4,0,29,,,,,,,,,
5.6수,NC 다이노스,11,1,3,8,0,0,1,창원,18.6,0,51,,,,,,,,,
5.7목,NC 다이노스,6,0,2,10,2,2,0,창원,20.9,0,31,,,,,,,,,
5.8금,NC 다이노스,8,2,1,8,1,0,1,창원,20.2,0,35,,,,,,,,,
5.9토,NC 다이노스,11,0,1,7,0,1,1,창원,19.4,0,53,,,,,,,,,
5.10일,NC 다이노스,11,0,5,7,1,0,1,창원,17,0,66,,,,,,,,,
5.13수,NC 다이노스,7,0,0,8,0,1,0,서울,19.6,0,53,,,,,,,,,
5.15금,NC 다이노스,11,2,0,8,1,0,1,대구,25.5,0,62,,,,,,,,,
5.16토,NC 다이노스,14,2,2,12,0,1,0,대구,26.4,0,24,,,,,,,,,
5.17일,NC 다이노스,8,1,0,7,0,0,1,대구,26.2,0,19,,,,,,,,,
5.19화,NC 다이노스,6,0,1,9,1,0,0,창원,22.3,0,57,,,,,,,,,
5.20수,NC 다이노스,10,1,3,7,0,2,1,창원,20.9,0,42,,,,,,,,,
5.21목,NC 다이노스,8,2,1,7,0,0,1,창원,22.7,0,33,,,,,,,,,
5.22금,NC 다이노스,12,3,3,7,0,0,1,서울,24.6,0,28,,,,,,,,,
5.23토,NC 다이노스,15,2,2,4,1,0,1,서울,26.7,0,22,,,,,,,,,
5.24일,NC 다이노스,11,1,1,10,0,1,1,서울,25.8,0,25,,,,,,,,,
5.26화,NC 다이노스,13,5,3,12,0,0,1,창원,28.3,0,31,,,,,,,,,
5.27수,NC 다이노스,12,0,1,11,1,1,1,창원,27.3,0,22,,,,,,,,,
5.28목,NC 다이노스,10,2,2,6,1,0,1,창원,24.1,0,38,,,,,,,,,
5.29금,NC 다이노스,9,1,0,7,2,2,0,광주,26.2,0,39,,,,,,,,,
5.30토,NC 다이노스,13,1,2,4,3,1,1,광주,21.3,0,67,,,,,,,,,
5.31일,NC 다이노스,11,3,3,9,0,1,1,광주,25.2,0,53,,,,,,,,,
6.2화,NC 다이노스,7,1,0,5,1,0,0,창원,22.6,0,72,,,,,,,,,
6.3수,NC 다이노스,8,1,1,5,0,2,0,창원,20.9,0,48,,,,,,,,,
6.4목,NC 다이노스,2,0,2,8,0,1,0,창원,23.5,0,44,,,,,,,,,
6.5금,NC 다이노스,6,0,0,9,0,0,0,창원,16.3,0,81,,,,,,,,,
6.6토,NC 다이노스,9,1,1,8,0,0,1,창원,19.5,0,59,,,,,,,,,
6.7일,NC 다이노스,16,2,1,1,2,0,1,창원,21,0,61,,,,,,,,,
6.9화,NC 다이노스,10,1,2,10,0,0,1,인천,21.2,0,96,,,,,,,,,
6.10수,NC 다이노스,10,2,1,8,1,1,1,인천,24.4,0,76,,,,,,,,,
6.12금,NC 다이노스,15,0,2,7,2,0,1,서울,26,0,45,,,,,,,,,
6.13토,NC 다이노스,8,0,1,6,0,1,0,서울,27.3,0,62,,,,,,,,,
6.14일,NC 다이노스,7,1,1,8,0,0,0,서울,24.9,0,57,,,,,,,,,
6.16화,NC 다이노스,8,1,1,5,2,0,0,수원,25.7,0,61,,,,,,,,,
6.17수,NC 다이노스,8,1,0,7,0,3,0,수원,23.1,0,89,,,,,,,,,
6.18목,NC 다이노스,16,1,1,8,2,1,1,수원,28,0,55,,,,,,,,,
6.19금,NC 다이노스,4,2,3,8,0,0,1,창원,23.6,0,63,,,,,,,,,
6.20토,NC 다이노스,8,1,2,3,0,2,1,창원,19.6,0,86,,,,,,,,,
6.21일,NC 다이노스,10,1,4,3,1,0,1,창원,21.6,0,78,,,,,,,,,
6.23화,NC 다이노스,7,0,1,9,0,1,0,창원,23.5,0,68,,,,,,,,,
6.24수,NC 다이노스,13,1,2,4,1,0,1,창원,22.8,0,75,,,,,,,,,
6.26금,NC 다이노스,8,2,2,10,0,1,1,서울,23.9,0,60,,,,,,,,,
6.27토,NC 다이노스,14,0,3,5,2,0,0,서울,30,0,37,,,,,,,,,
6.28일,NC 다이노스,6,0,1,11,0,0,0,서울,28.3,0,52,,,,,,,,,
7.1수,NC 다이노스,10,1,1,7,1,1,0,창원,26,0,69,,,,,,,,,
7.2목,NC 다이노스,8,0,4,7,1,2,1,창원,24.7,0,58,,,,,,,,,
7.3금,NC 다이노스,9,1,4,8,0,0,0,대전,26,0,44,,,,,,,,,
7.4토,NC 다이노스,14,2,2,9,0,0,0,대전,28.5,0,41,,,,,,,,,
7.9목,NC 다이노스,16,2,2,5,0,0,1,창원,25.1,0,78,,,,,,,,,
7.10금,NC 다이노스,9,2,1,8,0,1,1,서울,33.6,0,46,,,,,,,,,
7.11토,NC 다이노스,15,1,5,6,0,0,1,서울,32.7,0,53,,,,,,,,,
7.14화,NC 다이노스,14,1,1,4,1,0,1,창원,25.5,0,80,,,,,,,,,
7.15수,NC 다이노스,13,1,1,9,0,3,0,창원,26.9,0,72,,,,,,,,,
7.21화,NC 다이노스,5,0,1,6,3,0,0,부산,23.5,0,88,,,,,,,,,
7.22수,NC 다이노스,9,0,2,10,0,0,1,부산,24.5,0,92,,,,,,,,,
7.23목,NC 다이노스,11,2,3,9,0,2,1,부산,26,0,93,,,,,,,,,
7.24금,NC 다이노스,7,1,2,7,0,1,0,창원,25.7,0,90,,,,,,,,,
7.25토,NC 다이노스,12,1,1,5,1,2,1,창원,26.8,0,80,,,,,,,,,
7.26일,NC 다이노스,9,1,0,7,2,2,0,창원,29.5,0,67,,,,,,,,,
7.28화,NC 다이노스,6,0,1,6,1,0,0,대구,32.4,0,52,,,,,,,,,
7.29수,NC 다이노스,8,3,0,7,1,1,0,대구,31.5,0,67,,,,,,,,,
7.30목,NC 다이노스,11,3,0,10,1,1,0,대구,35.8,0,44,,,,,,,,,
7.31금,NC 다이노스,14,0,0,7,2,0,0,창원,30,0,73,,,,,,,,,
8.1토,NC 다이노스,6,0,2,7,1,0,1,창원,30,0,65,,,,,,,,,
8.2일,NC 다이노스,8,1,1,4,0,2,1,창원,28.2,0,77,,,,,,,,,
8.4화,NC 다이노스,9,0,2,5,1,1,1,서울,29,0,71,,,,,,,,,
8.5수,NC 다이노스,8,1,2,3,1,0,1,서울,31.7,0,52,,,,,,,,,
8.6목,NC 다이노스,10,2,1,3,1,0,1,창원,30.3,0,68,,,,,,,,,
8.7금,NC 다이노스,19,2,0,2,0,0,1,창원,30.6,0,70,,,,,,,,,
8.8토,NC 다이노스,11,2,1,3,1,0,1,창원,29.4,0,75,,,,,,,,,
8.9일,NC 다이노스,5,2,1,9,1,0,0,창원,31.1,0,69,,,,,,,,,
8.11화,NC 다이노스,19,1,0,11,2,2,1,서울,28.6,0,60,,,,,,,,,
8.12수,NC 다이노스,14,3,2,9,1,0,1,서울,31.1,0,53,,,,,,,,,
8.13목,NC 다이노스,8,0,0,7,1,0,0,서울,27.5,0,67,,,,,,,,,
8.14금,NC 다이노스,8,0,1,12,0,1,1,서울,30.1,0,59,,,,,,,,,
8.15토,NC 다이노스,11,0,5,5,0,0,1,창원,27.6,0,71,,,,,,,,,
8.16일,NC 다이노스,7,0,0,9,0,2,0,창원,25.6,0,83,,,,,,,,,
8.18화,NC 다이노스,6,1,0,4,0,0,1,대전,30.6,0,55,,,,,,,,,
8.19수,NC 다이노스,7,0,5,5,0,0,1,대전,28.6,0,64,,,,,,,,,
8.21금,NC 다이노스,15,2,1,8,0,0,1,대구,27.7,0,62,,,,,,,,,
8.22토,NC 다이노스,8,1,1,6,1,0,1,인천,25.9,0,89,,,,,,,,,
8.23일,NC 다이노스,8,1,1,7,4,0,1,인천,28.1,0,83,,,,,,,,,
8.26수,NC 다이노스,6,0,3,7,2,1,0,창원,24.1,0,79,,,,,,,,,
8.27목,NC 다이노스,5,0,2,12,0,0,1,창원,25.6,0,77,,,,,,,,,
8.28금,NC 다이노스,11,1,2,4,1,0,0,창원,25.8,0,73,,,,,,,,,
8.29토,NC 다이노스,11,1,0,6,0,0,1,부산,25.6,0,79,,,,,,,,,
8.30일,NC 다이노스,14,1,1,8,2,0,1,부산,24.8,0,84,,,,,,,,,
9.1화,NC 다이노스,8,2,0,10,0,0,0,창원,24.2,0,83,,,,,,,,,
9.2수,NC 다이노스,5,0,0,3,1,0,0,창원,24.5,0,83,,,,,,,,,
9.3목,NC 다이노스,17,3,3,6,1,0,1,창원,23.3,0,81,,,,,,,,,
9.4금,NC 다이노스,7,1,2,7,0,1,0,창원,23.9,0,79,,,,,,,,,
9.5토,NC 다이노스,8,1,0,8,0,1,0,수원,23.5,0,76,,,,,,,,,
9.6일,NC 다이노스,13,0,2,5,2,0,1,수원,24,0,56,,,,,,,,,
9.8화,NC 다이노스,8,1,1,9,0,0,1,광주,25.6,0,44,,,,,,,,,
9.9수,NC 다이노스,5,0,1,7,1,1,0,광주,26.1,0,46,,,,,,,,,
9.10목,NC 다이노스,11,0,1,4,2,0,0,창원,22.4,0,65,,,,,,,,,
9.11금,NC 다이노스,14,1,3,3,0,0,1,창원,23.7,0,76,,,,,,,,,
9.12토,NC 다이노스,12,2,0,4,0,0,1,창원,20.3,4.2,90,,,,,,,,,
9.13일,NC 다이노스,14,3,0,8,1,0,1,창원,22.9,0,52,,,,,,,,,
9.15화,NC 다이노스,12,4,0,8,2,0,1,창원,21.6,0,52,,,,,,,,,
9.17목,NC 다이노스,10,1,3,4,1,0,1,대전,23.9,0,59,,,,,,,,,
9.18금,NC 다이노스,20,4,0,9,3,0,1,대전,25.1,0,54,,,,,,,,,
9.20일,NC 다이노스,18,3,0,4,2,1,1,창원,21.7,0,77,,,,,,,,,
9.21월,NC 다이노스,6,1,1,6,0,0,0,창원,22.2,0,75,,,,,,,,,
9.22화,NC 다이노스,4,0,0,18,0,0,0,대구,24,0,61,,,,,,,,,
9.24목,NC 다이노스,14,5,0,13,0,0,1,창원,21.5,0,79,,,,,,,,,
9.25금,NC 다이노스,8,2,2,12,1,2,0,창원,22.9,0,72,,,,,,,,,
9.27일,NC 다이노스,6,0,0,5,3,0,0,창원,22.2,0,78,,,,,,,,,
9.28월,NC 다이노스,10,1,0,3,1,1,1,창원,22.9,0,53,,,,,,,,,
9.29화,NC 다이노스,8,1,1,3,0,0,1,서울,25.3,0,32,,,,,,,,,
9.30수,NC 다이노스,15,2,2,7,2,0,1,서울,22.6,0,39,,,,,,,,,
10.1목,NC 다이노스,15,0,0,4,3,1,1,서울,17.9,0,88,,,,,,,,,
10.2금,NC 다이노스,13,1,1,7,0,0,1,인천,20,0,72,,,,,,,,,
10.3토,NC 다이노스,6,0,2,7,2,1,0,인천,19.7,0,42,,,,,,,,,
10.18일,NC 다이노스,3,0,1,6,2,1,0,창원,19,0,70,,,,,,,,,
10.19월,NC 다이노스,6,0,1,6,2,0,1,창원,18.4,0,78,,,,,,,,,
10.21수,NC 다이노스,19,2,2,10,0,1,1,서울,20,0,64,,,,,,,,,
10.22목,NC 다이노스,5,0,0,9,0,1,0,서울,19.3,0,62,,,,,,,,,
10.24토,NC 다이노스,10,1,0,2,1,0,0,창원,20,0,64,,,,,,,,,
4.1금,NC 다이노스,9,2,0,9,1,1,1,창원,16.1,0,65,,,,,,,,,
4.2토,NC 다이노스,7,1,1,5,1,0,0,창원,16.7,0,70,,,,,,,,,
4.5화,NC 다이노스,5,0,0,9,1,0,0,서울,14.1,0,30,,,,,,,,,
4.6수,NC 다이노스,2,0,0,12,1,3,0,서울,21.4,0,17,,,,,,,,,
4.7목,NC 다이노스,15,0,0,4,0,0,1,서울,17.5,0,54,,,,,,,,,
4.8금,NC 다이노스,9,1,3,6,2,0,1,창원,19.5,0,35,,,,,,,,,
4.9토,NC 다이노스,13,2,0,4,0,0,1,창원,20,0,42,,,,,,,,,
4.10일,NC 다이노스,2,0,2,9,0,0,0,창원,15.3,0,66,,,,,,,,,
4.12화,NC 다이노스,10,3,0,4,0,2,0,대구,18.6,0,31,,,,,,,,,
4.13수,NC 다이노스,10,0,1,5,1,0,1,대구,16.5,0,87,,,,,,,,,
4.14목,NC 다이노스,8,2,2,16,1,2,0,대구,21.8,0,30,,,,,,,,,
4.15금,NC 다이노스,9,0,2,10,1,1,1,창원,14.2,0,58,,,,,,,,,
4.17일,NC 다이노스,13,1,0,5,2,1,0,창원,17,0,30,,,,,,,,,
4.19화,NC 다이노스,12,1,0,6,0,1,1,서울,15.5,0,47,,,,,,,,,
4.20수,NC 다이노스,11,0,0,6,3,1,0,서울,16,0,50,,,,,,,,,
4.21목,NC 다이노스,14,0,0,6,0,0,1,서울,16.5,0,78,,,,,,,,,
4.22금,NC 다이노스,8,1,0,8,1,0,1,인천,10.3,0,98,,,,,,,,,
4.23토,NC 다이노스,6,1,0,7,0,3,0,인천,15,0,42,,,,,,,,,
4.24일,NC 다이노스,5,2,0,6,1,0,0,인천,18.4,0,41,,,,,,,,,
4.26화,NC 다이노스,11,0,0,3,1,0,1,창원,19.8,0,58,,,,,,,,,
4.28목,NC 다이노스,8,0,1,11,0,1,0,창원,14.2,0,82,,,,,,,,,
4.29금,NC 다이노스,9,2,0,8,1,0,1,부산,16.4,0,51,,,,,,,,,
4.30토,NC 다이노스,11,2,0,9,0,1,1,부산,18,0,64,,,,,,,,,
5.1일,NC 다이노스,10,3,0,8,1,1,1,부산,19.8,0,69,,,,,,,,,
5.4수,NC 다이노스,13,1,0,4,2,0,1,수원,17.7,0,39,,,,,,,,,
5.5목,NC 다이노스,16,2,1,5,0,0,1,수원,24.5,0,31,,,,,,,,,
5.6금,NC 다이노스,15,2,0,5,2,2,1,창원,17.5,0,94,,,,,,,,,
5.7토,NC 다이노스,8,3,0,12,0,0,1,창원,21.4,0,53,,,,,,,,,
5.8일,NC 다이노스,12,0,1,3,2,2,1,창원,20.1,0,32,,,,,,,,,
5.11수,NC 다이노스,9,0,0,8,1,1,0,대전,21.7,0,60,,,,,,,,,
5.12목,NC 다이노스,12,1,1,10,0,0,1,대전,24,0,45,,,,,,,,,
5.13금,NC 다이노스,9,2,0,11,1,0,0,창원,19,0,64,,,,,,,,,
5.14토,NC 다이노스,10,0,3,11,1,0,0,창원,19.8,0,62,,,,,,,,,
5.17화,NC 다이노스,9,2,0,4,0,1,0,서울,26.1,0,30,,,,,,,,,
5.18수,NC 다이노스,14,1,0,5,2,2,0,서울,28.8,0,18,,,,,,,,,
5.19목,NC 다이노스,11,2,0,7,0,0,1,서울,29.4,0,21,,,,,,,,,
5.20금,NC 다이노스,8,0,2,6,1,0,0,창원,22.2,0,58,,,,,,,,,
5.21토,NC 다이노스,13,2,0,4,2,0,1,창원,23.1,0,44,,,,,,,,,
5.22일,NC 다이노스,14,2,0,6,0,0,1,창원,22,0,58,,,,,,,,,
5.25수,NC 다이노스,8,2,1,4,2,0,1,창원,23.7,0,56,,,,,,,,,
5.26목,NC 다이노스,10,0,1,4,0,0,0,창원,24.4,0,59,,,,,,,,,
5.27금,NC 다이노스,18,0,2,2,0,1,1,광주,25.1,0,53,,,,,,,,,
5.28토,NC 다이노스,16,4,1,5,3,1,1,광주,26.4,0,42,,,,,,,,,
5.29일,NC 다이노스,14,1,0,6,1,1,1,광주,24.1,0,55,,,,,,,,,
5.31화,NC 다이노스,8,1,0,10,1,1,0,창원,26.3,0,46,,,,,,,,,
6.1,NC 다이노스,6,0,0,4,0,0,1,창원,24,0,47,,,,,,,,,
6.2,NC 다이노스,8,1,1,5,0,1,1,창원,21.3,0,59,,,,,,,,,
6.3,NC 다이노스,4,1,1,11,1,0,1,부산,22.4,0,52,,,,,,,,,
6.5,NC 다이노스,17,3,0,8,0,0,1,부산,21.8,0,67,,,,,,,,,
6.7,NC 다이노스,7,3,0,4,0,0,1,창원,21.8,0,81,,,,,,,,,
6.8,NC 다이노스,8,3,0,6,0,0,1,창원,22.8,0,82,,,,,,,,,
6.9,NC 다이노스,15,1,0,8,1,1,1,창원,22.7,0,82,,,,,,,,,
6.1,NC 다이노스,13,2,1,8,2,0,1,인천,22.5,0,98,,,,,,,,,
6.11,NC 다이노스,12,3,0,10,0,1,1,인천,23.2,0,98,,,,,,,,,
6.12,NC 다이노스,16,2,0,7,2,0,1,인천,23,0,98,,,,,,,,,
6.14,NC 다이노스,14,1,3,6,1,0,1,서울,24.6,0,57,,,,,,,,,
6.16,NC 다이노스,7,1,0,5,1,0,1,서울,23.1,0,62,,,,,,,,,
6.17,NC 다이노스,16,2,0,5,1,1,1,수원,26.6,0,53,,,,,,,,,
6.18,NC 다이노스,16,0,3,10,2,2,1,수원,26,0,58,,,,,,,,,
6.19,NC 다이노스,22,5,0,6,3,0,1,수원,26,0,63,,,,,,,,,
6.21,NC 다이노스,4,1,1,8,0,0,0,창원,23.2,0,92,,,,,,,,,
6.24,NC 다이노스,7,0,0,12,0,1,0,창원,25.7,0,91,,,,,,,,,
6.25,NC 다이노스,4,0,0,12,1,2,0,창원,25.5,0,67,,,,,,,,,
6.26,NC 다이노스,13,0,0,8,0,1,0,창원,27.6,0,60,,,,,,,,,
6.28,NC 다이노스,10,2,0,5,2,0,0,서울,28.6,0,42,,,,,,,,,
6.29,NC 다이노스,12,1,1,6,0,1,1,서울,26.7,0,61,,,,,,,,,
6.3,NC 다이노스,0,0,0,9,0,0,0,서울,26.1,0,73,,,,,,,,,
7.6수,NC 다이노스,12,3,0,6,0,2,1,창원,27.4,0,90,,,,,,,,,
7.7목,NC 다이노스,8,1,1,5,0,0,1,창원,28.2,0,81,,,,,,,,,
7.8금,NC 다이노스,11,2,0,8,0,1,1,서울,32.2,0,48,,,,,,,,,
7.9토,NC 다이노스,10,1,0,5,0,0,0,서울,30.3,0,60,,,,,,,,,
7.10일,NC 다이노스,10,0,2,6,1,0,0,서울,30.2,0,61,,,,,,,,,
7.12화,NC 다이노스,9,2,0,3,3,0,0,창원,25.2,0,95,,,,,,,,,
7.13수,NC 다이노스,7,3,0,3,1,0,1,창원,29.6,0,79,,,,,,,,,
7.14목,NC 다이노스,5,0,2,9,0,1,1,창원,27.2,0,75,,,,,,,,,
7.19화,NC 다이노스,9,1,0,9,2,0,0,창원,26.7,0,79,,,,,,,,,
7.20수,NC 다이노스,9,1,2,4,1,1,1,창원,26.7,0,73,,,,,,,,,
7.21목,NC 다이노스,10,1,1,6,2,0,1,창원,25.6,0,77,,,,,,,,,
7.22금,NC 다이노스,8,2,0,7,0,0,0,광주,30.1,0,70,,,,,,,,,
7.23토,NC 다이노스,11,0,1,5,2,0,1,광주,31.6,0,64,,,,,,,,,
7.24일,NC 다이노스,10,4,0,5,1,2,1,광주,32.1,0,69,,,,,,,,,
7.26화,NC 다이노스,8,2,0,5,0,1,1,대구,33.3,0,51,,,,,,,,,
7.27수,NC 다이노스,10,3,0,8,1,1,0,대구,32.3,0,57,,,,,,,,,
7.28목,NC 다이노스,11,1,5,7,2,1,1,대구,34.6,0,38,,,,,,,,,
7.29금,NC 다이노스,5,0,1,7,0,0,0,창원,31.1,0,80,,,,,,,,,
7.30토,NC 다이노스,13,1,1,4,1,4,0,창원,31.8,0,74,,,,,,,,,
7.31일,NC 다이노스,8,2,0,9,2,1,1,창원,31.1,0,76,,,,,,,,,
8.4,NC 다이노스,12,2,0,7,0,0,1,창원,28.8,0,0,,,,,,,,,
8.5,NC 다이노스,9,0,0,6,0,1,0,대전,34,0,0,,,,,,,,,
8.6,NC 다이노스,16,2,1,4,0,0,1,대전,33.1,0,0,,,,,,,,,
8.7,NC 다이노스,10,1,1,6,1,6,0,대전,30,0,0,,,,,,,,,
8.9,NC 다이노스,12,3,0,6,0,0,1,창원,28.9,0,0,,,,,,,,,
8.1,NC 다이노스,10,3,1,10,1,1,1,창원,29.9,0,0,,,,,,,,,
8.11,NC 다이노스,11,0,1,9,2,2,0,서울,34.7,0,0,,,,,,,,,
8.12,NC 다이노스,8,1,0,8,0,1,0,서울,33.7,0,0,,,,,,,,,
8.13,NC 다이노스,6,0,0,6,1,1,1,창원,32.5,0,0,,,,,,,,,
8.14,NC 다이노스,8,2,1,10,1,0,0,창원,32.9,0,0,,,,,,,,,
8.16,NC 다이노스,9,0,0,8,1,3,0,창원,29.6,0,0,,,,,,,,,
8.17,NC 다이노스,13,0,2,3,1,0,1,창원,28.8,0,0,,,,,,,,,
8.18,NC 다이노스,12,0,1,6,0,1,0,서울,31.7,0,0,,,,,,,,,
8.19,NC 다이노스,14,0,3,7,0,0,1,서울,26.7,10.5,0,,,,,,,,,
8.2,NC 다이노스,8,2,0,6,2,1,0,서울,33.5,0,0,,,,,,,,,
8.21,NC 다이노스,15,3,0,8,2,1,1,서울,34,0,0,,,,,,,,,
8.23,NC 다이노스,12,3,2,7,0,2,1,창원,28.9,0,0,,,,,,,,,
8.24,NC 다이노스,6,1,1,6,1,1,0,창원,30.1,0,0,,,,,,,,,
8.25,NC 다이노스,15,2,3,9,1,0,1,대전,31.2,0,0,,,,,,,,,
8.26,NC 다이노스,7,1,0,13,1,0,0,대전,19.7,0,0,,,,,,,,,
8.27,NC 다이노스,6,3,0,9,0,0,0,창원,25.2,0,0,,,,,,,,,
8.3,NC 다이노스,12,2,1,10,1,1,1,수원,22.5,0,0,,,,,,,,,
8.31,NC 다이노스,18,1,0,9,0,0,1,수원,21.7,0,0,,,,,,,,,
9.1,NC 다이노스,9,0,1,6,3,1,1,부산,25.8,0,82,,,,,,,,,
9.3,NC 다이노스,14,1,0,10,3,1,0,창원,23.6,0,93,,,,,,,,,
9.4,NC 다이노스,7,0,0,10,1,0,0,창원,25.8,0,88,,,,,,,,,
9.6,NC 다이노스,12,1,0,5,2,0,1,창원,25.4,0,91,,,,,,,,,
9.7,NC 다이노스,9,1,0,9,2,0,1,창원,24.8,0,93,,,,,,,,,
9.8,NC 다이노스,11,1,3,9,2,1,0,광주,27.4,0,54,,,,,,,,,
9.9,NC 다이노스,11,2,0,9,0,1,1,광주,25.9,0,62,,,,,,,,,
9.1,NC 다이노스,4,1,0,8,0,0,0,대구,23.7,0,73,,,,,,,,,
9.11,NC 다이노스,7,0,1,7,1,1,0,대구,24.8,0,69,,,,,,,,,
9.13,NC 다이노스,5,1,1,11,1,3,0,창원,24.8,0,78,,,,,,,,,
9.14,NC 다이노스,14,1,0,6,1,0,1,창원,23.7,0,81,,,,,,,,,
9.15,NC 다이노스,8,0,1,7,2,2,0,창원,24.1,0,85,,,,,,,,,
9.16,NC 다이노스,10,2,1,8,1,0,0,창원,23.9,0,83,,,,,,,,,
9.17,NC 다이노스,9,1,0,7,1,0,1,인천,26.2,0,61,,,,,,,,,
9.18,NC 다이노스,19,1,1,5,2,2,1,인천,25.1,0,68,,,,,,,,,
9.2,NC 다이노스,7,1,0,8,4,0,0,수원,23.7,0,33,,,,,,,,,
9.22,NC 다이노스,11,1,2,4,1,0,1,대전,23.2,0,62,,,,,,,,,
9.23,NC 다이노스,16,1,2,10,0,1,1,창원,22,0,75,,,,,,,,,
9.24,NC 다이노스,6,0,1,5,1,1,1,창원,22.5,0,73,,,,,,,,,
9.25,NC 다이노스,3,0,0,4,2,0,1,창원,23.3,0,79,,,,,,,,,
9.27,NC 다이노스,8,0,0,7,1,0,0,창원,25.8,0,90,,,,,,,,,
9.29,NC 다이노스,13,1,0,9,1,0,1,창원,18.9,0,82,,,,,,,,,
9.29,NC 다이노스,7,0,1,11,1,0,1,창원,18.9,0,82,,,,,,,,,
9.3,NC 다이노스,10,0,0,9,1,3,0,창원,18.4,0,91,,,,,,,,,
10.1,NC 다이노스,12,1,1,3,2,0,1,부산,20.8,0,89,,,,,,,,,
10.2,NC 다이노스,17,1,1,3,1,1,1,부산,23.2,0,86,,,,,,,,,
10.4,NC 다이노스,7,0,2,9,1,0,0,창원,23.8,0,66,,,,,,,,,
10.5,NC 다이노스,13,4,1,6,0,1,1,창원,22.5,0,83,,,,,,,,,
10.6,NC 다이노스,6,0,1,10,1,1,1,창원,21,0,82,,,,,,,,,
10.7,NC 다이노스,12,0,0,3,0,1,0,창원,19.4,0,82,,,,,,,,,
10.9,NC 다이노스,12,0,4,13,0,0,0,창원,15,0,60,,,,,,,,,
10.21,NC 다이노스,10,0,0,7,2,0,1,창원,16.7,0,70,,,,,,,,,
10.22,NC 다이노스,5,1,0,1,1,1,1,창원,18.9,0,72,,,,,,,,,
10.24,NC 다이노스,6,0,0,10,1,1,0,서울,17.7,0,49,,,,,,,,,
10.25,NC 다이노스,13,3,0,11,0,0,1,서울,16.1,0,73,,,,,,,,,
10.29,NC 다이노스,3,0,1,5,1,0,0,서울,8.7,0,33,,,,,,,,,
10.3,NC 다이노스,10,0,0,6,3,0,0,서울,10.8,0,24,,,,,,,,,
4.1,NC 다이노스,7,0,0,9,0,1,0,창원,8.6,0,82,,,,,,,,,
4.2,NC 다이노스,4,0,2,10,1,0,0,창원,10.8,0,62,,,,,,,,,
4.4,NC 다이노스,3,0,0,10,0,1,0,대전,20.8,0,24,,,,,,,,,
4.6,NC 다이노스,11,0,0,8,3,1,1,대전,15.2,0,80,,,,,,,,,
4.7,NC 다이노스,10,1,2,8,1,1,1,인천,14.4,0,72,,,,,,,,,
4.8,NC 다이노스,4,0,0,10,0,1,0,인천,10.3,0,86,,,,,,,,,
4.9,NC 다이노스,12,0,1,10,1,1,0,인천,17.1,0,44,,,,,,,,,
4.11,NC 다이노스,7,0,0,9,0,1,1,창원,17.3,0,52,,,,,,,,,
4.12,NC 다이노스,10,2,0,9,0,1,1,창원,13.9,0,66,,,,,,,,,
4.13,NC 다이노스,7,1,0,1,1,0,1,창원,18.2,0,51,,,,,,,,,
4.14,NC 다이노스,10,0,0,10,0,0,0,창원,17.2,0,68,,,,,,,,,
4.15,NC 다이노스,11,0,0,6,2,0,0,창원,20.2,0,67,,,,,,,,,
4.16,NC 다이노스,11,0,1,6,3,0,1,창원,20.6,0,52,,,,,,,,,
4.18,NC 다이노스,14,4,0,7,0,0,1,부산,15.6,0,86,,,,,,,,,
4.19,NC 다이노스,16,2,1,11,0,0,1,부산,18.1,0,46,,,,,,,,,
4.2,NC 다이노스,9,2,0,8,1,2,1,부산,15.7,0,54,,,,,,,,,
4.22,NC 다이노스,17,1,0,4,1,0,1,대구,16.5,0,53,,,,,,,,,
4.23,NC 다이노스,10,3,0,9,0,1,1,대구,22,0,26,,,,,,,,,
4.25,NC 다이노스,5,1,0,4,0,3,1,창원,19.1,0,83,,,,,,,,,
4.26,NC 다이노스,13,3,1,2,0,0,1,창원,15,0,85,,,,,,,,,
4.27,NC 다이노스,7,2,2,8,0,0,1,창원,17.1,0,39,,,,,,,,,
4.28,NC 다이노스,8,0,3,10,0,1,0,광주,20.8,0,28,,,,,,,,,
4.29,NC 다이노스,9,1,3,11,1,0,1,광주,23.8,0,17,,,,,,,,,
4.3,NC 다이노스,16,3,0,5,1,0,1,광주,23.7,0,47,,,,,,,,,
5.2,NC 다이노스,6,1,1,10,1,0,1,서울,23.5,0,33,,,,,,,,,
5.3,NC 다이노스,5,0,0,7,3,1,0,서울,25.9,0,25,,,,,,,,,
5.4,NC 다이노스,6,0,0,9,0,2,0,서울,23.3,0,40,,,,,,,,,
5.5,NC 다이노스,11,1,0,4,0,1,1,창원,18.1,4.1,96,,,,,,,,,
5.6,NC 다이노스,8,0,0,11,1,4,0,창원,22.9,0,16,,,,,,,,,
5.7,NC 다이노스,14,2,0,5,1,1,1,창원,26,0,17,,,,,,,,,
5.1,NC 다이노스,8,0,0,9,1,0,1,창원,20.6,0,55,,,,,,,,,
5.11,NC 다이노스,7,0,2,7,1,2,0,창원,23.9,0,66,,,,,,,,,
5.12,NC 다이노스,10,2,2,2,1,2,1,수원,19.6,0,72,,,,,,,,,
5.13,NC 다이노스,6,1,0,7,0,1,0,수원,14.7,0,90,,,,,,,,,
5.14,NC 다이노스,11,1,1,5,2,5,0,수원,16,0,55,,,,,,,,,
5.16,NC 다이노스,10,1,1,4,0,0,1,서울,21.2,0,47,,,,,,,,,
5.17,NC 다이노스,7,1,0,5,1,1,1,서울,24.1,0,34,,,,,,,,,
5.18,NC 다이노스,8,0,0,7,1,2,0,서울,24.8,0,32,,,,,,,,,
5.19,NC 다이노스,7,0,0,10,1,0,0,창원,25,0,42,,,,,,,,,
5.2,NC 다이노스,6,0,0,8,1,0,1,창원,24.3,0,41,,,,,,,,,
5.21,NC 다이노스,9,0,0,11,2,0,0,창원,23.4,0,53,,,,,,,,,
5.23,NC 다이노스,17,1,0,4,2,1,1,서울,20,0,72,,,,,,,,,
5.24,NC 다이노스,14,0,0,5,2,0,1,서울,27,0,39,,,,,,,,,
5.25,NC 다이노스,15,2,0,6,0,0,1,서울,22.2,0,29,,,,,,,,,
5.26,NC 다이노스,11,0,2,4,1,0,1,창원,21.2,0,51,,,,,,,,,
5.27,NC 다이노스,10,0,0,6,2,0,0,창원,22.2,0,43,,,,,,,,,
5.28,NC 다이노스,8,0,0,10,1,1,0,창원,22,0,54,,,,,,,,,
5.3,NC 다이노스,10,0,0,3,1,1,0,창원,27.1,0,41,,,,,,,,,
5.31,NC 다이노스,10,0,0,7,0,0,0,창원,23.3,0,76,,,,,,,,,
6.1,NC 다이노스,10,2,1,6,0,2,1,창원,25.6,0,70,,,,,,,,,
6.2,NC 다이노스,9,0,0,7,2,0,1,서울,23.5,0,32,,,,,,,,,
6.3,NC 다이노스,11,0,2,7,1,1,1,서울,23.4,0,34,,,,,,,,,
6.4,NC 다이노스,9,0,0,7,0,0,1,서울,25.6,0,21,,,,,,,,,
6.6,NC 다이노스,8,2,1,11,1,2,0,창원,16.9,0,94,,,,,,,,,
6.7,NC 다이노스,16,3,2,7,0,1,1,창원,22,0,82,,,,,,,,,
6.8,NC 다이노스,20,4,1,8,0,0,1,창원,28,0,27,,,,,,,,,
6.9,NC 다이노스,12,0,2,9,0,0,1,창원,24.6,0,59,,,,,,,,,
6.1,NC 다이노스,6,0,2,4,0,0,1,창원,22.7,0,86,,,,,,,,,
6.11,NC 다이노스,7,1,0,4,1,1,1,창원,22.2,0,54,,,,,,,,,
6.13,NC 다이노스,17,0,0,4,2,1,1,서울,22.8,0,61,,,,,,,,,
6.14,NC 다이노스,15,1,2,6,2,0,0,서울,25.2,0,46,,,,,,,,,
6.15,NC 다이노스,15,0,0,5,0,1,1,서울,27.4,0,45,,,,,,,,,
6.16,NC 다이노스,15,0,1,6,1,1,1,서울,29.1,0,49,,,,,,,,,
6.17,NC 다이노스,9,0,0,6,1,0,0,서울,26.9,0,42,,,,,,,,,
6.18,NC 다이노스,17,1,2,4,1,2,0,서울,28,0,33,,,,,,,,,
6.2,NC 다이노스,7,0,0,4,2,0,0,인천,24.9,0,42,,,,,,,,,
6.21,NC 다이노스,5,1,1,3,1,1,1,인천,23.9,0,68,,,,,,,,,
6.22,NC 다이노스,10,3,0,6,0,0,0,인천,25.3,0,64,,,,,,,,,
6.23,NC 다이노스,11,0,1,6,2,1,1,창원,24.8,0,70,,,,,,,,,
6.24,NC 다이노스,7,1,1,5,1,0,1,창원,24.1,0,84,,,,,,,,,
6.25,NC 다이노스,10,2,1,6,1,1,1,창원,22.7,0,90,,,,,,,,,
6.27,NC 다이노스,11,3,0,9,0,0,1,창원,23.2,0,80,,,,,,,,,
6.28,NC 다이노스,11,1,0,4,1,1,1,창원,24.7,0,77,,,,,,,,,
6.3,NC 다이노스,6,0,0,5,1,1,0,부산,25.4,0,80,,,,,,,,,
7.1,NC 다이노스,13,3,1,6,3,0,0,부산,26.4,0,76,,,,,,,,,
7.2,NC 다이노스,5,0,0,8,1,3,0,부산,25.7,0,86,,,,,,,,,
7.5,NC 다이노스,12,0,1,9,1,2,0,창원,25.3,0,88,,,,,,,,,
7.7,NC 다이노스,8,0,0,9,3,0,0,창원,27.2,0,94,,,,,,,,,
7.9,NC 다이노스,15,1,1,6,1,1,1,창원,28.9,0,83,,,,,,,,,
7.11,NC 다이노스,12,0,0,3,1,0,0,광주,29.4,0,83,,,,,,,,,
7.12,NC 다이노스,11,1,0,9,1,1,0,광주,32.2,0,71,,,,,,,,,
7.13,NC 다이노스,6,0,0,9,0,0,0,광주,32.7,0,57,,,,,,,,,
7.18,NC 다이노스,14,2,0,6,0,2,1,대전,28.1,0,84,,,,,,,,,
7.19,NC 다이노스,19,2,3,6,0,2,1,대전,31.8,0,66,,,,,,,,,
7.2,NC 다이노스,12,3,1,7,0,0,1,대전,33,0,69,,,,,,,,,
7.21,NC 다이노스,13,0,0,3,0,0,1,창원,31.2,0,81,,,,,,,,,
7.22,NC 다이노스,13,1,1,5,2,1,1,창원,30.7,0,73,,,,,,,,,
7.23,NC 다이노스,11,1,0,5,0,0,1,창원,30,0,87,,,,,,,,,
7.25,NC 다이노스,6,0,0,10,0,1,0,대구,25.5,0,81,,,,,,,,,
7.26,NC 다이노스,6,0,0,8,1,0,0,대구,28.1,0,40,,,,,,,,,
7.27,NC 다이노스,13,1,0,8,2,0,1,대구,32.9,0,38,,,,,,,,,
7.28,NC 다이노스,7,2,1,6,0,2,1,수원,27.2,0,97,,,,,,,,,
7.29,NC 다이노스,8,1,2,6,2,1,0,수원,29,0,72,,,,,,,,,
7.3,NC 다이노스,13,2,0,4,0,1,1,수원,29.7,0,66,,,,,,,,,
8.1,NC 다이노스,14,1,3,6,2,0,1,창원,28.5,0,86,,,,,,,,,
8.2,NC 다이노스,8,0,0,8,1,0,0,창원,28.3,0,80,,,,,,,,,
8.3,NC 다이노스,16,1,4,3,1,0,1,창원,31.3,0,69,,,,,,,,,
8.4,NC 다이노스,7,1,0,6,2,1,0,창원,33.4,0,62,,,,,,,,,
8.5,NC 다이노스,7,1,0,11,1,0,0,창원,34.3,0,57,,,,,,,,,
8.6,NC 다이노스,9,2,2,7,1,0,1,창원,35.3,0,54,,,,,,,,,
8.8,NC 다이노스,5,0,0,4,2,0,0,인천,27.7,0,77,,,,,,,,,
8.9,NC 다이노스,14,1,2,4,1,0,1,인천,29,0,64,,,,,,,,,
8.1,NC 다이노스,5,1,1,8,0,0,1,창원,30.4,0,77,,,,,,,,,
8.11,NC 다이노스,14,1,2,7,2,0,0,창원,28,0,80,,,,,,,,,
8.12,NC 다이노스,7,0,0,8,0,0,0,서울,31.4,0,48,,,,,,,,,
8.13,NC 다이노스,5,0,1,8,2,1,0,서울,28.4,0,54,,,,,,,,,
8.15,NC 다이노스,6,1,0,8,0,0,0,광주,27,0,98,,,,,,,,,
8.16,NC 다이노스,6,1,1,4,0,0,0,광주,28.9,0,70,,,,,,,,,
8.17,NC 다이노스,5,0,0,5,1,2,1,창원,27,0,90,,,,,,,,,
8.18,NC 다이노스,12,1,1,8,0,3,0,창원,27.4,0,89,,,,,,,,,
8.19,NC 다이노스,8,0,1,12,0,1,0,서울,27.9,0,67,,,,,,,,,
8.2,NC 다이노스,10,2,0,6,0,0,1,서울,23.8,1,91,,,,,,,,,
8.22,NC 다이노스,9,1,1,7,0,2,1,서울,30.9,0,53,,,,,,,,,
8.23,NC 다이노스,5,2,0,10,0,1,0,서울,28.8,0,79,,,,,,,,,
8.24,NC 다이노스,9,1,0,8,2,2,1,창원,30.9,0,80,,,,,,,,,
8.25,NC 다이노스,11,1,2,7,0,0,1,창원,28,0,85,,,,,,,,,
8.26,NC 다이노스,14,2,0,7,1,0,0,창원,27.7,0,58,,,,,,,,,
8.27,NC 다이노스,7,0,1,8,0,1,1,창원,26.6,0,64,,,,,,,,,
8.29,NC 다이노스,24,0,1,6,1,0,1,수원,21.5,0,37,,,,,,,,,
8.3,NC 다이노스,12,2,0,5,0,0,0,수원,22,0,66,,,,,,,,,
8.31,NC 다이노스,9,4,0,5,0,0,0,부산,24.3,0,52,,,,,,,,,
9.1,NC 다이노스,4,1,0,6,1,1,0,부산,23.3,0,58,,,,,,,,,
9.2,NC 다이노스,9,0,1,7,1,0,1,창원,24.9,0,61,,,,,,,,,
9.3,NC 다이노스,11,2,0,2,1,1,1,창원,24.9,0,64,,,,,,,,,
9.5,NC 다이노스,7,1,0,8,1,1,0,대구,20.8,0,95,,,,,,,,,
9.7,NC 다이노스,12,2,0,5,1,0,1,창원,23.3,0,86,,,,,,,,,
9.8,NC 다이노스,10,1,3,5,2,0,1,창원,26.3,0,69,,,,,,,,,
9.9,NC 다이노스,9,1,1,6,1,1,0,대전,25.2,0,73,,,,,,,,,
9.1,NC 다이노스,14,3,0,1,1,1,1,대전,25,0,80,,,,,,,,,
9.12,NC 다이노스,21,3,0,11,1,2,0,창원,26.1,0,75,,,,,,,,,
9.13,NC 다이노스,12,1,0,4,1,0,0,창원,24.3,0,54,,,,,,,,,
9.15,NC 다이노스,8,1,0,6,0,0,0,창원,22.3,0,54,,,,,,,,,
9.16,NC 다이노스,24,4,1,9,0,1,1,창원,23.7,0,67,,,,,,,,,
9.17,NC 다이노스,8,3,0,7,0,1,0,창원,24.5,0,73,,,,,,,,,
9.2,NC 다이노스,9,1,1,6,0,0,0,창원,22.1,0,62,,,,,,,,,
9.23,NC 다이노스,13,2,1,7,1,0,0,창원,22.9,0,75,,,,,,,,,
9.24,NC 다이노스,6,1,0,8,1,0,1,창원,23.4,0,77,,,,,,,,,
9.27,NC 다이노스,16,4,1,6,1,0,1,대구,19.3,0,97,,,,,,,,,
9.29,NC 다이노스,12,2,1,9,0,1,1,창원,18.3,0,38,,,,,,,,,
9.3,NC 다이노스,15,1,0,6,0,0,1,창원,20.9,0,58,,,,,,,,,
10.5,NC 다이노스,13,2,1,8,0,0,1,창원,18.7,0,64,,,,,,,,,
10.8,NC 다이노스,10,1,4,14,1,0,1,부산,22.5,0,79,,,,,,,,,
10.9,NC 다이노스,7,0,0,5,0,1,0,부산,22.7,0,82,,,,,,,,,
10.11,NC 다이노스,13,5,0,10,0,2,1,창원,23.7,0,80,,,,,,,,,
10.13,NC 다이노스,6,0,1,11,0,0,0,창원,17.6,0,38,,,,,,,,,
10.15,NC 다이노스,15,0,0,7,1,0,1,부산,15.8,0.5,87,,,,,,,,,
10.17,NC 다이노스,17,1,1,14,0,0,1,서울,19.8,0,44,,,,,,,,,
10.18,NC 다이노스,11,4,0,7,1,1,0,서울,16.9,0,60,,,,,,,,,
10.2,NC 다이노스,9,0,0,7,1,1,0,창원,18,0,59,,,,,,,,,
10.21,NC 다이노스,12,1,0,5,2,0,0,창원,19.6,0,54,,,,,,,,,
4.1일,NC 다이노스,7,0,1,6,0,1,0,부산,10.3,0,38,,,,,,,,,
4.3화,NC 다이노스,8,1,0,8,1,2,1,창원,7.5,0,24,,,,,,,,,
4.4수,NC 다이노스,9,2,1,8,1,1,1,창원,14.7,0,36,,,,,,,,,
4.5목,NC 다이노스,7,1,1,11,0,1,0,창원,14,0,13,,,,,,,,,
4.7토,NC 다이노스,8,1,1,11,0,1,0,서울,10.2,0,23,,,,,,,,,
4.8일,NC 다이노스,13,1,1,11,1,2,0,서울,13.7,0,50,,,,,,,,,
4.10화,NC 다이노스,5,1,2,10,0,1,0,창원,15.7,0,66,,,,,,,,,
4.11수,NC 다이노스,7,3,1,10,1,3,0,창원,19.5,0,55,,,,,,,,,
4.12목,NC 다이노스,6,1,0,8,2,1,0,창원,16.4,0,44,,,,,,,,,
4.13금,NC 다이노스,7,0,3,11,0,0,0,인천,9.5,0,69,,,,,,,,,
4.14토,NC 다이노스,3,0,0,10,1,0,0,인천,11,0,77,,,,,,,,,
4.15일,NC 다이노스,12,0,0,7,2,0,0,인천,13.8,0,52,,,,,,,,,
4.17화,NC 다이노스,9,1,0,9,2,0,1,서울,18.3,0,25,,,,,,,,,
4.18수,NC 다이노스,2,0,0,8,0,0,1,서울,19.6,0,23,,,,,,,,,
4.19목,NC 다이노스,6,1,1,9,3,1,0,서울,19.2,0,28,,,,,,,,,
4.20금,NC 다이노스,8,1,0,3,2,0,0,창원,16.9,0,61,,,,,,,,,
4.21토,NC 다이노스,5,2,1,10,0,0,0,창원,15.4,5.5,87,,,,,,,,,
4.22일,NC 다이노스,13,1,0,4,1,1,0,창원,17.5,0,58,,,,,,,,,
4.24화,NC 다이노스,5,0,0,9,1,1,0,대구,28,0,20,,,,,,,,,
4.25수,NC 다이노스,13,1,0,7,1,0,1,대구,14,0,89,,,,,,,,,
4.26목,NC 다이노스,9,0,2,5,0,0,1,대구,18.4,0,16,,,,,,,,,
4.27금,NC 다이노스,6,0,1,10,0,1,0,창원,18.4,0,30,,,,,,,,,
4.28토,NC 다이노스,10,0,0,4,0,1,1,창원,19.5,0,50,,,,,,,,,
4.29일,NC 다이노스,6,0,0,3,1,2,0,창원,18,0,76,,,,,,,,,
5.1화,NC 다이노스,9,1,0,9,1,0,0,창원,20.1,0,71,,,,,,,,,
5.2수,NC 다이노스,17,6,0,3,1,0,1,창원,14.5,0,97,,,,,,,,,
5.3목,NC 다이노스,13,1,0,8,1,0,0,창원,14.5,0,43,,,,,,,,,
5.4금,NC 다이노스,14,3,3,10,0,1,1,광주,18.6,0,21,,,,,,,,,
5.5토,NC 다이노스,8,1,0,5,0,1,0,광주,22,0,47,,,,,,,,,
5.6일,NC 다이노스,6,2,0,10,0,0,0,광주,17.6,0,99,,,,,,,,,
5.8화,NC 다이노스,9,2,0,8,0,0,1,창원,15.5,0,63,,,,,,,,,
5.9수,NC 다이노스,7,1,0,9,0,0,0,창원,14.7,0,72,,,,,,,,,
5.10목,NC 다이노스,5,0,0,10,0,0,0,창원,17.7,0,74,,,,,,,,,
5.11금,NC 다이노스,7,2,0,9,0,1,1,대전,21.7,0,31,,,,,,,,,
5.13일,NC 다이노스,5,0,0,10,0,2,0,대전,21.2,0,69,,,,,,,,,
5.15화,NC 다이노스,11,0,3,10,1,1,0,창원,22.7,0,74,,,,,,,,,
5.17목,NC 다이노스,6,0,0,12,1,1,0,창원,21.8,0.2,98,,,,,,,,,
5.18금,NC 다이노스,11,0,0,2,1,1,1,수원,17.2,0,89,,,,,,,,,
5.19토,NC 다이노스,10,0,0,9,1,0,0,수원,23.4,0,37,,,,,,,,,
5.20일,NC 다이노스,11,1,0,6,1,1,0,수원,22.3,0,28,,,,,,,,,
5.22화,NC 다이노스,7,0,0,8,0,0,0,서울,17.9,2,93,,,,,,,,,
5.23수,NC 다이노스,5,0,0,7,1,2,0,서울,21.7,0,40,,,,,,,,,
5.24목,NC 다이노스,4,0,0,14,0,0,0,서울,22.6,0,39,,,,,,,,,
5.25금,NC 다이노스,12,1,0,10,1,0,0,창원,23.4,0,39,,,,,,,,,
5.26토,NC 다이노스,11,1,2,8,0,0,1,창원,22.1,0,63,,,,,,,,,
5.27일,NC 다이노스,4,0,0,6,2,1,0,창원,22,0,72,,,,,,,,,
5.29화,NC 다이노스,9,1,0,6,1,1,0,대전,26.6,0,60,,,,,,,,,
5.30수,NC 다이노스,8,3,1,8,0,4,0,대전,24.8,0,71,,,,,,,,,
5.31목,NC 다이노스,9,1,0,11,0,2,1,대전,26,0,46,,,,,,,,,
6.1금,NC 다이노스,8,0,0,4,0,1,0,창원,22.9,0,47,,,,,,,,,
6.2토,NC 다이노스,10,2,0,7,1,0,0,창원,25.7,0,59,,,,,,,,,
6.3일,NC 다이노스,13,0,0,7,0,0,0,창원,25.1,0,59,,,,,,,,,
6.5화,NC 다이노스,5,1,0,6,1,1,0,창원,20.7,0,87,,,,,,,,,
6.6수,NC 다이노스,9,1,2,9,0,0,0,창원,24,0,63,,,,,,,,,
6.7목,NC 다이노스,9,1,1,6,1,0,1,창원,25.5,0,73,,,,,,,,,
6.8금,NC 다이노스,7,0,0,10,1,0,0,서울,26.2,0,54,,,,,,,,,
6.9토,NC 다이노스,4,0,1,7,2,0,0,서울,27.3,0,42,,,,,,,,,
6.10일,NC 다이노스,4,0,0,6,1,1,0,서울,24.1,0,53,,,,,,,,,
6.12화,NC 다이노스,6,0,3,8,0,0,1,창원,18.6,0,80,,,,,,,,,
6.13수,NC 다이노스,8,3,1,12,0,0,1,창원,19.8,0,80,,,,,,,,,
6.14목,NC 다이노스,15,2,4,11,0,1,1,창원,22.2,0,69,,,,,,,,,
6.15금,NC 다이노스,14,2,2,7,0,3,1,창원,21.7,0,56,,,,,,,,,
6.16토,NC 다이노스,10,0,1,3,2,0,1,창원,20.4,0,68,,,,,,,,,
6.17일,NC 다이노스,8,2,0,12,2,0,0,창원,24.3,0,66,,,,,,,,,
6.20수,NC 다이노스,13,0,1,4,1,0,0,광주,26.2,0,66,,,,,,,,,
6.21목,NC 다이노스,7,2,0,4,1,0,1,광주,28.9,0,27,,,,,,,,,
6.22금,NC 다이노스,1,0,0,9,0,0,0,창원,24.9,0,52,,,,,,,,,
6.23토,NC 다이노스,5,0,1,12,0,2,0,창원,25,0,66,,,,,,,,,
6.24일,NC 다이노스,11,1,0,10,0,0,0,창원,29.4,0,52,,,,,,,,,
6.26화,NC 다이노스,11,0,0,4,2,0,1,창원,24.1,0,97,,,,,,,,,
6.27수,NC 다이노스,7,1,2,6,0,2,0,창원,24,0,95,,,,,,,,,
6.28목,NC 다이노스,8,0,0,10,1,0,0,창원,21.4,0,98,,,,,,,,,
6.29금,NC 다이노스,9,0,0,8,1,1,0,수원,26.8,0,76,,,,,,,,,
6.30토,NC 다이노스,2,0,0,3,4,0,0,수원,24.6,1.2,95,,,,,,,,,
7.3화,NC 다이노스,18,1,2,8,0,1,1,서울,21,16.5,92,,,,,,,,,
7.4수,NC 다이노스,5,0,2,5,0,1,0,서울,24.9,0,76,,,,,,,,,
7.5목,NC 다이노스,13,0,0,8,0,1,1,서울,22.4,0.5,91,,,,,,,,,
7.6금,NC 다이노스,5,0,0,6,0,1,0,서울,19.9,2,88,,,,,,,,,
7.7토,NC 다이노스,12,2,0,8,3,0,0,서울,29.2,0,47,,,,,,,,,
7.8일,NC 다이노스,8,0,0,6,0,0,1,서울,28.7,0,55,,,,,,,,,
7.10화,NC 다이노스,7,1,2,7,0,1,1,창원,24.8,0,78,,,,,,,,,
7.11수,NC 다이노스,8,1,0,13,0,1,1,창원,25.5,0,90,,,,,,,,,
7.12목,NC 다이노스,6,2,0,6,0,0,1,창원,26.8,0,73,,,,,,,,,
7.17화,NC 다이노스,12,1,0,8,2,2,0,인천,25.9,0,88,,,,,,,,,
7.18수,NC 다이노스,8,0,0,8,0,1,1,인천,27,0,97,,,,,,,,,
7.19목,NC 다이노스,7,0,1,6,2,0,0,인천,22.1,0,100,,,,,,,,,
7.20금,NC 다이노스,12,0,0,9,0,0,1,창원,29.2,0,71,,,,,,,,,
7.21토,NC 다이노스,7,3,0,4,2,1,0,창원,26,0,80,,,,,,,,,
7.22일,NC 다이노스,8,0,0,3,2,1,0,창원,26.6,0,79,,,,,,,,,
7.24화,NC 다이노스,10,0,1,10,1,0,1,부산,29.6,0,64,,,,,,,,,
7.25수,NC 다이노스,12,1,0,7,0,1,1,부산,28.6,0,70,,,,,,,,,
7.26목,NC 다이노스,6,0,0,2,1,1,0,부산,30.9,0,61,,,,,,,,,
7.27금,NC 다이노스,7,0,4,10,0,1,1,창원,30.1,0,70,,,,,,,,,
7.28토,NC 다이노스,7,1,0,2,1,2,0,창원,31.3,0,65,,,,,,,,,
7.29일,NC 다이노스,6,1,0,11,1,2,1,창원,31.4,0,64,,,,,,,,,
8.1수,NC 다이노스,12,4,0,7,0,1,1,대구,34.7,0,38,,,,,,,,,
8.2목,NC 다이노스,11,0,0,7,1,1,0,대구,34,0,45,,,,,,,,,
8.4토,NC 다이노스,8,2,0,12,0,1,1,대전,32.9,0,67,,,,,,,,,
8.5일,NC 다이노스,14,3,0,11,1,2,1,대전,33.6,0,61,,,,,,,,,
8.7화,NC 다이노스,14,2,0,8,1,0,0,창원,29.5,0,77,,,,,,,,,
8.8수,NC 다이노스,14,2,0,5,0,0,1,창원,28.2,0,79,,,,,,,,,
8.9목,NC 다이노스,10,3,0,9,0,1,1,창원,28.6,0,81,,,,,,,,,
8.10금,NC 다이노스,10,2,0,7,1,2,0,창원,27,0,91,,,,,,,,,
8.11토,NC 다이노스,10,1,1,7,0,0,1,대구,27.8,0,66,,,,,,,,,
8.12일,NC 다이노스,8,1,0,10,1,1,0,대구,31.3,0,63,,,,,,,,,
8.14화,NC 다이노스,7,0,1,7,2,0,0,수원,33.7,0,53,,,,,,,,,
8.15수,NC 다이노스,19,5,1,5,2,0,1,수원,35,0,56,,,,,,,,,
8.16목,NC 다이노스,10,1,0,9,2,0,0,수원,31.5,0,47,,,,,,,,,
9.4화,NC 다이노스,6,1,0,6,2,2,0,창원,27,0,67,,,,,,,,,
9.5수,NC 다이노스,2,1,0,8,2,1,0,창원,26,0,78,,,,,,,,,
9.6목,NC 다이노스,9,2,0,7,1,2,0,서울,25.8,0,58,,,,,,,,,
9.7금,NC 다이노스,15,0,1,9,1,1,1,서울,24.4,0,34,,,,,,,,,
9.8토,NC 다이노스,11,1,0,2,1,0,1,창원,21,0,76,,,,,,,,,
9.9일,NC 다이노스,16,2,2,8,0,1,1,창원,24.5,0,62,,,,,,,,,
9.11화,NC 다이노스,11,0,3,5,4,0,1,창원,22.5,0,59,,,,,,,,,
9.12수,NC 다이노스,9,3,0,8,0,0,1,창원,24.6,0,78,,,,,,,,,
9.14금,NC 다이노스,10,1,0,6,1,0,1,창원,23.2,0,95,,,,,,,,,
9.15토,NC 다이노스,14,2,0,4,0,3,1,서울,24.2,0,76,,,,,,,,,
9.16일,NC 다이노스,5,0,1,3,1,0,0,서울,21.5,0,89,,,,,,,,,
9.18화,NC 다이노스,13,0,1,7,2,0,1,창원,24.5,0,91,,,,,,,,,
9.19수,NC 다이노스,9,0,0,6,1,2,0,창원,23.1,0,93,,,,,,,,,
9.20목,NC 다이노스,10,1,2,9,1,0,0,광주,21.8,0.2,99,,,,,,,,,
9.21금,NC 다이노스,10,0,0,8,2,2,0,광주,21.4,0,98,,,,,,,,,
9.22토,NC 다이노스,14,3,0,10,0,0,0,창원,22.6,0,86,,,,,,,,,
9.23일,NC 다이노스,4,1,1,7,1,1,1,창원,23.4,0,66,,,,,,,,,
9.25화,NC 다이노스,13,3,0,11,0,1,0,부산,20.1,0,59,,,,,,,,,
9.26수,NC 다이노스,7,1,0,6,0,1,0,부산,19.9,0,63,,,,,,,,,
9.27목,NC 다이노스,9,3,0,5,1,2,0,인천,21.9,0,46,,,,,,,,,
9.28금,NC 다이노스,7,1,0,6,4,1,0,인천,20.3,0,59,,,,,,,,,
9.29토,NC 다이노스,11,0,2,6,0,1,0,서울,24.8,0,41,,,,,,,,,
9.30일,NC 다이노스,5,2,0,9,0,0,0,서울,18.3,0,34,,,,,,,,,
10.2화,NC 다이노스,16,0,1,4,1,0,1,광주,19.3,0,58,,,,,,,,,
10.6토,NC 다이노스,5,2,0,8,1,0,1,창원,21.5,0,79,,,,,,,,,
10.7일,NC 다이노스,9,0,0,6,0,1,0,창원,21.4,0,82,,,,,,,,,
10.12금,NC 다이노스,8,0,0,6,1,1,0,서울,14.3,0,46,,,,,,,,,
10.13토,NC 다이노스,8,3,0,11,0,1,0,대전,15.4,0,62,,,,,,,,,
4.2화,NC 다이노스,11,0,4,6,2,1,0,창원,10.4,0,39,,,,,,,,,
4.3수,NC 다이노스,19,2,1,9,0,0,1,창원,10.9,0,34,,,,,,,,,
4.4목,NC 다이노스,6,2,1,7,0,1,0,창원,13.2,0,38,,,,,,,,,
4.5금,NC 다이노스,10,4,0,3,1,0,1,서울,15,0,15,,,,,,,,,
4.6토,NC 다이노스,9,0,0,6,1,0,1,서울,9.9,0.1,42,,,,,,,,,
4.7일,NC 다이노스,12,0,0,5,1,0,1,서울,17.6,0,18,,,,,,,,,
4.10수,NC 다이노스,8,0,0,6,2,1,0,광주,8.6,0,87,,,,,,,,,
4.11목,NC 다이노스,12,0,0,9,1,0,1,광주,12.9,0,54,,,,,,,,,
4.12금,NC 다이노스,6,1,0,10,0,0,1,창원,13.6,0,43,,,,,,,,,
4.13토,NC 다이노스,12,1,0,6,1,0,1,창원,15.8,0,24,,,,,,,,,
4.14일,NC 다이노스,10,2,0,5,2,1,1,창원,15.5,0,37,,,,,,,,,
4.16화,NC 다이노스,6,0,0,7,1,0,0,창원,18.1,0,25,,,,,,,,,
4.17수,NC 다이노스,10,0,0,11,3,1,0,창원,19.8,0,34,,,,,,,,,
4.18목,NC 다이노스,8,0,0,10,2,4,0,창원,17.2,0,61,,,,,,,,,
4.19금,NC 다이노스,21,3,0,7,1,2,1,인천,18,0,42,,,,,,,,,
4.20토,NC 다이노스,10,1,0,7,0,0,0,인천,14.1,0,77,,,,,,,,,
4.21일,NC 다이노스,7,0,1,8,3,0,0,인천,14.7,0,77,,,,,,,,,
4.23화,NC 다이노스,9,0,0,2,1,0,1,수원,20.1,0,61,,,,,,,,,
4.24수,NC 다이노스,12,3,0,5,0,1,1,수원,19.5,0,61,,,,,,,,,
4.27토,NC 다이노스,22,2,1,8,0,1,1,창원,12.7,0,56,,,,,,,,,
4.28일,NC 다이노스,11,2,1,9,1,0,1,창원,13.8,0,48,,,,,,,,,
4.30화,NC 다이노스,4,0,1,10,1,1,0,부산,16.1,0,82,,,,,,,,,
5.1수,NC 다이노스,18,1,0,4,2,2,1,부산,18.9,0,58,,,,,,,,,
5.2목,NC 다이노스,12,2,1,9,0,4,1,부산,18.3,0,59,,,,,,,,,
5.3금,NC 다이노스,9,3,0,11,1,1,0,창원,19.8,0,44,,,,,,,,,
5.4토,NC 다이노스,8,1,2,6,0,0,1,창원,20.8,0,33,,,,,,,,,
5.5일,NC 다이노스,17,0,0,5,1,1,1,창원,21.8,0,35,,,,,,,,,
5.7화,NC 다이노스,7,2,0,7,0,2,0,대구,21.9,0,15,,,,,,,,,
5.8수,NC 다이노스,2,0,0,4,0,0,0,대구,22.2,0,17,,,,,,,,,
5.9목,NC 다이노스,10,0,0,8,1,0,0,대구,24.1,0,19,,,,,,,,,
5.10금,NC 다이노스,17,3,1,2,0,0,1,창원,20.8,0,26,,,,,,,,,
5.11토,NC 다이노스,7,0,0,10,1,1,0,창원,21.7,0,25,,,,,,,,,
5.12일,NC 다이노스,7,1,0,6,1,0,0,창원,22,0,38,,,,,,,,,
5.14화,NC 다이노스,15,2,1,6,0,0,1,창원,20.7,0.1,73,,,,,,,,,
5.15수,NC 다이노스,7,1,0,10,1,0,0,창원,22.8,0,48,,,,,,,,,
5.16목,NC 다이노스,10,0,1,5,1,0,1,창원,22.9,0,52,,,,,,,,,
5.17금,NC 다이노스,16,1,2,3,0,0,1,서울,27,0,35,,,,,,,,,
5.18토,NC 다이노스,14,1,3,7,1,1,1,서울,25,0,40,,,,,,,,,
5.21화,NC 다이노스,7,0,1,4,2,0,1,서울,21,0,33,,,,,,,,,
5.22수,NC 다이노스,11,0,1,10,1,3,0,서울,23.6,0,30,,,,,,,,,
5.23목,NC 다이노스,14,0,1,6,1,0,1,서울,28.2,0,19,,,,,,,,,
5.24금,NC 다이노스,6,0,2,5,1,0,0,창원,25.3,0,50,,,,,,,,,
5.25토,NC 다이노스,17,2,0,0,2,1,1,창원,26.6,0,35,,,,,,,,,
5.26일,NC 다이노스,4,0,0,5,0,0,0,창원,23,0,67,,,,,,,,,
5.28화,NC 다이노스,10,0,0,11,0,1,0,창원,19.8,0,54,,,,,,,,,
5.29수,NC 다이노스,14,2,0,4,2,2,1,창원,27.7,0,26,,,,,,,,,
5.30목,NC 다이노스,8,0,0,7,1,1,0,창원,23.4,0,40,,,,,,,,,
5.31금,NC 다이노스,7,0,1,6,0,0,0,서울,21.2,0,44,,,,,,,,,
6.1토,NC 다이노스,8,0,0,2,2,1,0,서울,23.1,0,47,,,,,,,,,
6.2일,NC 다이노스,6,2,1,5,0,0,1,서울,25.2,0,22,,,,,,,,,
6.4화,NC 다이노스,6,1,0,8,2,1,0,대구,32.8,0,25,,,,,,,,,
6.5수,NC 다이노스,11,1,0,10,1,1,0,대구,34.1,0,17,,,,,,,,,
6.6목,NC 다이노스,4,0,0,7,0,0,0,대구,27.2,0,55,,,,,,,,,
6.7금,NC 다이노스,7,1,0,10,0,0,1,창원,19.9,0,84,,,,,,,,,
6.8토,NC 다이노스,15,0,0,4,0,0,1,창원,19.2,0,75,,,,,,,,,
6.9일,NC 다이노스,9,0,1,8,1,0,1,창원,20.4,0,67,,,,,,,,,
6.11화,NC 다이노스,16,0,1,8,0,1,0,창원,19.5,0,68,,,,,,,,,
6.12수,NC 다이노스,7,1,2,5,0,0,0,창원,19.4,0,71,,,,,,,,,
6.13목,NC 다이노스,4,0,0,6,0,0,1,창원,21.8,0,52,,,,,,,,,
6.14금,NC 다이노스,8,2,0,9,0,2,0,인천,24.1,0,54,,,,,,,,,
6.15토,NC 다이노스,4,0,0,12,0,2,0,인천,24.9,0,52,,,,,,,,,
6.16일,NC 다이노스,4,1,0,3,1,4,0,인천,22.1,0,61,,,,,,,,,
6.18화,NC 다이노스,11,0,2,4,1,1,0,서울,22.8,0,69,,,,,,,,,
6.19수,NC 다이노스,5,0,2,5,0,0,0,서울,23.1,0,74,,,,,,,,,
6.20목,NC 다이노스,7,1,0,10,0,0,0,서울,24.9,0,59,,,,,,,,,
6.21금,NC 다이노스,2,0,0,3,0,1,0,수원,24.3,0,73,,,,,,,,,
6.22토,NC 다이노스,14,1,0,4,2,1,1,수원,28.4,0,47,,,,,,,,,
6.23일,NC 다이노스,12,0,0,7,1,0,0,수원,27.4,0,46,,,,,,,,,
6.25화,NC 다이노스,7,0,1,7,2,1,0,창원,25.1,0,46,,,,,,,,,
6.27목,NC 다이노스,14,1,0,3,1,0,1,창원,25.5,0,83,,,,,,,,,
6.28금,NC 다이노스,7,1,0,4,3,2,0,창원,23.4,0,75,,,,,,,,,
6.30일,NC 다이노스,13,2,0,4,2,0,1,창원,25.8,0,76,,,,,,,,,
7.2화,NC 다이노스,7,2,0,7,1,1,0,광주,26.7,0,62,,,,,,,,,
7.3수,NC 다이노스,7,0,3,4,0,0,1,광주,26.5,0,57,,,,,,,,,
7.4목,NC 다이노스,20,1,1,3,2,0,1,광주,29.3,0,54,,,,,,,,,
7.5금,NC 다이노스,7,1,2,4,0,0,1,창원,24.2,0,69,,,,,,,,,
7.7일,NC 다이노스,8,0,0,11,1,0,0,창원,24.3,0,62,,,,,,,,,
7.9화,NC 다이노스,6,0,0,6,2,0,0,부산,23.2,0,65,,,,,,,,,
7.11목,NC 다이노스,10,1,0,6,2,0,1,부산,25.2,0,75,,,,,,,,,
7.12금,NC 다이노스,10,2,0,4,0,0,1,창원,26,0,64,,,,,,,,,
7.13토,NC 다이노스,9,1,0,5,0,4,0,창원,23.1,0,76,,,,,,,,,
7.14일,NC 다이노스,9,0,2,3,0,1,0,창원,23.4,0,73,,,,,,,,,
7.16화,NC 다이노스,9,0,2,2,2,1,1,대전,28.4,1.1,73,,,,,,,,,
7.17수,NC 다이노스,21,2,0,11,1,0,1,대전,28.1,0,70,,,,,,,,,
7.18목,NC 다이노스,8,0,2,9,0,0,1,대전,28.3,0,72,,,,,,,,,
7.26금,NC 다이노스,6,1,1,6,2,1,0,서울,25.7,0,93,,,,,,,,,
7.27토,NC 다이노스,8,0,1,3,4,0,0,서울,30.6,0,69,,,,,,,,,
7.28일,NC 다이노스,15,1,0,8,3,2,1,서울,25.6,1.8,92,,,,,,,,,
7.30화,NC 다이노스,7,0,1,9,0,0,0,창원,28.8,0,76,,,,,,,,,
7.31수,NC 다이노스,13,2,0,3,2,2,1,창원,30,0,69,,,,,,,,,
8.1목,NC 다이노스,7,0,1,9,0,1,0,창원,30.8,0,66,,,,,,,,,
8.3토,NC 다이노스,3,0,0,8,1,0,0,광주,32.1,0,55,,,,,,,,,
8.4일,NC 다이노스,2,0,1,7,0,0,0,광주,32.5,0,59,,,,,,,,,
8.7수,NC 다이노스,6,2,0,5,1,0,1,창원,29.9,0,69,,,,,,,,,
8.8목,NC 다이노스,13,1,0,2,0,1,1,창원,31.6,0,57,,,,,,,,,
8.9금,NC 다이노스,6,1,1,6,2,2,0,창원,30.8,0,63,,,,,,,,,
8.10토,NC 다이노스,9,0,0,5,1,0,1,창원,31.2,0,51,,,,,,,,,
8.11일,NC 다이노스,13,3,2,6,2,0,1,창원,28.9,0,69,,,,,,,,,
8.13화,NC 다이노스,18,3,0,4,1,0,1,대전,31.8,0,75,,,,,,,,,
8.14수,NC 다이노스,4,1,0,8,0,2,0,대전,32.5,0,63,,,,,,,,,
8.15목,NC 다이노스,8,0,1,3,0,0,0,서울,25.2,0.5,89,,,,,,,,,
8.16금,NC 다이노스,10,0,1,4,1,0,0,서울,28.6,0,61,,,,,,,,,
8.17토,NC 다이노스,10,2,2,2,0,0,1,창원,28.5,0,69,,,,,,,,,
8.18일,NC 다이노스,11,0,0,4,2,0,1,창원,29.1,0,67,,,,,,,,,
8.20화,NC 다이노스,8,1,0,2,1,0,1,창원,28.8,0,61,,,,,,,,,
8.22목,NC 다이노스,9,1,1,10,0,2,1,서울,28.7,0,60,,,,,,,,,
8.23금,NC 다이노스,8,1,0,5,1,0,0,서울,28.4,0,51,,,,,,,,,
8.24토,NC 다이노스,15,1,2,6,2,0,1,부산,26.6,0,60,,,,,,,,,
8.25일,NC 다이노스,9,0,0,5,1,0,0,부산,25.3,0,71,,,,,,,,,
8.27화,NC 다이노스,6,0,0,4,0,0,1,창원,23.4,0,88,,,,,,,,,
8.28수,NC 다이노스,7,0,0,4,0,0,0,창원,24.2,0.2,92,,,,,,,,,
8.29목,NC 다이노스,10,1,0,5,1,0,1,창원,22.3,0,87,,,,,,,,,
8.30금,NC 다이노스,9,1,0,2,0,2,0,창원,25.5,0,66,,,,,,,,,
8.31토,NC 다이노스,12,0,1,7,2,0,0,창원,26.2,0,65,,,,,,,,,
9.1일,NC 다이노스,10,0,1,2,2,0,1,창원,22.5,0.6,93,,,,,,,,,
9.3화,NC 다이노스,5,0,0,9,0,2,0,인천,26,0,66,,,,,,,,,
9.5목,NC 다이노스,4,0,1,5,1,0,0,창원,27,0,78,,,,,,,,,
9.6금,NC 다이노스,8,2,2,7,1,1,1,창원,28.3,0,69,,,,,,,,,
9.7토,NC 다이노스,11,4,0,4,0,0,1,대구,28.2,0,63,,,,,,,,,
9.8일,NC 다이노스,10,1,0,5,0,0,0,대구,28.1,0,63,,,,,,,,,
9.11수,NC 다이노스,9,1,0,6,0,0,1,서울,26.4,0,61,,,,,,,,,
9.12목,NC 다이노스,13,0,3,5,1,0,1,수원,17.8,12.8,99,,,,,,,,,
9.13금,NC 다이노스,11,1,0,7,2,0,1,수원,27,0,58,,,,,,,,,
9.14토,NC 다이노스,13,1,1,3,0,1,1,창원,24.6,0,67,,,,,,,,,
9.15일,NC 다이노스,8,2,0,5,0,0,1,창원,26.2,0,66,,,,,,,,,
9.17화,NC 다이노스,3,1,0,7,0,1,0,광주,26.8,0,27,,,,,,,,,
9.18수,NC 다이노스,9,3,1,7,1,0,1,인천,20.9,0,34,,,,,,,,,
9.19목,NC 다이노스,6,1,1,5,0,0,1,창원,21,0,62,,,,,,,,,
9.23월,NC 다이노스,8,1,1,8,1,0,1,부산,17.6,0,98,,,,,,,,,
9.25수,NC 다이노스,9,0,2,7,0,1,0,창원,21.3,0,68,,,,,,,,,
9.26목,NC 다이노스,13,0,0,4,3,1,0,창원,23.9,0,64,,,,,,,,,
9.27금,NC 다이노스,8,0,1,11,0,0,1,서울,24.7,0,51,,,,,,,,,
9.28토,NC 다이노스,10,1,2,4,0,0,0,수원,24.9,0,69,,,,,,,,,
10.1화,NC 다이노스,17,0,1,7,1,3,0,서울,26.6,0,59,,,,,,,,,
10.3목,NC 다이노스,5,1,1,3,0,1,0,서울,25,0,59,,,,,,,,,
