day_text,team_text,H_text,HR_text,S_text,ST_text,DU_text,ER_text,result_text,location,temp,rain,humidity,,,행 레이블,평균 : temp
4.7,삼성 라이온즈,8,1,0,4,0,0,0,대구,14.6,0,16,,,5-15,12.3
4.8,삼성 라이온즈,9,0,3,6,1,0,0,대구,22.4,0,14,,,15-25,21.2
4.11,삼성 라이온즈,1,0,1,11,0,1,0,광주,11.8,0,71,,,25-35,28.7
4.12,삼성 라이온즈,12,0,0,4,0,1,1,광주,14.5,0,32,,,35-45,35.6
4.13,삼성 라이온즈,7,0,2,4,1,0,1,서울,11.6,0,50,,,총합계,24.6
4.14,삼성 라이온즈,7,0,1,2,0,1,1,대구,22.5,0,18,,,,
4.15,삼성 라이온즈,14,1,2,4,1,0,0,대구,24.8,0,16,,,,
4.17,삼성 라이온즈,5,0,1,5,0,0,0,서울,18.3,0,25,,,,
4.18,삼성 라이온즈,6,0,1,9,0,0,0,서울,19.6,0,23,,,,
4.19,삼성 라이온즈,3,2,1,9,1,0,0,서울,19.2,0,28,,,,
4.2,삼성 라이온즈,11,3,2,6,0,1,1,대전,19.5,0,45,,,,
4.22,삼성 라이온즈,9,2,2,3,1,0,1,대전,10.6,0,78,,,,
4.24,삼성 라이온즈,6,0,3,6,0,0,0,대구,28,0,20,,,,
4.26,삼성 라이온즈,9,2,2,2,0,0,1,대구,18.4,0,16,,,,
4.27,삼성 라이온즈,5,2,0,4,0,2,0,인천,17,0,25,,,,
4.28,삼성 라이온즈,13,1,1,9,2,2,0,인천,16.8,0,54,,,,
4.29,삼성 라이온즈,12,1,2,6,0,1,1,인천,20.9,0,54,,,,
5.2,삼성 라이온즈,6,0,0,8,1,0,0,대구,18,0,89,,,,
5.3,삼성 라이온즈,10,0,2,8,1,0,1,대구,18.6,0.3,82,,,,
5.4,삼성 라이온즈,3,0,1,5,1,0,0,대구,28,0,24,,,,
5.5,삼성 라이온즈,11,0,1,5,0,0,1,대구,27.5,0,16,,,,
5.6,삼성 라이온즈,7,0,4,3,1,1,0,대구,24.9,0,15,,,,
5.8,삼성 라이온즈,11,0,0,10,1,0,1,부산,20.4,0,77,,,,
5.9,삼성 라이온즈,11,0,1,2,1,1,1,부산,18.1,0,71,,,,
5.11,삼성 라이온즈,15,0,1,4,1,0,1,서울,17.7,0,53,,,,
5.12,삼성 라이온즈,6,0,0,7,1,1,0,서울,19.5,0,51,,,,
5.13,삼성 라이온즈,9,0,0,5,2,0,1,서울,23.2,0,39,,,,
5.15,삼성 라이온즈,10,0,3,2,2,1,1,대구,24.2,0,24,,,,
5.16,삼성 라이온즈,10,0,0,3,0,1,0,대구,25.2,0,31,,,,
5.17,삼성 라이온즈,10,1,0,5,1,1,1,대구,16.9,0,52,,,,
5.18,삼성 라이온즈,13,1,4,9,0,0,0,서울,22,0,31,,,,
5.19,삼성 라이온즈,6,1,0,10,1,0,0,서울,23.6,0,21,,,,
5.2,삼성 라이온즈,9,0,1,6,1,0,0,서울,25.3,0,35,,,,
5.22,삼성 라이온즈,9,1,1,5,1,1,1,대구,26.3,0,25,,,,
5.23,삼성 라이온즈,11,0,0,4,0,0,0,대구,29.6,0,21,,,,
5.24,삼성 라이온즈,9,1,0,7,1,0,1,대구,20.6,0,80,,,,
5.25,삼성 라이온즈,9,1,1,5,0,0,1,대구,26.6,0,30,,,,
5.26,삼성 라이온즈,7,0,2,4,0,0,0,대구,28,0,12,,,,
5.27,삼성 라이온즈,5,0,0,8,1,0,0,대구,28.5,0,24,,,,
5.29,삼성 라이온즈,12,1,0,2,0,0,1,대전,27.4,0,18,,,,
5.3,삼성 라이온즈,7,1,2,11,0,1,1,대전,20.2,0,69,,,,
5.31,삼성 라이온즈,7,1,0,15,0,0,1,대전,26.2,0,42,,,,
6.1,삼성 라이온즈,3,0,1,9,0,0,0,대구,23.4,0,52,,,,
6.2,삼성 라이온즈,13,4,1,0,0,1,1,대구,23.7,0,48,,,,
6.3,삼성 라이온즈,6,0,0,5,0,3,0,대구,28.6,0,30,,,,
6.5,삼성 라이온즈,13,1,0,0,2,0,1,광주,26.4,0,56,,,,
6.6,삼성 라이온즈,15,2,1,6,0,0,1,광주,23.9,0,65,,,,
6.7,삼성 라이온즈,8,0,2,6,0,1,0,광주,28.6,0,41,,,,
6.8,삼성 라이온즈,6,1,2,9,2,1,0,인천,22.6,0,74,,,,
6.9,삼성 라이온즈,12,0,2,5,2,1,1,인천,25.3,0,62,,,,
6.1,삼성 라이온즈,13,1,0,4,0,1,0,인천,24.2,0,78,,,,
6.12,삼성 라이온즈,11,1,1,5,0,1,1,대구,25.1,0,52,,,,
6.13,삼성 라이온즈,12,1,1,3,0,0,1,대구,23.7,0,54,,,,
6.14,삼성 라이온즈,16,3,0,3,2,0,1,대구,22.5,0,57,,,,
6.15,삼성 라이온즈,6,0,0,7,0,0,0,서울,25,0,51,,,,
6.16,삼성 라이온즈,13,1,2,3,2,1,1,서울,24.5,0,60,,,,
6.17,삼성 라이온즈,4,1,2,9,1,2,0,서울,27.5,0,31,,,,
6.19,삼성 라이온즈,11,0,0,3,0,0,1,대구,26.1,0,50,,,,
6.21,삼성 라이온즈,13,0,0,9,1,0,1,대구,26.1,0,49,,,,
6.22,삼성 라이온즈,4,1,0,10,2,0,1,서울,25.9,0,51,,,,
6.23,삼성 라이온즈,12,1,2,7,0,2,1,서울,28.9,0,47,,,,
6.24,삼성 라이온즈,13,0,1,8,0,1,0,서울,31.4,0,37,,,,
6.26,삼성 라이온즈,10,0,1,3,0,0,1,대구,21.8,0,63,,,,
6.27,삼성 라이온즈,6,0,1,5,1,0,0,대구,20.9,0,72,,,,
6.28,삼성 라이온즈,7,0,1,7,0,1,1,대구,25.4,0,57,,,,
6.29,삼성 라이온즈,8,1,0,9,0,0,1,대구,28.1,0,49,,,,
7.1일,삼성 라이온즈,6,0,1,5,0,0,1,대구,28.6,0,46,,,,
7.3화,삼성 라이온즈,15,0,1,9,1,0,1,서울,21,16.5,92,,,,
7.4수,삼성 라이온즈,7,0,0,6,0,0,1,서울,24.9,0,76,,,,
7.7토,삼성 라이온즈,5,0,0,5,0,1,0,부산,22.8,0,67,,,,
7.8일,삼성 라이온즈,12,1,0,6,0,0,1,부산,23.7,0,69,,,,
7.10화,삼성 라이온즈,7,0,0,11,1,0,1,대구,27.3,0,49,,,,
7.12목,삼성 라이온즈,7,2,0,8,1,1,1,대구,30.3,0,52,,,,
7.15일,삼성 라이온즈,13,4,0,5,0,2,1,대구,27.8,0,76,,,,
7.18수,삼성 라이온즈,16,2,0,6,0,1,1,대전,28.8,0,78,,,,
7.19목,삼성 라이온즈,15,0,2,10,0,0,1,대전,26.9,0,82,,,,
7.24화,삼성 라이온즈,10,1,2,5,0,1,0,대구,33.9,0,45,,,,
7.25수,삼성 라이온즈,9,2,1,2,1,0,1,대구,34.7,0,44,,,,
7.26목,삼성 라이온즈,12,0,1,5,1,0,1,대구,34.3,0,45,,,,
7.27금,삼성 라이온즈,11,0,3,4,0,1,1,서울,30.1,0,59,,,,
7.28토,삼성 라이온즈,6,2,3,10,1,0,1,서울,31.4,0,55,,,,
7.29일,삼성 라이온즈,9,4,0,6,0,0,1,서울,31.7,0,57,,,,
7.31화,삼성 라이온즈,6,1,2,2,1,0,0,대구,36.3,0,31,,,,
8.1,삼성 라이온즈,6,0,0,4,2,2,0,대구,31.4,0,0,,,,
8.2,삼성 라이온즈,7,0,0,7,0,0,0,대구,32.5,0,0,,,,
8.3,삼성 라이온즈,10,0,2,7,0,0,0,부산,30.6,0,0,,,,
8.4,삼성 라이온즈,11,3,0,6,1,1,1,부산,30.9,0,0,,,,
8.5,삼성 라이온즈,7,0,0,4,2,0,0,부산,31.8,0,0,,,,
8.7,삼성 라이온즈,8,0,1,9,1,0,0,인천,27.9,7.7,7.7,,,,
8.8,삼성 라이온즈,12,3,2,7,1,0,1,인천,31.2,0,0,,,,
8.9,삼성 라이온즈,5,0,0,6,1,0,0,인천,29.1,0,0,,,,
8.1,삼성 라이온즈,4,0,0,8,0,0,0,대구,25.8,2.5,2.5,,,,
8.11,삼성 라이온즈,11,2,1,3,1,0,1,대구,32.5,0,0,,,,
8.12,삼성 라이온즈,8,0,0,3,1,2,1,대구,25.9,10.5,10.5,,,,
8.14,삼성 라이온즈,10,1,1,5,0,0,1,대구,26.6,0,0,,,,
8.15,삼성 라이온즈,4,0,1,9,0,0,0,대구,31.8,0,0,,,,
8.17,삼성 라이온즈,7,0,0,1,0,0,1,서울,29.3,0,0,,,,
8.18,삼성 라이온즈,10,1,1,2,3,0,1,서울,27.6,0,0,,,,
8.19,삼성 라이온즈,20,2,0,6,1,5,1,서울,28.5,0,0,,,,
8.21,삼성 라이온즈,5,1,0,10,0,1,0,대구,30.6,0,0,,,,
8.24,삼성 라이온즈,12,0,0,5,0,0,1,서울,24.9,0,0,,,,
8.25,삼성 라이온즈,13,0,1,7,1,1,1,서울,28.2,0,0,,,,
8.26,삼성 라이온즈,18,0,0,5,1,0,1,서울,31.6,0,0,,,,
8.29,삼성 라이온즈,6,1,0,7,2,0,1,광주,26.8,0.1,0.1,,,,
8.31,삼성 라이온즈,9,0,1,3,3,0,0,대구,26,0,0,,,,
9.1토,삼성 라이온즈,10,2,1,4,1,1,1,대구,26.8,0,57,,,,
9.2일,삼성 라이온즈,8,2,2,8,3,0,1,대구,28.7,0,44,,,,
9.4화,삼성 라이온즈,12,0,0,7,1,3,0,대구,28.3,0,65,,,,
9.5수,삼성 라이온즈,4,0,1,9,0,0,1,대구,28.4,0,50,,,,
9.8토,삼성 라이온즈,7,1,2,15,0,1,0,대구,26.9,0,60,,,,
9.10월,삼성 라이온즈,13,1,2,8,1,1,1,대구,22,0,72,,,,
9.11화,삼성 라이온즈,6,0,1,9,1,0,0,대전,24.8,0,56,,,,
9.12수,삼성 라이온즈,6,0,1,12,1,0,0,대전,24.1,0,80,,,,
9.15토,삼성 라이온즈,7,1,2,7,1,1,1,대구,21.2,0,72,,,,
9.18화,삼성 라이온즈,8,0,1,8,1,0,1,대구,24.9,0,48,,,,
9.19수,삼성 라이온즈,9,0,1,9,2,0,0,대전,22.2,0,63,,,,
9.20목,삼성 라이온즈,7,0,0,10,0,0,1,광주,22.9,0,58,,,,
9.21금,삼성 라이온즈,13,1,2,6,0,1,1,광주,22.1,0,66,,,,
9.22토,삼성 라이온즈,9,0,1,2,0,1,1,대구,23.8,0,55,,,,
9.24월,삼성 라이온즈,7,0,0,11,0,1,1,대구,23.1,0,49,,,,
9.25화,삼성 라이온즈,6,0,1,6,2,1,0,대구,22.4,0,48,,,,
9.26수,삼성 라이온즈,2,0,0,13,0,0,0,대구,22,0,58,,,,
9.27목,삼성 라이온즈,11,0,1,2,3,0,1,부산,21.8,0,63,,,,
9.28금,삼성 라이온즈,13,0,1,4,0,0,1,대구,24.1,0,47,,,,
9.30일,삼성 라이온즈,13,1,1,4,0,0,1,서울,18.5,0,53,,,,
10.1월,삼성 라이온즈,17,2,0,4,0,0,1,서울,20.9,0,58,,,,
10.2화,삼성 라이온즈,8,0,1,3,0,0,1,서울,22.2,0,53,,,,
10.3수,삼성 라이온즈,8,0,1,8,2,1,1,대구,20.2,0,50,,,,
10.4목,삼성 라이온즈,6,0,0,5,0,0,1,대구,23.1,0,29,,,,
10.5금,삼성 라이온즈,4,0,0,8,1,0,0,광주,20.5,0,62,,,,
10.6토,삼성 라이온즈,11,0,1,4,1,0,1,광주,20.7,0,49,,,,
10.24수,삼성 라이온즈,5,1,0,6,0,1,1,대구,15.9,0,48,,,,
10.25목,삼성 라이온즈,7,1,0,9,0,0,1,대구,18.7,0,42,,,,
10.28일,삼성 라이온즈,8,1,0,6,0,3,0,인천,14.1,0,78,,,,
10.29월,삼성 라이온즈,8,0,0,9,0,0,0,인천,12,0,61,,,,
4.5금,삼성 라이온즈,14,1,0,3,1,0,1,창원,14.6,0,62,,,,
4.7일,삼성 라이온즈,7,0,2,5,0,0,1,창원,10.1,0,33,,,,
4.9화,삼성 라이온즈,13,0,1,1,0,1,1,대전,8.5,0,34,,,,
4.10수,삼성 라이온즈,5,2,2,10,0,0,1,대전,8.9,0,33,,,,
4.11목,삼성 라이온즈,15,0,0,5,0,3,1,대전,9.8,0,28,,,,
4.12금,삼성 라이온즈,6,0,2,9,1,0,0,대구,12.2,0,23,,,,
4.13토,삼성 라이온즈,19,3,1,8,0,1,1,대구,18.9,0,21,,,,
4.14일,삼성 라이온즈,19,2,0,7,1,0,1,대구,17.6,0,13,,,,
4.16화,삼성 라이온즈,7,0,0,6,1,0,0,인천,10.1,0,99,,,,
4.17수,삼성 라이온즈,10,1,1,6,0,1,1,인천,16.1,0,73,,,,
4.18목,삼성 라이온즈,13,0,2,4,4,0,0,인천,12.6,0,36,,,,
4.19금,삼성 라이온즈,12,2,3,4,1,0,0,부산,10.4,0,44,,,,
4.21일,삼성 라이온즈,10,0,0,9,1,1,1,부산,12.8,0,51,,,,
4.24수,삼성 라이온즈,7,0,2,9,1,0,1,대구,20.7,0,24,,,,
4.25목,삼성 라이온즈,6,0,2,9,0,0,1,대구,16.8,0,49,,,,
4.26금,삼성 라이온즈,9,0,0,8,1,0,1,대구,18.1,0,19,,,,
4.27토,삼성 라이온즈,5,0,1,11,0,1,0,대구,16.3,0,33,,,,
4.28일,삼성 라이온즈,8,0,1,2,0,0,1,대구,21.6,0,37,,,,
4.30화,삼성 라이온즈,4,0,0,6,1,0,0,서울,16.1,0,36,,,,
5.1수,삼성 라이온즈,11,1,0,7,0,0,0,대구,14.2,0,48,,,,
5.2목,삼성 라이온즈,9,0,4,4,2,0,0,대구,16.4,0,55,,,,
5.3금,삼성 라이온즈,14,2,0,4,2,1,1,부산,14.5,0,71,,,,
5.4토,삼성 라이온즈,9,1,0,4,1,0,1,부산,16.3,0,60,,,,
5.5일,삼성 라이온즈,11,2,1,5,2,0,1,부산,20.4,0,37,,,,
5.10금,삼성 라이온즈,4,0,2,10,0,1,1,대구,21.9,0,64,,,,
5.11토,삼성 라이온즈,10,2,0,8,0,1,1,대구,26.3,0,21,,,,
5.12일,삼성 라이온즈,11,0,2,7,0,0,1,대구,29.2,0,25,,,,
5.14화,삼성 라이온즈,13,0,2,10,1,1,1,서울,23,0,44,,,,
5.15수,삼성 라이온즈,14,1,2,4,1,0,1,서울,21.9,0,48,,,,
5.16목,삼성 라이온즈,2,0,0,7,1,3,0,서울,27.5,0,24,,,,
5.17금,삼성 라이온즈,8,0,0,6,3,1,1,창원,17.6,0,58,,,,
5.18토,삼성 라이온즈,9,0,1,6,0,1,1,창원,21,0,57,,,,
5.19일,삼성 라이온즈,12,2,1,11,0,0,1,창원,19.4,0,84,,,,
5.21화,삼성 라이온즈,9,1,0,13,1,1,1,대구,28.8,0,13,,,,
5.22수,삼성 라이온즈,3,1,1,7,1,0,0,대구,29.3,0,34,,,,
5.23목,삼성 라이온즈,8,0,1,6,1,0,0,대구,28.1,0,34,,,,
5.24금,삼성 라이온즈,10,1,3,7,0,1,1,대전,27.4,0,43,,,,
5.25토,삼성 라이온즈,7,0,2,6,0,1,1,대전,30,0,40,,,,
5.26일,삼성 라이온즈,8,0,0,9,1,0,0,대전,26,0,57,,,,
5.30목,삼성 라이온즈,8,1,2,5,1,1,1,인천,19,0,65,,,,
5.31금,삼성 라이온즈,3,0,1,6,0,0,0,대구,26.2,0,25,,,,
6.1토,삼성 라이온즈,6,0,2,5,0,0,0,대구,25.8,0,39,,,,
6.2일,삼성 라이온즈,10,2,1,6,1,1,1,대구,24.9,0,43,,,,
6.4화,삼성 라이온즈,9,0,0,7,2,0,0,서울,27,0,45,,,,
6.6목,삼성 라이온즈,7,1,0,6,2,1,0,서울,28.7,0,36,,,,
6.7금,삼성 라이온즈,5,1,2,7,2,0,1,대구,27.5,0,40,,,,
6.8토,삼성 라이온즈,9,1,2,6,0,0,1,대구,25.8,0,50,,,,
6.9일,삼성 라이온즈,8,1,2,7,0,1,1,대구,24.9,0,52,,,,
6.14금,삼성 라이온즈,16,2,1,6,1,0,1,창원,21.8,0,88,,,,
6.15토,삼성 라이온즈,10,1,0,4,1,2,0,창원,26.7,0,69,,,,
6.19수,삼성 라이온즈,8,0,0,8,0,0,0,인천,24.6,0,78,,,,
6.20목,삼성 라이온즈,12,2,0,3,1,0,1,인천,25.2,0,72,,,,
6.21금,삼성 라이온즈,8,0,2,12,0,1,0,대구,25.2,0,72,,,,
6.22토,삼성 라이온즈,11,4,0,6,0,1,1,대구,26.6,0,61,,,,
6.23일,삼성 라이온즈,8,0,0,8,1,2,0,대구,24.5,0,64,,,,
6.26수,삼성 라이온즈,5,0,1,6,1,1,0,대전,27.7,0,71,,,,
6.28금,삼성 라이온즈,9,3,2,12,0,1,1,대구,28.4,0,47,,,,
6.29토,삼성 라이온즈,7,2,0,5,1,0,1,대구,30,0,47,,,,
6.30일,삼성 라이온즈,14,2,1,1,1,0,1,대구,29.9,0,44,,,,
7.2화,삼성 라이온즈,9,0,0,6,0,1,1,부산,24.9,0,91,,,,
7.3수,삼성 라이온즈,6,1,0,9,0,2,0,부산,24.5,0,80,,,,
7.5금,삼성 라이온즈,10,2,1,3,1,2,0,서울,29.1,0,60,,,,
7.6토,삼성 라이온즈,8,2,0,3,1,1,0,서울,29.2,0,57,,,,
7.7일,삼성 라이온즈,18,0,0,6,1,0,1,서울,25,0,82,,,,
7.9화,삼성 라이온즈,4,2,0,8,0,3,0,대구,32.2,0,52,,,,
7.10수,삼성 라이온즈,10,1,0,5,1,0,1,대구,33.7,0,46,,,,
7.11목,삼성 라이온즈,10,0,2,6,1,1,0,대구,33.8,0,45,,,,
7.12금,삼성 라이온즈,13,2,2,7,0,0,1,대구,31.2,0,53,,,,
7.13토,삼성 라이온즈,7,1,0,6,0,2,1,대구,29.9,0,69,,,,
7.23화,삼성 라이온즈,9,1,0,4,1,0,1,대구,29.9,0,67,,,,
7.24수,삼성 라이온즈,9,1,0,5,1,1,1,대구,32,0,53,,,,
7.25목,삼성 라이온즈,10,1,2,6,0,0,1,대구,32.9,0,37,,,,
7.26금,삼성 라이온즈,15,2,3,4,1,1,1,대구,32.8,0,38,,,,
7.27토,삼성 라이온즈,15,1,0,5,3,1,1,대구,31.7,0,40,,,,
7.28일,삼성 라이온즈,9,0,0,8,2,1,0,대구,29,0,74,,,,
7.30화,삼성 라이온즈,16,1,0,11,1,0,1,광주,28.5,0,77,,,,
7.31수,삼성 라이온즈,16,2,1,8,0,1,1,광주,30.2,0,67,,,,
8.1목,삼성 라이온즈,17,0,2,3,1,0,1,광주,31.1,0,67,,,,
8.2금,삼성 라이온즈,7,0,0,8,0,0,0,서울,28.7,0,81,,,,
8.3토,삼성 라이온즈,9,1,1,10,2,0,1,서울,30.8,0,63,,,,
8.4일,삼성 라이온즈,10,0,1,7,0,2,0,서울,29.8,0,66,,,,
8.8목,삼성 라이온즈,16,3,0,3,2,0,1,대구,36,0,43,,,,
8.9금,삼성 라이온즈,5,0,0,6,2,0,0,대구,35.9,0,46,,,,
8.10토,삼성 라이온즈,12,2,0,9,1,0,1,광주,34.7,0,46,,,,
8.11일,삼성 라이온즈,8,1,0,10,0,2,0,광주,33.9,0,54,,,,
8.13화,삼성 라이온즈,15,0,0,7,1,1,0,대구,34.4,0,46,,,,
8.14수,삼성 라이온즈,12,2,2,7,1,0,1,대구,34.7,0,39,,,,
8.15목,삼성 라이온즈,6,1,0,7,1,0,0,창원,30.7,0,54,,,,
8.16금,삼성 라이온즈,5,0,0,8,0,1,0,창원,31.3,0,49,,,,
8.17토,삼성 라이온즈,11,0,0,3,2,0,1,대구,34.6,0,33,,,,
8.18일,삼성 라이온즈,11,1,0,6,1,0,0,대구,35.7,0,35,,,,
8.20화,삼성 라이온즈,12,0,0,7,1,1,0,대구,30.6,0,57,,,,
8.21수,삼성 라이온즈,13,3,0,6,0,0,1,대구,31.3,0,60,,,,
8.22목,삼성 라이온즈,6,3,0,8,0,0,1,대구,29.6,0,84,,,,
8.23금,삼성 라이온즈,7,0,1,8,0,2,0,대구,26.6,0,89,,,,
8.25일,삼성 라이온즈,11,0,0,5,0,0,1,부산,27,0,59,,,,
8.27화,삼성 라이온즈,5,1,0,4,0,1,1,대구,30.5,0,43,,,,
8.28수,삼성 라이온즈,5,0,0,3,1,2,0,대구,30.8,0,38,,,,
8.29목,삼성 라이온즈,4,1,1,5,1,0,0,인천,26,0,98,,,,
8.30금,삼성 라이온즈,9,0,1,10,0,0,1,인천,24.7,0,80,,,,
9.1일,삼성 라이온즈,7,0,0,3,1,2,0,서울,26.9,0,35,,,,
9.3화,삼성 라이온즈,7,0,1,7,1,0,0,대구,22.9,0,61,,,,
9.4수,삼성 라이온즈,12,0,1,6,0,0,0,대구,24.6,0,46,,,,
9.7토,삼성 라이온즈,16,0,0,2,2,1,1,서울,25.8,0,44,,,,
9.8일,삼성 라이온즈,7,1,0,8,1,0,0,서울,26.1,0,42,,,,
9.11수,삼성 라이온즈,10,3,0,10,0,0,1,서울,20.7,0,90,,,,
9.12목,삼성 라이온즈,2,0,0,8,0,0,0,대구,22.1,0,89,,,,
9.13금,삼성 라이온즈,11,1,0,5,0,0,1,대구,30.3,0,53,,,,
9.14토,삼성 라이온즈,5,1,2,5,0,0,0,대전,23.7,0,86,,,,
9.15일,삼성 라이온즈,15,0,0,4,2,0,1,대전,24.8,0,77,,,,
9.17화,삼성 라이온즈,10,0,0,4,1,3,1,대구,28.5,0,31,,,,
9.18수,삼성 라이온즈,11,2,0,6,1,0,1,대구,26.8,0,46,,,,
9.19목,삼성 라이온즈,13,2,0,6,2,0,1,서울,28.1,0,48,,,,
9.21토,삼성 라이온즈,14,0,2,8,0,0,1,서울,25.7,0,62,,,,
9.23월,삼성 라이온즈,5,1,1,5,0,0,1,대구,26,0,45,,,,
9.24화,삼성 라이온즈,11,2,1,4,1,0,1,인천,21.5,0,98,,,,
9.25수,삼성 라이온즈,11,1,0,11,1,0,1,인천,20.3,0,49,,,,
9.26목,삼성 라이온즈,7,2,0,6,1,0,0,인천,20,0,50,,,,
9.27금,삼성 라이온즈,8,0,2,5,0,2,0,대구,23.9,0,27,,,,
9.29일,삼성 라이온즈,9,1,0,6,0,0,0,서울,19,0,83,,,,
9.30월,삼성 라이온즈,13,4,0,5,2,0,1,대전,23,0,86,,,,
10.1화,삼성 라이온즈,14,0,0,3,2,1,1,대전,24.3,0,74,,,,
10.2수,삼성 라이온즈,13,0,1,3,0,3,1,부산,23.1,0,61,,,,
10.3목,삼성 라이온즈,11,3,1,10,0,0,0,부산,20.7,0,54,,,,
10.24목,삼성 라이온즈,6,1,1,9,2,0,0,대구,19.5,0,49,,,,
10.25금,삼성 라이온즈,7,0,2,8,0,2,0,대구,15.2,0,32,,,,
10.27일,삼성 라이온즈,7,0,1,3,3,0,1,서울,14.4,0,46,,,,
10.28월,삼성 라이온즈,4,0,1,12,0,1,0,서울,14.5,0,56,,,,
4.1화,삼성 라이온즈,10,2,0,6,0,0,1,대전,21.4,0,25,,,,
4.2수,삼성 라이온즈,10,1,2,2,1,2,0,대전,22.1,0,29,,,,
4.4금,삼성 라이온즈,8,0,0,5,2,0,0,부산,11.2,0,46,,,,
4.5토,삼성 라이온즈,11,1,0,6,0,0,0,부산,12.2,0,49,,,,
4.6일,삼성 라이온즈,10,2,0,9,1,0,1,부산,11.7,0,46,,,,
4.11금,삼성 라이온즈,7,0,2,9,0,1,0,대구,15.7,0,45,,,,
4.12토,삼성 라이온즈,11,1,0,6,0,0,0,대구,15.7,0,58,,,,
4.13일,삼성 라이온즈,15,0,6,3,0,0,1,대구,16.8,0,32,,,,
4.15화,삼성 라이온즈,3,1,0,5,1,2,0,대구,25,0,27,,,,
4.16수,삼성 라이온즈,4,0,0,10,0,1,0,대구,25.2,0,20,,,,
4.18금,삼성 라이온즈,12,3,2,9,1,1,1,창원,15.4,0,69,,,,
4.19토,삼성 라이온즈,4,0,0,10,0,0,0,창원,14,0,43,,,,
4.20일,삼성 라이온즈,12,0,1,5,2,0,1,창원,14.1,0,61,,,,
4.22화,삼성 라이온즈,12,1,3,5,0,1,1,대구,20.7,0,26,,,,
4.23수,삼성 라이온즈,11,1,3,1,0,2,1,대구,24.5,0,12,,,,
4.24목,삼성 라이온즈,15,2,3,4,1,0,1,대구,24.3,0,16,,,,
4.25금,삼성 라이온즈,19,3,0,4,1,0,1,서울,23.1,0,22,,,,
4.26토,삼성 라이온즈,7,1,0,6,1,1,0,서울,20.6,0,35,,,,
4.27일,삼성 라이온즈,6,0,0,14,1,1,1,서울,16.9,0,70,,,,
5.3토,삼성 라이온즈,8,0,0,6,0,1,0,대구,21.6,0,15,,,,
5.4일,삼성 라이온즈,9,0,3,2,1,0,1,대구,20,0,28,,,,
5.5월,삼성 라이온즈,5,0,2,6,1,0,1,대구,17.9,0,15,,,,
5.6화,삼성 라이온즈,14,0,2,5,0,1,1,인천,13.4,0,43,,,,
5.7수,삼성 라이온즈,6,0,0,8,0,0,1,인천,16.6,0,55,,,,
5.8목,삼성 라이온즈,6,2,1,7,0,0,1,인천,14.7,0,86,,,,
5.9금,삼성 라이온즈,17,4,0,1,0,0,1,서울,23,0,31,,,,
5.10토,삼성 라이온즈,5,0,1,4,2,2,0,서울,25.8,0,35,,,,
5.11일,삼성 라이온즈,3,0,1,4,0,1,0,서울,21.1,0.3,59,,,,
5.13화,삼성 라이온즈,13,2,4,2,0,0,1,대구,29.3,0,20,,,,
5.14수,삼성 라이온즈,11,0,1,5,1,1,1,대구,21.7,0,48,,,,
5.16금,삼성 라이온즈,6,2,1,5,1,0,1,광주,23.3,0,40,,,,
5.17토,삼성 라이온즈,18,3,0,6,2,3,1,광주,25.3,0,22,,,,
5.18일,삼성 라이온즈,16,1,2,6,0,0,1,광주,24.9,0,34,,,,
5.20화,삼성 라이온즈,9,1,0,2,0,2,1,대구,22.7,0,50,,,,
5.21수,삼성 라이온즈,7,3,2,4,0,0,1,대구,25.8,0,30,,,,
5.22목,삼성 라이온즈,9,2,1,6,1,2,1,대구,22.2,0,53,,,,
5.23금,삼성 라이온즈,11,2,1,5,0,1,1,대구,24.8,0,49,,,,
5.24토,삼성 라이온즈,7,3,3,4,0,0,1,대구,28.9,0,41,,,,
5.25일,삼성 라이온즈,23,2,0,7,2,0,1,대구,22,0,60,,,,
5.27화,삼성 라이온즈,8,0,0,9,1,0,0,서울,27,0,40,,,,
5.28수,삼성 라이온즈,12,1,1,1,1,0,1,서울,26.9,0,59,,,,
5.29목,삼성 라이온즈,8,1,4,5,2,0,1,서울,28.7,0,33,,,,
6.3화,삼성 라이온즈,9,0,2,3,1,1,1,대구,21,0,78,,,,
6.4수,삼성 라이온즈,13,3,4,6,1,1,1,대구,22.6,0,61,,,,
6.5목,삼성 라이온즈,17,1,4,6,0,2,0,대구,21,0,81,,,,
6.6금,삼성 라이온즈,6,0,2,2,0,1,0,대전,27.6,0,54,,,,
6.7토,삼성 라이온즈,11,1,0,2,0,0,1,대전,25.4,0,69,,,,
6.8일,삼성 라이온즈,13,0,0,1,1,0,1,대전,25.4,0,67,,,,
6.12목,삼성 라이온즈,11,1,0,7,0,1,0,서울,21.9,0,74,,,,
6.13금,삼성 라이온즈,8,3,1,12,1,1,0,대구,25.7,0,48,,,,
6.14토,삼성 라이온즈,13,1,2,6,0,2,1,대구,30.4,0,24,,,,
6.15일,삼성 라이온즈,8,1,1,4,1,0,1,대구,30.6,0,24,,,,
6.17화,삼성 라이온즈,12,5,1,6,0,0,1,인천,25.8,0,75,,,,
6.18수,삼성 라이온즈,10,2,0,4,4,0,1,인천,23.9,0,85,,,,
6.19목,삼성 라이온즈,12,2,2,6,1,2,1,인천,21.3,0,99,,,,
6.20금,삼성 라이온즈,16,4,1,9,0,1,1,창원,23.7,0,70,,,,
6.22일,삼성 라이온즈,5,2,1,3,1,0,1,창원,22.4,0,67,,,,
6.24화,삼성 라이온즈,11,0,2,2,0,1,0,대구,28.2,0,37,,,,
6.25수,삼성 라이온즈,20,1,1,4,1,0,1,대구,29.5,0,38,,,,
6.26목,삼성 라이온즈,12,2,2,7,2,0,0,대구,30.5,0,35,,,,
6.27금,삼성 라이온즈,6,2,1,6,0,1,0,대구,31.7,0,32,,,,
6.28토,삼성 라이온즈,17,3,1,4,0,0,1,대구,31.3,0,25,,,,
6.29일,삼성 라이온즈,13,3,0,4,1,1,1,대구,28.5,0,39,,,,
7.4금,삼성 라이온즈,7,1,3,11,0,0,0,서울,31.6,0,41,,,,
7.5토,삼성 라이온즈,8,1,3,5,2,1,1,서울,27.4,0,66,,,,
7.6일,삼성 라이온즈,9,1,0,6,0,1,1,서울,28.1,0,52,,,,
7.8화,삼성 라이온즈,6,1,0,5,1,1,1,대구,25.9,0.5,94,,,,
7.9수,삼성 라이온즈,9,1,1,4,0,0,1,대구,28.8,0,72,,,,
7.10목,삼성 라이온즈,6,0,1,4,2,1,0,대구,33.4,0,42,,,,
7.11금,삼성 라이온즈,16,0,0,6,1,0,1,대구,33.1,0,29,,,,
7.12토,삼성 라이온즈,14,5,0,7,1,0,0,대구,30.1,0,40,,,,
7.13일,삼성 라이온즈,5,0,0,7,0,0,0,대구,29.6,0,47,,,,
7.15화,삼성 라이온즈,5,1,0,2,1,1,0,서울,29.5,0,59,,,,
7.16수,삼성 라이온즈,10,0,0,4,0,0,0,서울,31.2,0,46,,,,
7.22화,삼성 라이온즈,4,2,1,4,0,0,1,부산,26.3,0,82,,,,
7.23수,삼성 라이온즈,18,4,0,8,1,0,1,부산,28.8,0,77,,,,
7.24목,삼성 라이온즈,17,3,0,5,1,0,1,부산,29.1,0,83,,,,
7.25금,삼성 라이온즈,13,0,1,7,0,0,1,대구,31.8,0,54,,,,
7.26토,삼성 라이온즈,5,1,1,5,0,0,1,대구,31.1,0,40,,,,
7.27일,삼성 라이온즈,9,0,0,5,0,0,1,대구,28.9,0,44,,,,
7.29화,삼성 라이온즈,15,1,1,8,0,0,0,대구,31.5,0,50,,,,
7.30수,삼성 라이온즈,15,0,3,4,2,0,1,대구,33.7,0,44,,,,
7.31목,삼성 라이온즈,9,1,2,10,0,0,1,대구,25,10.5,89,,,,
8.1금,삼성 라이온즈,12,1,4,5,0,1,1,광주,29.1,0,59,,,,
8.5화,삼성 라이온즈,19,5,1,8,1,0,1,대전,29.8,0,74,,,,
8.6수,삼성 라이온즈,11,1,3,12,0,1,0,대전,27.6,0,85,,,,
8.8금,삼성 라이온즈,18,2,0,5,1,1,1,대구,23.6,0,80,,,,
8.9토,삼성 라이온즈,13,0,0,8,0,0,1,서울,29.1,0,38,,,,
8.11월,삼성 라이온즈,11,2,1,10,1,0,1,서울,26.9,0,68,,,,
8.14목,삼성 라이온즈,12,0,1,8,2,0,1,인천,22.1,0,94,,,,
8.15금,삼성 라이온즈,7,3,2,7,1,1,0,인천,26,0,94,,,,
8.16토,삼성 라이온즈,16,1,2,5,0,0,1,대구,27.9,0,60,,,,
8.21목,삼성 라이온즈,8,1,3,3,0,0,1,대구,29.2,0,51,,,,
8.22금,삼성 라이온즈,8,3,2,12,0,0,0,대구,29.9,0,45,,,,
8.23토,삼성 라이온즈,13,2,3,4,3,2,1,대구,30.3,0,35,,,,
8.24일,삼성 라이온즈,12,3,0,5,1,1,0,대구,27.4,0,66,,,,
8.26화,삼성 라이온즈,16,1,5,9,1,2,1,부산,24.9,0,91,,,,
8.27수,삼성 라이온즈,9,0,1,3,1,1,0,부산,22.7,0,78,,,,
8.28목,삼성 라이온즈,13,0,4,9,0,0,0,서울,28.8,0,53,,,,
8.29금,삼성 라이온즈,3,1,1,1,2,0,0,서울,27.3,0,62,,,,
8.30토,삼성 라이온즈,9,1,2,6,0,2,0,대구,24.4,0,45,,,,
8.31일,삼성 라이온즈,4,0,0,6,1,0,0,대구,24.1,0,54,,,,
9.4목,삼성 라이온즈,12,1,2,5,0,0,1,대구,27.7,0,46,,,,
9.5금,삼성 라이온즈,8,2,1,4,0,0,1,대구,29.5,0,35,,,,
9.9화,삼성 라이온즈,12,0,1,10,1,0,0,창원,26,0,71,,,,
9.10수,삼성 라이온즈,6,1,1,6,1,0,1,창원,25,0,76,,,,
9.11목,삼성 라이온즈,13,0,1,9,0,0,1,대구,26,0,50,,,,
9.12금,삼성 라이온즈,19,6,0,6,1,0,1,대구,24.3,0,59,,,,
9.13토,삼성 라이온즈,9,0,0,7,2,1,0,서울,27,0,45,,,,
9.14일,삼성 라이온즈,8,0,0,9,2,1,0,서울,25.3,0,56,,,,
10.1수,삼성 라이온즈,7,1,2,7,0,0,1,대구,21.1,0,62,,,,
10.4토,삼성 라이온즈,17,0,4,4,1,1,1,광주,20.6,0,47,,,,
10.5일,삼성 라이온즈,11,0,0,4,0,1,1,광주,20.9,0,45,,,,
10.6월,삼성 라이온즈,6,0,3,6,0,4,0,대구,20.6,0,34,,,,
10.7화,삼성 라이온즈,8,1,2,7,0,3,0,서울,18.3,0,46,,,,
10.8수,삼성 라이온즈,9,0,1,10,0,0,0,서울,20.3,0,54,,,,
10.9목,삼성 라이온즈,9,2,0,3,1,0,0,대구,22,0,45,,,,
10.11토,삼성 라이온즈,6,2,0,4,1,0,0,광주,22.8,0,45,,,,
10.12일,삼성 라이온즈,12,0,2,7,0,0,1,광주,16.7,0.5,85,,,,
10.13월,삼성 라이온즈,28,4,0,6,2,0,1,대전,17.6,0,61,,,,
10.14화,삼성 라이온즈,2,1,1,12,0,0,0,창원,17.1,0,55,,,,
10.15수,삼성 라이온즈,6,1,0,4,1,3,1,대구,18.8,0,52,,,,
10.16목,삼성 라이온즈,11,0,1,9,2,1,0,대구,17.4,0,14,,,,
4.1수,삼성 라이온즈,9,1,1,4,1,2,1,수원,15,0,54,,,,
4.3금,삼성 라이온즈,9,2,0,3,1,1,1,서울,14.1,0,63,,,,
4.4토,삼성 라이온즈,1,1,1,11,1,1,0,서울,16,0,46,,,,
4.5일,삼성 라이온즈,4,0,2,8,1,2,0,서울,10.8,0,85,,,,
4.7화,삼성 라이온즈,8,1,2,9,0,0,1,대구,8.7,0,67,,,,
4.8수,삼성 라이온즈,5,1,1,8,0,1,1,대구,10.5,0,57,,,,
4.9목,삼성 라이온즈,11,3,2,5,0,0,1,대구,15.5,0,43,,,,
4.10금,삼성 라이온즈,12,3,1,10,0,0,1,대구,15.5,0,37,,,,
4.11토,삼성 라이온즈,10,2,2,7,1,1,1,대구,18.1,0,28,,,,
4.12일,삼성 라이온즈,9,2,0,8,0,1,0,대구,13.6,0,57,,,,
4.14화,삼성 라이온즈,11,1,0,5,1,1,0,대전,10.7,0,71,,,,
4.15수,삼성 라이온즈,14,2,3,9,1,2,1,대전,16.9,0,54,,,,
4.17금,삼성 라이온즈,8,1,4,6,0,0,1,대구,20.3,0,20,,,,
4.18토,삼성 라이온즈,8,1,1,3,0,0,1,대구,21.2,0,23,,,,
4.21화,삼성 라이온즈,10,1,0,3,3,2,1,창원,15.5,0,59,,,,
4.22수,삼성 라이온즈,9,2,0,8,0,0,1,창원,19.3,0,36,,,,
4.23목,삼성 라이온즈,15,1,2,7,0,1,1,창원,17.9,0,32,,,,
4.24금,삼성 라이온즈,6,1,1,9,2,0,0,부산,17.1,0,67,,,,
4.25토,삼성 라이온즈,14,3,0,5,0,0,0,부산,18.6,0,41,,,,
4.26일,삼성 라이온즈,3,0,0,6,1,0,0,부산,17.8,0,61,,,,
4.28화,삼성 라이온즈,7,2,1,6,1,0,0,대구,21.2,0,66,,,,
4.29수,삼성 라이온즈,10,2,0,3,0,0,1,대구,15.4,0,88,,,,
4.30목,삼성 라이온즈,14,3,5,6,2,1,1,대구,22.7,0,57,,,,
5.1금,삼성 라이온즈,14,2,1,4,2,0,1,대구,27.2,0,38,,,,
5.2토,삼성 라이온즈,8,0,1,7,0,0,1,대구,25.8,0,46,,,,
5.5화,삼성 라이온즈,8,0,2,4,1,0,0,서울,17.4,0,25,,,,
5.6수,삼성 라이온즈,10,2,1,6,1,0,1,서울,19.6,0,19,,,,
5.7목,삼성 라이온즈,16,3,0,7,2,0,1,서울,16.8,0,20,,,,
5.8금,삼성 라이온즈,3,0,1,9,0,0,0,인천,15.3,0,94,,,,
5.9토,삼성 라이온즈,6,0,1,6,0,0,1,인천,17.1,0,84,,,,
5.10일,삼성 라이온즈,7,2,2,6,0,2,0,인천,20.7,0,33,,,,
5.12화,삼성 라이온즈,12,1,0,7,2,1,0,대구,21.7,0,32,,,,
5.13수,삼성 라이온즈,7,1,1,3,1,0,1,대구,27.2,0,22,,,,
5.14목,삼성 라이온즈,10,3,3,11,0,1,0,대구,28.4,0,45,,,,
5.15금,삼성 라이온즈,11,1,1,8,0,1,0,대구,25.5,0,62,,,,
5.16토,삼성 라이온즈,12,1,0,6,0,0,1,대구,26.4,0,24,,,,
5.17일,삼성 라이온즈,3,0,0,8,1,2,0,대구,26.2,0,19,,,,
5.20수,삼성 라이온즈,24,4,1,6,1,0,1,서울,20.9,0,38,,,,
5.21목,삼성 라이온즈,9,1,2,3,1,1,1,서울,21.3,0,37,,,,
5.22금,삼성 라이온즈,15,1,2,3,1,0,1,광주,24.4,0,32,,,,
5.23토,삼성 라이온즈,7,0,0,10,0,0,0,광주,24.8,0,28,,,,
5.24일,삼성 라이온즈,8,0,0,2,3,1,0,광주,25.2,0,27,,,,
5.26화,삼성 라이온즈,10,0,0,8,1,1,1,대구,33.4,0,16,,,,
5.27수,삼성 라이온즈,11,0,2,9,1,0,0,대구,32.1,0,20,,,,
5.28목,삼성 라이온즈,8,2,0,3,0,0,0,대구,30,0,31,,,,
5.29금,삼성 라이온즈,9,3,3,8,1,0,1,서울,26.4,0,29,,,,
5.30토,삼성 라이온즈,9,1,1,5,2,0,1,서울,22.8,0,59,,,,
5.31일,삼성 라이온즈,9,0,0,4,1,1,1,서울,27.4,0,33,,,,
6.2화,삼성 라이온즈,17,1,1,5,1,0,1,대구,25.6,0,45,,,,
6.3수,삼성 라이온즈,11,4,0,6,2,0,1,대구,28.7,0,24,,,,
6.4목,삼성 라이온즈,9,0,1,8,0,0,1,대구,28.4,0,26,,,,
6.5금,삼성 라이온즈,12,2,0,6,1,0,1,창원,16.3,0,81,,,,
6.6토,삼성 라이온즈,10,2,0,10,0,1,0,창원,19.5,0,59,,,,
6.7일,삼성 라이온즈,7,0,0,7,2,2,0,창원,21,0,61,,,,
6.9화,삼성 라이온즈,2,0,0,7,0,0,0,대구,29.5,0,31,,,,
6.10수,삼성 라이온즈,5,1,1,9,0,0,0,대구,30.5,0,34,,,,
6.11목,삼성 라이온즈,8,0,2,10,0,1,0,대구,23.9,0,66,,,,
6.12금,삼성 라이온즈,15,3,0,5,0,0,1,광주,29.4,0,25,,,,
6.13토,삼성 라이온즈,10,2,1,10,2,0,0,광주,25.1,0,58,,,,
6.16화,삼성 라이온즈,16,0,0,8,1,0,0,대구,25.7,0,66,,,,
6.17수,삼성 라이온즈,12,2,0,10,0,1,1,대구,23.5,0,59,,,,
6.18목,삼성 라이온즈,8,1,0,2,2,1,0,대구,23.4,0,66,,,,
6.19금,삼성 라이온즈,10,1,2,8,2,2,1,인천,26.3,0,70,,,,
6.21일,삼성 라이온즈,12,1,0,9,2,1,1,인천,25.2,0,65,,,,
6.23화,삼성 라이온즈,21,2,0,7,2,0,1,부산,23.1,0,76,,,,
6.24수,삼성 라이온즈,19,3,0,10,0,3,0,부산,23.1,0,73,,,,
6.26금,삼성 라이온즈,13,0,0,8,0,0,1,대구,24,0,74,,,,
6.27토,삼성 라이온즈,11,1,6,5,0,0,1,대구,22.4,0,67,,,,
6.28일,삼성 라이온즈,6,1,1,7,2,0,0,대구,24.2,0,65,,,,
7.1수,삼성 라이온즈,14,2,3,3,0,3,1,서울,25.9,0,53,,,,
7.2목,삼성 라이온즈,10,0,0,6,1,1,0,서울,27.2,0,33,,,,
7.3금,삼성 라이온즈,17,1,1,4,2,1,1,대구,27.8,0,32,,,,
7.4토,삼성 라이온즈,12,2,0,5,0,0,1,대구,23.8,0,59,,,,
7.5일,삼성 라이온즈,14,2,2,2,1,1,1,대구,25.4,0,58,,,,
7.9목,삼성 라이온즈,12,0,1,8,1,0,1,대구,21.6,0,87,,,,
7.10금,삼성 라이온즈,10,1,0,4,1,2,0,수원,32.7,0,52,,,,
7.11토,삼성 라이온즈,12,0,0,3,1,0,0,수원,32,0,57,,,,
7.14화,삼성 라이온즈,12,1,0,8,0,1,0,대구,30.6,0,55,,,,
7.15수,삼성 라이온즈,8,0,1,9,1,3,1,대구,27.6,0,56,,,,
7.16목,삼성 라이온즈,19,2,1,6,0,2,1,대구,23.5,0,59,,,,
7.21화,삼성 라이온즈,8,0,0,6,0,0,0,대구,27.1,0,80,,,,
7.22수,삼성 라이온즈,19,1,0,3,1,1,1,대구,30,0,63,,,,
7.23목,삼성 라이온즈,7,0,0,10,0,1,0,대구,29.2,0,66,,,,
7.24금,삼성 라이온즈,11,1,1,6,1,0,1,대전,26.4,0,96,,,,
7.25토,삼성 라이온즈,4,0,1,6,0,2,0,대전,28.7,0,76,,,,
7.26일,삼성 라이온즈,12,2,1,6,1,0,1,대전,32.7,0,54,,,,
7.28화,삼성 라이온즈,6,0,1,4,2,0,1,대구,32.4,0,52,,,,
7.29수,삼성 라이온즈,10,2,4,2,0,1,1,대구,31.5,0,67,,,,
7.30목,삼성 라이온즈,10,5,1,8,0,1,1,대구,35.8,0,44,,,,
7.31금,삼성 라이온즈,17,0,0,5,1,1,1,서울,29,0,70,,,,
8.1토,삼성 라이온즈,11,2,3,6,0,2,1,서울,29.9,0,69,,,,
8.2일,삼성 라이온즈,7,1,1,5,1,0,0,서울,28.8,0,75,,,,
8.4화,삼성 라이온즈,11,1,2,7,1,0,1,수원,29.1,0,75,,,,
8.5수,삼성 라이온즈,16,1,4,3,2,1,1,수원,31.4,0,69,,,,
8.6목,삼성 라이온즈,17,3,1,12,0,0,1,대구,35.3,0,37,,,,
8.7금,삼성 라이온즈,19,1,2,8,0,0,1,대구,28.8,1.5,81,,,,
8.9일,삼성 라이온즈,7,1,2,5,2,0,1,대구,31.8,0,52,,,,
8.10월,삼성 라이온즈,7,1,2,11,0,2,0,대구,31,0,49,,,,
8.11화,삼성 라이온즈,4,0,2,5,0,2,0,서울,28.6,0,60,,,,
8.12수,삼성 라이온즈,7,2,0,7,0,0,1,서울,31.1,0,53,,,,
8.13목,삼성 라이온즈,13,0,0,6,0,0,1,광주,28.3,0,61,,,,
8.14금,삼성 라이온즈,6,1,1,10,0,1,0,광주,30.3,0,55,,,,
8.15토,삼성 라이온즈,8,0,4,6,0,0,1,대구,30.4,0,58,,,,
8.16일,삼성 라이온즈,7,0,1,8,1,0,1,대구,27.3,0,69,,,,
8.18화,삼성 라이온즈,15,0,1,7,1,0,1,서울,31.4,0,51,,,,
8.19수,삼성 라이온즈,12,0,0,9,0,0,1,서울,28.4,0,69,,,,
8.21금,삼성 라이온즈,12,0,0,8,0,0,0,대구,27.7,0,62,,,,
8.22토,삼성 라이온즈,18,1,0,3,1,1,1,대구,28,0,62,,,,
8.23일,삼성 라이온즈,7,0,0,10,2,2,0,대구,28.5,0,67,,,,
8.26수,삼성 라이온즈,13,1,3,9,1,2,0,대전,26.5,0,59,,,,
8.27목,삼성 라이온즈,8,1,2,4,1,1,1,대구,26.3,0,68,,,,
8.28금,삼성 라이온즈,8,3,3,12,1,0,0,대구,22.8,0,86,,,,
8.29토,삼성 라이온즈,8,1,1,10,1,2,0,대구,27.1,0,59,,,,
8.30일,삼성 라이온즈,19,4,2,5,0,0,1,대구,26.7,0,64,,,,
9.1화,삼성 라이온즈,15,1,2,6,0,1,1,창원,24.2,0,83,,,,
9.2수,삼성 라이온즈,15,3,0,2,0,0,1,창원,24.5,0,83,,,,
9.3목,삼성 라이온즈,14,3,0,10,2,0,1,인천,25.7,0,93,,,,
9.4금,삼성 라이온즈,5,1,0,6,2,3,0,인천,26.2,0,75,,,,
9.5토,삼성 라이온즈,2,0,0,7,1,1,0,대구,22,0,89,,,,
9.6일,삼성 라이온즈,10,2,3,7,0,1,1,대구,19.9,0,89,,,,
9.8화,삼성 라이온즈,13,1,0,5,1,1,1,대구,22.8,0,52,,,,
9.9수,삼성 라이온즈,12,1,1,5,1,0,1,대구,26.4,0,35,,,,
9.10목,삼성 라이온즈,7,1,0,6,0,0,0,부산,22.9,0,68,,,,
9.11금,삼성 라이온즈,14,3,1,6,0,0,1,부산,24.1,0,80,,,,
9.12토,삼성 라이온즈,5,1,0,5,0,0,0,서울,21.5,0,44,,,,
9.13일,삼성 라이온즈,12,1,3,4,0,1,1,서울,23.5,0,40,,,,
9.15화,삼성 라이온즈,11,1,0,9,0,1,0,대구,21.1,0,53,,,,
9.16수,삼성 라이온즈,8,2,3,7,1,2,0,대구,20.6,0,68,,,,
9.17목,삼성 라이온즈,17,2,0,1,1,0,1,대구,18.3,0.5,95,,,,
9.18금,삼성 라이온즈,15,2,2,5,1,1,1,대구,22.2,0,68,,,,
9.20일,삼성 라이온즈,17,4,0,7,0,0,1,부산,22.1,0,68,,,,
9.22화,삼성 라이온즈,6,1,0,12,0,0,1,대구,24,0,61,,,,
9.23수,삼성 라이온즈,13,0,2,9,1,0,1,수원,23.3,0,58,,,,
9.24목,삼성 라이온즈,12,1,1,5,1,0,1,수원,24.8,0,63,,,,
9.25금,삼성 라이온즈,6,1,1,9,1,0,0,인천,24.4,0,88,,,,
9.26토,삼성 라이온즈,6,1,1,3,0,1,0,서울,25.9,0,35,,,,
9.29화,삼성 라이온즈,12,2,1,7,2,1,0,대전,26.4,0,44,,,,
9.30수,삼성 라이온즈,11,0,0,4,2,1,0,대전,22.5,0,54,,,,
10.2금,삼성 라이온즈,13,0,1,7,2,1,1,대구,21.3,0,34,,,,
10.3토,삼성 라이온즈,8,0,1,5,1,0,1,서울,19.9,0,28,,,,
10.5월,삼성 라이온즈,9,0,2,7,2,0,1,광주,23.6,0,40,,,,
10.26월,삼성 라이온즈,11,2,0,2,0,0,1,대구,17.5,0,55,,,,
10.27화,삼성 라이온즈,6,0,2,6,1,0,0,대구,15.8,0,61,,,,
10.29목,삼성 라이온즈,8,0,0,6,0,1,0,서울,11.1,0,61,,,,
10.30금,삼성 라이온즈,9,0,1,6,2,1,0,서울,7.2,0,37,,,,
4.1금,삼성 라이온즈,8,0,1,6,2,2,0,대구,20,0,27,,,,
4.2토,삼성 라이온즈,16,2,1,7,1,0,1,대구,21.6,0,37,,,,
4.5화,삼성 라이온즈,10,0,0,6,1,0,0,수원,13.4,0,31,,,,
4.6수,삼성 라이온즈,14,0,2,3,1,2,1,수원,21.6,0,21,,,,
4.7목,삼성 라이온즈,9,1,3,4,0,1,1,수원,14.9,0,64,,,,
4.8금,삼성 라이온즈,10,3,0,8,1,0,1,부산,18.8,0,34,,,,
4.9토,삼성 라이온즈,11,1,1,9,1,0,0,부산,18.5,0,47,,,,
4.10일,삼성 라이온즈,6,0,1,9,1,1,0,부산,14.2,0,71,,,,
4.12화,삼성 라이온즈,18,2,0,8,1,1,1,대구,18.6,0,31,,,,
4.13수,삼성 라이온즈,5,0,1,6,1,0,0,대구,16.5,0,87,,,,
4.14목,삼성 라이온즈,11,0,3,4,2,0,1,대구,21.8,0,30,,,,
4.15금,삼성 라이온즈,6,0,0,5,1,2,0,서울,18.6,0,27,,,,
4.17일,삼성 라이온즈,3,0,1,5,1,1,0,서울,12.3,0,40,,,,
4.19화,삼성 라이온즈,10,1,0,7,1,0,0,광주,19.2,0,41,,,,
4.20수,삼성 라이온즈,9,0,0,5,1,1,1,광주,18.4,0,42,,,,
4.21목,삼성 라이온즈,15,1,0,7,1,0,1,광주,15.9,0,94,,,,
4.22금,삼성 라이온즈,9,1,0,2,1,0,0,대구,26.4,0,31,,,,
4.23토,삼성 라이온즈,7,0,0,3,1,0,0,대구,20.8,0,17,,,,
4.24일,삼성 라이온즈,10,1,0,3,0,0,1,대구,18.3,0,26,,,,
4.26화,삼성 라이온즈,2,0,0,7,1,0,0,대구,18.2,0,55,,,,
4.28목,삼성 라이온즈,7,1,2,9,0,0,1,대구,14.4,0,64,,,,
4.29금,삼성 라이온즈,9,2,1,8,2,0,0,대전,19,0,35,,,,
4.30토,삼성 라이온즈,10,2,0,3,2,1,1,대전,22.3,0,37,,,,
5.1일,삼성 라이온즈,11,0,2,7,1,0,0,대전,25.5,0,31,,,,
5.3화,삼성 라이온즈,8,0,0,3,3,1,0,대구,15.2,0,63,,,,
5.4수,삼성 라이온즈,10,0,2,5,2,2,0,대구,22.6,0,20,,,,
5.5목,삼성 라이온즈,7,0,1,6,0,0,1,대구,24.1,0,32,,,,
5.6금,삼성 라이온즈,8,1,1,2,0,0,1,대구,22.6,0,72,,,,
5.7토,삼성 라이온즈,8,0,1,4,1,0,0,대구,23.7,0,25,,,,
5.8일,삼성 라이온즈,12,1,0,10,0,0,1,대구,22.1,0,37,,,,
5.10화,삼성 라이온즈,17,1,3,3,0,0,1,서울,14.8,0,81,,,,
5.11수,삼성 라이온즈,11,0,0,6,0,1,0,서울,20.8,0,43,,,,
5.12목,삼성 라이온즈,9,0,1,6,0,0,1,서울,22,0,51,,,,
5.13금,삼성 라이온즈,13,1,0,8,0,1,0,대구,18.9,0,58,,,,
5.14토,삼성 라이온즈,15,1,1,5,1,1,1,대구,20.6,0,57,,,,
5.15일,삼성 라이온즈,9,1,1,6,1,0,0,대구,23.6,0,69,,,,
5.17화,삼성 라이온즈,10,0,0,7,1,2,1,대구,26.2,0,28,,,,
5.18수,삼성 라이온즈,13,2,0,5,0,1,1,대구,28.6,0,29,,,,
5.19목,삼성 라이온즈,13,2,1,4,0,0,0,대구,26.5,0,23,,,,
5.20금,삼성 라이온즈,18,1,0,5,3,0,1,창원,22.2,0,58,,,,
5.21토,삼성 라이온즈,10,0,0,8,3,0,0,창원,23.1,0,44,,,,
5.22일,삼성 라이온즈,11,5,3,10,0,0,0,창원,22,0,58,,,,
5.24화,삼성 라이온즈,4,0,0,4,2,0,0,대구,19.5,0,88,,,,
5.25수,삼성 라이온즈,7,1,1,6,0,0,1,대구,27,0,45,,,,
5.26목,삼성 라이온즈,7,0,0,7,0,1,0,대구,26.3,0,49,,,,
5.27금,삼성 라이온즈,7,0,1,9,2,2,0,인천,21.9,0,71,,,,
5.28토,삼성 라이온즈,17,4,0,4,1,0,1,인천,23,0,50,,,,
5.29일,삼성 라이온즈,16,1,2,7,0,1,1,인천,22.8,0,58,,,,
5.31화,삼성 라이온즈,6,2,0,2,1,0,1,서울,25.2,0,52,,,,
6.1,삼성 라이온즈,8,2,1,5,1,1,0,서울,28.9,0,27,,,,
6.2,삼성 라이온즈,20,2,1,5,1,0,1,서울,27.6,0,29,,,,
6.3,삼성 라이온즈,11,0,6,10,1,1,0,대구,28.4,0,27,,,,
6.4,삼성 라이온즈,12,2,1,5,2,0,0,대구,20.5,0,79,,,,
6.5,삼성 라이온즈,9,0,0,6,0,2,0,대구,22.7,0,58,,,,
6.7,삼성 라이온즈,10,1,0,2,3,0,1,서울,24.7,0,59,,,,
6.8,삼성 라이온즈,16,1,0,7,1,1,0,서울,25.3,0,56,,,,
6.9,삼성 라이온즈,9,0,0,5,1,0,0,서울,28.5,0,50,,,,
6.1,삼성 라이온즈,5,0,0,5,0,0,0,광주,26.8,0,60,,,,
6.11,삼성 라이온즈,8,0,0,6,1,0,1,광주,26.5,0,75,,,,
6.12,삼성 라이온즈,18,1,1,3,0,1,1,광주,26.2,0,77,,,,
6.14,삼성 라이온즈,5,1,2,8,0,1,0,대구,26.8,0,55,,,,
6.15,삼성 라이온즈,8,1,0,7,2,0,0,대구,25.1,0,63,,,,
6.16,삼성 라이온즈,7,1,1,4,0,1,0,대구,26.6,0,47,,,,
6.17,삼성 라이온즈,8,3,2,4,0,1,1,대구,30.2,0,33,,,,
6.18,삼성 라이온즈,9,1,0,5,1,0,0,대구,29.5,0,32,,,,
6.19,삼성 라이온즈,9,1,0,6,1,1,0,대구,31.2,0,29,,,,
6.21,삼성 라이온즈,10,2,0,4,0,1,0,서울,27.8,0,54,,,,
6.22,삼성 라이온즈,6,0,1,8,1,0,0,서울,23.7,0.5,89,,,,
6.23,삼성 라이온즈,11,0,2,8,1,0,1,서울,26.5,0,68,,,,
6.24,삼성 라이온즈,5,0,1,7,2,0,0,대구,24.8,0,73,,,,
6.25,삼성 라이온즈,14,2,0,6,0,1,0,대구,28.1,0,32,,,,
6.26,삼성 라이온즈,10,2,0,9,0,1,1,대구,29.8,0,33,,,,
6.28,삼성 라이온즈,6,1,2,9,0,1,0,부산,22.9,0,68,,,,
6.29,삼성 라이온즈,10,0,1,5,1,1,0,부산,22.9,0,77,,,,
6.3,삼성 라이온즈,11,0,0,12,1,0,0,부산,24,0,83,,,,
7.5화,삼성 라이온즈,9,2,1,4,1,0,1,대구,30.6,0,59,,,,
7.7목,삼성 라이온즈,15,3,0,5,0,0,1,대구,25.1,0,67,,,,
7.8금,삼성 라이온즈,8,0,0,6,1,0,0,대전,30.9,0,63,,,,
7.10일,삼성 라이온즈,9,0,2,3,0,2,0,대전,31,0,66,,,,
7.12화,삼성 라이온즈,5,1,2,5,1,0,1,대구,27.7,0,70,,,,
7.13수,삼성 라이온즈,14,2,0,5,0,3,0,대구,30.5,0,53,,,,
7.14목,삼성 라이온즈,11,1,0,9,2,0,0,대구,25.3,0,67,,,,
7.19화,삼성 라이온즈,5,0,1,6,0,0,0,서울,31.3,0,49,,,,
7.20수,삼성 라이온즈,4,2,1,2,2,2,1,서울,30.9,0,59,,,,
7.21목,삼성 라이온즈,9,0,0,3,1,1,1,서울,31.3,0,55,,,,
7.22금,삼성 라이온즈,12,2,1,8,0,0,0,수원,32.4,0,58,,,,
7.23토,삼성 라이온즈,18,2,4,5,3,0,1,수원,30.7,0,73,,,,
7.24일,삼성 라이온즈,6,0,0,10,0,2,0,수원,30.5,0,74,,,,
7.26화,삼성 라이온즈,12,1,0,10,0,1,0,대구,33.3,0,51,,,,
7.27수,삼성 라이온즈,10,3,0,4,0,0,1,대구,32.3,0,57,,,,
7.28목,삼성 라이온즈,9,0,1,8,0,1,0,대구,34.6,0,38,,,,
7.29금,삼성 라이온즈,16,0,0,6,3,1,1,대구,34.2,0,54,,,,
8.3,삼성 라이온즈,7,1,2,3,1,1,0,인천,30.5,0,0,,,,
8.4,삼성 라이온즈,10,1,0,10,1,2,1,인천,31.9,0,0,,,,
8.5,삼성 라이온즈,13,2,0,3,1,2,1,대구,33,0,0,,,,
8.6,삼성 라이온즈,11,0,0,10,0,1,0,대구,33.1,0,0,,,,
8.7,삼성 라이온즈,16,0,2,7,1,1,1,대구,32.9,0,0,,,,
8.9,삼성 라이온즈,9,1,0,6,1,1,0,대전,26.8,5.9,0,,,,
8.1,삼성 라이온즈,19,1,1,5,0,1,1,대전,32.7,0,0,,,,
8.11,삼성 라이온즈,6,1,0,4,0,1,0,대구,35.9,0,0,,,,
8.12,삼성 라이온즈,8,2,1,3,2,0,0,대구,36.2,0,0,,,,
8.13,삼성 라이온즈,10,1,1,5,0,0,1,대구,36,0,0,,,,
8.14,삼성 라이온즈,12,0,1,5,0,0,1,대구,34.5,0,0,,,,
8.16,삼성 라이온즈,14,0,1,10,1,2,1,창원,29.6,0,0,,,,
8.17,삼성 라이온즈,9,0,0,7,4,0,0,창원,28.8,0,0,,,,
8.18,삼성 라이온즈,22,2,1,5,0,1,1,수원,31.9,0,0,,,,
8.19,삼성 라이온즈,16,2,1,8,2,1,1,수원,32.3,0,0,,,,
8.2,삼성 라이온즈,10,2,1,4,0,1,0,서울,33.5,0,0,,,,
8.21,삼성 라이온즈,4,0,0,12,1,0,0,서울,34,0,0,,,,
8.23,삼성 라이온즈,13,0,0,7,0,1,1,대구,30.2,0,0,,,,
8.24,삼성 라이온즈,9,1,1,5,1,0,0,대구,30.6,0,0,,,,
8.25,삼성 라이온즈,8,0,2,3,0,0,0,광주,31,0,0,,,,
8.27,삼성 라이온즈,20,3,0,4,0,0,1,대구,24.5,0,0,,,,
8.3,삼성 라이온즈,11,0,0,4,1,0,1,대구,23.5,0,0,,,,
8.31,삼성 라이온즈,11,1,1,5,1,1,0,대구,26.7,0,0,,,,
9.1,삼성 라이온즈,14,3,0,5,2,3,0,대구,28.9,0,44,,,,
9.3,삼성 라이온즈,11,0,0,6,0,0,1,서울,27.9,0,59,,,,
9.4,삼성 라이온즈,10,2,0,7,1,0,0,서울,27.5,0,68,,,,
9.6,삼성 라이온즈,18,2,0,5,1,0,1,대구,26.7,0,68,,,,
9.7,삼성 라이온즈,15,0,1,8,1,1,0,대구,27.2,0,60,,,,
9.8,삼성 라이온즈,7,1,2,4,0,0,0,부산,24.6,0,69,,,,
9.9,삼성 라이온즈,9,0,1,6,0,1,1,부산,25,0,79,,,,
9.1,삼성 라이온즈,8,1,0,8,1,0,1,대구,23.7,0,73,,,,
9.11,삼성 라이온즈,5,0,3,10,0,0,1,대구,24.8,0,69,,,,
9.13,삼성 라이온즈,12,1,1,7,2,2,0,대구,24.8,0,60,,,,
9.14,삼성 라이온즈,13,4,0,2,1,2,1,대구,26.3,0,57,,,,
9.15,삼성 라이온즈,14,2,1,7,1,1,1,인천,24.5,0,90,,,,
9.16,삼성 라이온즈,15,2,0,4,1,0,1,인천,24.7,0,91,,,,
9.17,삼성 라이온즈,9,0,0,1,1,1,0,서울,26.7,0,51,,,,
9.18,삼성 라이온즈,5,0,0,5,0,0,0,서울,24.8,0,50,,,,
9.2,삼성 라이온즈,10,0,0,8,0,1,0,서울,24.3,0,31,,,,
9.21,삼성 라이온즈,11,1,0,6,1,0,0,대구,21.2,0,59,,,,
9.23,삼성 라이온즈,9,1,0,3,1,0,1,대구,23.3,0,63,,,,
9.24,삼성 라이온즈,13,3,0,1,0,0,1,대구,24.9,0,57,,,,
9.25,삼성 라이온즈,13,1,1,5,1,0,1,대구,24.3,0,72,,,,
9.27,삼성 라이온즈,10,1,1,8,2,0,1,창원,25.8,0,90,,,,
9.29,삼성 라이온즈,10,3,0,11,0,0,0,창원,18.9,0,82,,,,
9.29,삼성 라이온즈,9,1,0,14,0,1,0,창원,18.9,0,82,,,,
10.3,삼성 라이온즈,6,0,0,9,0,3,0,대구,25.9,0,79,,,,
10.4,삼성 라이온즈,10,1,0,3,1,0,1,대구,22,0,71,,,,
10.5,삼성 라이온즈,7,0,2,10,1,1,0,대구,21.7,0,76,,,,
10.6,삼성 라이온즈,11,1,0,14,0,1,1,광주,21.5,0,58,,,,
10.8,삼성 라이온즈,10,2,1,4,1,2,0,인천,17.4,0,61,,,,
4.1,삼성 라이온즈,10,1,1,8,0,2,0,대구,8.5,0,73,,,,
4.2,삼성 라이온즈,17,2,1,6,1,1,1,대구,14.7,0,21,,,,
4.4,삼성 라이온즈,7,0,0,12,0,2,0,서울,17.7,0,25,,,,
4.6,삼성 라이온즈,4,0,0,7,0,2,0,서울,10.6,0,84,,,,
4.7,삼성 라이온즈,8,1,1,7,1,0,0,수원,17.1,0,61,,,,
4.8,삼성 라이온즈,7,0,0,4,1,1,0,수원,11.7,0,77,,,,
4.9,삼성 라이온즈,4,0,0,11,2,0,0,수원,15.3,0,48,,,,
4.11,삼성 라이온즈,15,1,0,8,0,1,0,대구,18.4,0,42,,,,
4.12,삼성 라이온즈,8,1,0,8,1,1,0,대구,18,0,15,,,,
4.13,삼성 라이온즈,6,0,1,3,2,0,1,대구,22,0,23,,,,
4.14,삼성 라이온즈,10,1,1,12,1,2,0,부산,16.6,0,61,,,,
4.15,삼성 라이온즈,11,1,0,8,1,1,0,부산,19.9,0,67,,,,
4.16,삼성 라이온즈,10,0,0,6,0,1,1,부산,16.2,0,85,,,,
4.19,삼성 라이온즈,4,0,0,8,0,0,0,서울,16,0,28,,,,
4.2,삼성 라이온즈,5,0,0,6,1,0,0,서울,15.3,0,40,,,,
4.22,삼성 라이온즈,8,1,1,7,1,0,0,대구,16.5,0,53,,,,
4.23,삼성 라이온즈,8,1,0,7,0,0,0,대구,22,0,26,,,,
4.25,삼성 라이온즈,12,1,0,6,2,1,0,광주,21.4,0,59,,,,
4.26,삼성 라이온즈,6,0,0,7,0,0,0,광주,17.9,0,25,,,,
4.27,삼성 라이온즈,18,2,0,11,1,0,0,광주,16.7,0,24,,,,
4.28,삼성 라이온즈,11,3,1,7,2,0,0,대구,24.3,0,14,,,,
4.29,삼성 라이온즈,16,3,2,6,0,1,1,대구,26.3,0,17,,,,
4.3,삼성 라이온즈,10,0,0,2,0,0,0,대구,28.9,0,27,,,,
5.2,삼성 라이온즈,9,3,0,9,0,0,1,대구,22.4,0,30,,,,
5.3,삼성 라이온즈,8,1,0,4,1,0,0,대구,27.3,0,18,,,,
5.4,삼성 라이온즈,8,0,0,5,2,1,0,대구,25.2,0,43,,,,
5.5,삼성 라이온즈,8,1,0,2,1,0,0,창원,18.1,4.1,96,,,,
5.6,삼성 라이온즈,10,3,1,8,2,0,1,창원,22.9,0,16,,,,
5.7,삼성 라이온즈,8,0,2,7,1,2,0,창원,26,0,17,,,,
5.1,삼성 라이온즈,4,1,0,5,0,1,0,대구,20.6,0,55,,,,
5.11,삼성 라이온즈,9,1,1,6,2,1,0,대구,27.3,0,38,,,,
5.12,삼성 라이온즈,9,0,1,3,2,0,1,대구,19.6,0,71,,,,
5.13,삼성 라이온즈,7,2,1,7,0,1,0,대구,25,0,53,,,,
5.14,삼성 라이온즈,9,1,0,5,0,1,0,대구,22.7,0,19,,,,
5.16,삼성 라이온즈,10,1,0,6,1,0,1,인천,16.7,0,64,,,,
5.17,삼성 라이온즈,10,1,1,5,0,1,1,인천,20.9,0,53,,,,
5.18,삼성 라이온즈,3,0,0,11,0,0,0,인천,20.4,0,56,,,,
5.19,삼성 라이온즈,11,1,1,6,1,2,1,대전,27,0,27,,,,
5.2,삼성 라이온즈,14,2,1,6,1,1,1,대전,26.1,0,34,,,,
5.21,삼성 라이온즈,10,3,5,7,0,1,1,대전,26.3,0,40,,,,
5.23,삼성 라이온즈,6,0,0,8,0,0,0,대구,26.4,0,39,,,,
5.24,삼성 라이온즈,13,1,1,7,1,1,0,대구,22.6,0,71,,,,
5.25,삼성 라이온즈,5,2,1,3,0,0,1,대구,29.1,0,20,,,,
5.26,삼성 라이온즈,7,0,1,5,1,1,0,서울,21.6,0,36,,,,
5.27,삼성 라이온즈,7,1,0,5,0,0,0,서울,23.7,0,29,,,,
5.28,삼성 라이온즈,10,0,3,8,0,1,1,서울,25.1,0,55,,,,
5.3,삼성 라이온즈,5,0,0,4,2,0,0,대구,30.5,0,30,,,,
5.31,삼성 라이온즈,11,1,0,6,1,0,1,대구,27.8,0,37,,,,
6.1,삼성 라이온즈,13,1,1,7,0,0,1,대구,28.6,0,35,,,,
6.2,삼성 라이온즈,14,1,3,8,0,0,1,대구,22.3,0,44,,,,
6.3,삼성 라이온즈,13,3,1,9,1,2,1,대구,23.4,0,41,,,,
6.4,삼성 라이온즈,7,0,0,3,1,1,0,대구,24.6,0,34,,,,
6.6,삼성 라이온즈,18,1,0,8,0,1,1,서울,17.4,1,80,,,,
6.7,삼성 라이온즈,10,1,0,9,0,1,0,서울,18.7,0,81,,,,
6.8,삼성 라이온즈,6,1,2,10,1,0,0,서울,23.1,0,51,,,,
6.9,삼성 라이온즈,13,1,0,6,0,0,1,대전,25.8,0,36,,,,
6.1,삼성 라이온즈,9,0,0,5,2,1,0,대전,26.2,0,50,,,,
6.11,삼성 라이온즈,11,1,0,9,0,1,1,대전,28.7,0,25,,,,
6.13,삼성 라이온즈,9,0,3,6,1,1,1,대구,25.8,0,38,,,,
6.14,삼성 라이온즈,9,1,4,8,0,2,0,대구,28.3,0,35,,,,
6.15,삼성 라이온즈,8,1,1,7,1,0,1,대구,31.3,0,32,,,,
6.16,삼성 라이온즈,6,1,0,11,0,0,0,대구,24.8,0,54,,,,
6.17,삼성 라이온즈,14,0,1,4,0,0,0,대구,30,0,44,,,,
6.18,삼성 라이온즈,9,2,0,1,1,0,1,대구,30.6,0,43,,,,
6.2,삼성 라이온즈,7,2,0,2,0,1,0,서울,27.8,0,41,,,,
6.21,삼성 라이온즈,9,2,2,5,0,0,1,서울,27,0,49,,,,
6.22,삼성 라이온즈,11,1,1,10,1,1,1,서울,29,0,38,,,,
6.23,삼성 라이온즈,10,0,0,3,1,0,1,대구,30.1,0,40,,,,
6.24,삼성 라이온즈,11,3,0,4,0,0,1,대구,28.5,0,44,,,,
6.27,삼성 라이온즈,9,1,2,5,1,2,0,광주,26.3,0,70,,,,
6.28,삼성 라이온즈,10,1,0,10,0,2,0,광주,27.1,0,75,,,,
6.29,삼성 라이온즈,4,0,0,9,2,0,0,광주,27.2,0,63,,,,
6.3,삼성 라이온즈,11,0,1,2,0,0,0,인천,25.6,0,69,,,,
7.1,삼성 라이온즈,10,0,2,7,1,0,1,인천,25.3,0,84,,,,
7.2,삼성 라이온즈,10,3,1,4,1,0,0,인천,23.9,0,96,,,,
7.4,삼성 라이온즈,5,2,0,8,0,1,1,대구,27.9,0,79,,,,
7.5,삼성 라이온즈,12,0,1,11,0,2,1,대구,30,0,61,,,,
7.6,삼성 라이온즈,8,0,0,11,1,0,0,대구,27.6,0,76,,,,
7.7,삼성 라이온즈,10,0,0,10,0,1,0,대구,28.7,0,76,,,,
7.8,삼성 라이온즈,12,1,0,6,0,2,0,대구,28.4,0,76,,,,
7.9,삼성 라이온즈,13,1,0,6,0,0,1,대구,31.7,0,64,,,,
7.11,삼성 라이온즈,8,2,0,6,2,2,1,수원,27.8,0,87,,,,
7.12,삼성 라이온즈,16,0,3,8,3,0,1,수원,29.3,0,75,,,,
7.13,삼성 라이온즈,12,1,1,6,0,0,0,수원,30.9,0,63,,,,
7.18,삼성 라이온즈,3,0,0,7,2,1,0,부산,27.3,0,80,,,,
7.19,삼성 라이온즈,7,2,0,6,0,0,1,부산,28,0,76,,,,
7.21,삼성 라이온즈,9,1,1,11,0,2,0,대구,35.1,0,49,,,,
7.23,삼성 라이온즈,11,1,1,4,0,1,1,대구,31.9,0,62,,,,
7.25,삼성 라이온즈,6,0,1,5,0,0,1,대구,25.5,0,81,,,,
7.26,삼성 라이온즈,8,3,0,7,2,0,1,대구,28.1,0,40,,,,
7.27,삼성 라이온즈,3,0,1,9,1,0,0,대구,32.9,0,38,,,,
7.28,삼성 라이온즈,19,2,0,7,1,1,1,서울,26.6,0,89,,,,
7.29,삼성 라이온즈,11,0,1,8,0,0,0,서울,29.7,0,63,,,,
7.3,삼성 라이온즈,10,2,0,3,2,0,0,서울,30.3,0,54,,,,
8.1,삼성 라이온즈,15,0,0,8,0,2,0,대구,31.4,0,63,,,,
8.2,삼성 라이온즈,11,1,0,9,0,1,0,대구,30.2,0,63,,,,
8.3,삼성 라이온즈,13,1,0,6,1,0,0,대구,29.1,0,66,,,,
8.4,삼성 라이온즈,9,1,1,8,0,1,1,창원,33.4,0,62,,,,
8.5,삼성 라이온즈,13,1,2,6,1,1,1,창원,34.3,0,57,,,,
8.6,삼성 라이온즈,7,1,0,3,1,1,0,창원,35.3,0,54,,,,
8.8,삼성 라이온즈,13,2,0,8,2,0,0,대구,32.5,0,44,,,,
8.9,삼성 라이온즈,11,0,1,3,1,0,1,대구,27.2,0,85,,,,
8.11,삼성 라이온즈,7,1,0,8,0,0,0,대전,27.7,0,79,,,,
8.12,삼성 라이온즈,13,1,1,9,0,1,1,대구,26.6,0,71,,,,
8.13,삼성 라이온즈,18,1,2,7,0,1,0,대구,24.7,0,78,,,,
8.16,삼성 라이온즈,9,0,0,8,0,1,0,대구,27.7,0,73,,,,
8.17,삼성 라이온즈,11,0,3,7,2,0,1,수원,28.3,0,74,,,,
8.18,삼성 라이온즈,9,1,1,5,2,0,1,수원,28.3,0,69,,,,
8.19,삼성 라이온즈,10,0,2,4,0,3,0,서울,27.9,0,67,,,,
8.22,삼성 라이온즈,15,1,0,7,2,1,0,서울,30.9,0,53,,,,
8.23,삼성 라이온즈,8,0,0,10,0,2,0,서울,28.8,0,79,,,,
8.24,삼성 라이온즈,15,1,0,5,1,0,0,대구,33.2,0,53,,,,
8.25,삼성 라이온즈,7,2,0,8,1,0,0,대구,31.3,0,32,,,,
8.26,삼성 라이온즈,16,3,0,5,1,0,1,대구,28.9,0,29,,,,
8.27,삼성 라이온즈,4,0,1,8,0,0,0,대구,28,0,44,,,,
8.29,삼성 라이온즈,15,2,0,10,0,1,0,대구,28.3,0,28,,,,
8.3,삼성 라이온즈,7,0,1,8,1,0,0,대구,23,0,46,,,,
8.31,삼성 라이온즈,11,2,0,3,0,1,0,인천,24.7,0,50,,,,
9.1,삼성 라이온즈,12,0,0,5,0,1,0,인천,24.8,0,61,,,,
9.2,삼성 라이온즈,9,1,2,4,1,0,1,서울,27.6,0,54,,,,
9.3,삼성 라이온즈,6,0,1,7,0,0,0,서울,26.6,0,59,,,,
9.5,삼성 라이온즈,12,2,3,8,0,0,1,대구,20.8,0,95,,,,
9.7,삼성 라이온즈,10,3,0,5,3,2,1,부산,23.9,0,74,,,,
9.8,삼성 라이온즈,8,2,4,9,0,0,0,부산,25.5,0,60,,,,
9.9,삼성 라이온즈,11,0,2,6,0,1,0,광주,28,0,58,,,,
9.1,삼성 라이온즈,17,3,0,6,0,2,1,광주,26.6,0,52,,,,
9.12,삼성 라이온즈,6,0,1,8,1,1,0,대구,27.4,0,40,,,,
9.13,삼성 라이온즈,18,2,0,9,0,0,1,대구,26.3,0,33,,,,
9.15,삼성 라이온즈,15,1,1,9,1,1,1,창원,22.3,0,54,,,,
9.16,삼성 라이온즈,10,1,0,5,1,0,0,대구,22.5,0,61,,,,
9.17,삼성 라이온즈,13,3,0,8,1,0,0,대구,24.2,0,60,,,,
9.21,삼성 라이온즈,15,2,0,5,1,0,1,대구,24.9,0,42,,,,
9.22,삼성 라이온즈,11,0,0,5,1,1,0,대구,25.6,0,37,,,,
9.23,삼성 라이온즈,12,2,0,9,0,1,0,대전,24.2,0,73,,,,
9.27,삼성 라이온즈,5,1,1,8,0,2,0,대구,19.3,0,97,,,,
9.3,삼성 라이온즈,5,0,0,6,1,0,0,서울,23.7,0,59,,,,
10.1,삼성 라이온즈,10,0,0,7,1,0,1,서울,18.5,0,67,,,,
10.3,삼성 라이온즈,12,2,0,5,0,1,1,대구,19,0,72,,,,
4.1일,삼성 라이온즈,14,1,2,9,0,2,1,대구,12.9,0,13,,,,
4.3화,삼성 라이온즈,11,0,0,12,1,0,0,창원,7.5,0,24,,,,
4.4수,삼성 라이온즈,4,0,0,9,0,0,0,창원,14.7,0,36,,,,
4.5목,삼성 라이온즈,13,0,1,5,2,1,1,창원,14,0,13,,,,
4.7토,삼성 라이온즈,9,0,1,12,0,1,0,인천,8.3,0,33,,,,
4.8일,삼성 라이온즈,11,3,1,6,1,0,1,인천,10.6,0,68,,,,
4.10화,삼성 라이온즈,4,1,0,11,0,4,0,대구,17.2,0,50,,,,
4.11수,삼성 라이온즈,14,2,0,8,0,1,0,대구,18.2,0,48,,,,
4.12목,삼성 라이온즈,7,0,0,5,1,0,0,대구,18,0,24,,,,
4.13금,삼성 라이온즈,11,0,1,8,0,1,1,대전,11.6,0,67,,,,
4.14토,삼성 라이온즈,6,1,1,9,0,1,0,대전,19.5,0,27,,,,
4.15일,삼성 라이온즈,11,1,0,2,2,1,0,대전,22.7,0,24,,,,
4.17화,삼성 라이온즈,13,1,3,11,1,2,1,부산,14.5,0,53,,,,
4.18수,삼성 라이온즈,15,3,1,17,2,0,0,부산,15.2,0,35,,,,
4.19목,삼성 라이온즈,13,0,2,6,4,0,1,부산,14.8,0,70,,,,
4.20금,삼성 라이온즈,11,2,0,6,2,1,0,대구,15.1,0,53,,,,
4.21토,삼성 라이온즈,9,1,1,4,2,1,1,대구,14,1.5,89,,,,
4.22일,삼성 라이온즈,8,0,3,8,1,1,0,대구,19,0,38,,,,
4.24화,삼성 라이온즈,7,1,2,7,1,0,1,대구,28,0,20,,,,
4.25수,삼성 라이온즈,9,0,0,6,0,0,0,대구,14,0,89,,,,
4.26목,삼성 라이온즈,8,0,1,8,0,1,0,대구,18.4,0,16,,,,
4.27금,삼성 라이온즈,7,0,0,5,1,0,0,서울,19.2,0,16,,,,
4.28토,삼성 라이온즈,8,1,0,8,1,1,0,서울,18.4,0,51,,,,
4.29일,삼성 라이온즈,18,2,0,11,1,1,1,서울,23.6,0,47,,,,
5.1화,삼성 라이온즈,8,1,0,10,1,0,0,대구,22.5,0,60,,,,
5.2수,삼성 라이온즈,11,1,0,11,0,0,0,대구,14.7,0,90,,,,
5.3목,삼성 라이온즈,9,1,2,5,2,0,1,대구,16.7,0,26,,,,
5.4금,삼성 라이온즈,11,1,1,5,2,1,0,대구,21.2,0,13,,,,
5.5토,삼성 라이온즈,10,2,1,7,0,0,1,대구,25.3,0,23,,,,
5.8화,삼성 라이온즈,14,1,4,6,2,0,1,수원,20.6,0,46,,,,
5.9수,삼성 라이온즈,17,1,1,4,1,1,1,수원,18.8,0,49,,,,
5.10목,삼성 라이온즈,11,0,0,3,0,2,0,수원,16.6,0,70,,,,
5.11금,삼성 라이온즈,13,3,0,1,1,0,1,대구,25.1,0,26,,,,
5.13일,삼성 라이온즈,11,0,1,6,0,0,0,대구,24.5,0,42,,,,
5.15화,삼성 라이온즈,9,1,0,5,0,1,1,대구,29.7,0,32,,,,
5.16수,삼성 라이온즈,11,0,1,7,0,2,0,대구,26.5,0,69,,,,
5.17목,삼성 라이온즈,5,2,3,8,1,0,0,대구,26.6,0,66,,,,
5.18금,삼성 라이온즈,13,0,0,5,0,0,1,서울,17.5,0,79,,,,
5.19토,삼성 라이온즈,10,1,1,5,2,1,0,서울,24,0,34,,,,
5.20일,삼성 라이온즈,10,0,0,10,0,0,1,서울,22.2,0,22,,,,
5.22화,삼성 라이온즈,12,1,0,5,1,0,1,대구,23.5,0,46,,,,
5.23수,삼성 라이온즈,11,2,0,7,0,1,1,대구,25.1,0,28,,,,
5.24목,삼성 라이온즈,14,2,1,7,1,0,1,대구,28.8,0,22,,,,
5.25금,삼성 라이온즈,10,1,1,5,2,0,1,서울,23.3,0,32,,,,
5.26토,삼성 라이온즈,7,0,0,3,0,2,0,서울,27,0,33,,,,
5.27일,삼성 라이온즈,8,0,0,10,2,1,0,서울,23,0,36,,,,
5.29화,삼성 라이온즈,11,2,0,2,1,0,0,대구,28.5,0,45,,,,
5.30수,삼성 라이온즈,6,1,2,3,2,0,1,대구,22.2,0,77,,,,
5.31목,삼성 라이온즈,10,1,0,6,1,0,1,대구,26.3,0,34,,,,
6.1금,삼성 라이온즈,7,2,0,5,1,0,1,창원,22.9,0,47,,,,
6.2토,삼성 라이온즈,12,1,1,3,0,0,1,창원,25.7,0,59,,,,
6.3일,삼성 라이온즈,10,0,1,8,0,0,1,창원,25.1,0,59,,,,
6.5화,삼성 라이온즈,4,0,0,9,0,0,0,인천,24.6,0,48,,,,
6.6수,삼성 라이온즈,11,0,1,5,2,0,0,인천,22.2,0,78,,,,
6.7목,삼성 라이온즈,11,0,1,5,0,0,1,인천,22,0,74,,,,
6.8금,삼성 라이온즈,11,1,0,8,0,0,0,대구,29.1,0,39,,,,
6.9토,삼성 라이온즈,5,0,0,4,2,0,0,대구,20.9,0,57,,,,
6.10일,삼성 라이온즈,13,0,2,6,0,2,1,대구,19.5,0,67,,,,
6.12화,삼성 라이온즈,11,0,2,6,2,1,1,부산,18.9,0,77,,,,
6.13수,삼성 라이온즈,12,1,1,10,0,0,0,부산,20.2,0,75,,,,
6.14목,삼성 라이온즈,12,1,0,7,0,1,1,부산,20.9,0,66,,,,
6.15금,삼성 라이온즈,5,0,0,10,1,0,0,서울,25.9,0,44,,,,
6.16토,삼성 라이온즈,7,0,0,5,0,1,0,서울,28,0,46,,,,
6.17일,삼성 라이온즈,15,0,0,3,2,1,0,서울,25,0,59,,,,
6.20수,삼성 라이온즈,6,1,0,7,1,1,1,대구,28.4,0,35,,,,
6.21목,삼성 라이온즈,5,0,2,10,0,3,0,대구,29.8,0,26,,,,
6.22금,삼성 라이온즈,16,3,1,8,0,0,1,대구,29.7,0,31,,,,
6.23토,삼성 라이온즈,9,1,0,9,2,0,0,대구,30.6,0,34,,,,
6.24일,삼성 라이온즈,14,1,0,10,0,0,0,대구,33.9,0,22,,,,
6.26화,삼성 라이온즈,15,3,1,2,2,0,1,대전,26.4,0,90,,,,
6.27수,삼성 라이온즈,7,0,0,8,0,1,0,대전,28.6,0,69,,,,
6.28목,삼성 라이온즈,10,1,0,8,2,3,0,대전,24.5,0,84,,,,
6.29금,삼성 라이온즈,11,4,1,5,0,1,0,대구,28.4,0,64,,,,
7.1일,삼성 라이온즈,7,0,0,4,2,0,0,대구,28.6,0,46,,,,
7.4수,삼성 라이온즈,13,0,0,6,1,1,0,수원,24.7,0,85,,,,
7.6금,삼성 라이온즈,11,1,0,3,0,1,0,서울,19.9,2,88,,,,
7.7토,삼성 라이온즈,10,0,0,5,2,0,0,서울,29.2,0,47,,,,
7.8일,삼성 라이온즈,19,0,1,3,0,1,1,서울,28.7,0,55,,,,
7.10화,삼성 라이온즈,9,1,1,9,1,0,1,대구,27.3,0,49,,,,
7.11수,삼성 라이온즈,10,1,1,10,1,0,1,대구,26.3,0.5,93,,,,
7.12목,삼성 라이온즈,13,1,2,5,0,1,1,대구,30.3,0,52,,,,
7.17화,삼성 라이온즈,9,0,1,9,0,0,0,광주,26,0,87,,,,
7.18수,삼성 라이온즈,13,3,0,1,1,0,1,광주,27.7,0,78,,,,
7.19목,삼성 라이온즈,11,3,1,4,1,1,1,광주,28.7,0,72,,,,
7.20금,삼성 라이온즈,4,0,0,7,2,0,0,대구,32,0,49,,,,
7.21토,삼성 라이온즈,10,0,1,8,0,0,1,대구,30.1,0,63,,,,
7.22일,삼성 라이온즈,7,1,0,8,1,1,1,대구,29.1,0,68,,,,
7.24화,삼성 라이온즈,11,3,1,8,0,0,1,서울,29.5,0,66,,,,
7.25수,삼성 라이온즈,7,0,1,7,0,1,1,서울,30.4,0,56,,,,
7.26목,삼성 라이온즈,12,1,2,10,2,0,0,서울,30.6,0,55,,,,
7.27금,삼성 라이온즈,24,0,1,10,2,0,1,대구,33.6,0,47,,,,
7.28토,삼성 라이온즈,9,1,1,9,0,1,1,대구,34.7,0,39,,,,
7.29일,삼성 라이온즈,15,5,0,6,0,0,1,대구,35,0,42,,,,
8.1수,삼성 라이온즈,5,1,0,12,0,0,0,대구,34.7,0,38,,,,
8.2목,삼성 라이온즈,10,1,3,7,3,1,1,대구,34,0,45,,,,
8.4토,삼성 라이온즈,10,0,2,8,0,0,0,부산,31.4,0,69,,,,
8.5일,삼성 라이온즈,12,3,1,8,0,0,1,부산,31.8,0,67,,,,
8.7화,삼성 라이온즈,16,2,0,6,0,1,1,인천,32.1,0,61,,,,
8.8수,삼성 라이온즈,3,0,0,10,1,1,0,인천,31.3,0,71,,,,
8.9목,삼성 라이온즈,15,0,2,7,1,0,1,서울,28.1,0.5,86,,,,
8.10금,삼성 라이온즈,15,1,0,8,0,2,0,서울,35.2,0,44,,,,
8.11토,삼성 라이온즈,5,0,0,7,0,1,0,대구,27.8,0,66,,,,
8.12일,삼성 라이온즈,10,2,1,3,1,1,1,대구,31.3,0,63,,,,
8.14화,삼성 라이온즈,13,3,2,4,0,0,0,대구,35.1,0,40,,,,
8.15수,삼성 라이온즈,7,1,0,8,1,1,0,대구,28.5,0,67,,,,
8.16목,삼성 라이온즈,6,1,1,8,2,0,1,대구,25.5,0,72,,,,
9.4화,삼성 라이온즈,9,0,1,11,0,0,1,창원,27,0,67,,,,
9.5수,삼성 라이온즈,8,0,1,6,2,0,1,창원,26,0,78,,,,
9.6목,삼성 라이온즈,7,1,0,10,2,0,0,대구,24.1,0,53,,,,
9.7금,삼성 라이온즈,9,1,0,6,1,1,0,대구,24.2,0,49,,,,
9.8토,삼성 라이온즈,8,0,0,6,1,1,0,광주,23.6,0,45,,,,
9.9일,삼성 라이온즈,9,1,1,10,0,1,1,광주,24.8,0,50,,,,
9.11화,삼성 라이온즈,12,1,1,9,0,1,0,대구,21.2,0,56,,,,
9.12수,삼성 라이온즈,6,1,1,6,4,1,0,대구,22.5,0,65,,,,
9.13목,삼성 라이온즈,10,0,0,10,1,0,0,대구,22.3,0,77,,,,
9.14금,삼성 라이온즈,9,3,0,10,1,0,1,대구,22.4,0,85,,,,
9.15토,삼성 라이온즈,14,1,0,8,0,0,1,수원,22.2,0,94,,,,
9.16일,삼성 라이온즈,8,0,2,8,0,0,0,수원,21.1,0.3,98,,,,
9.18화,삼성 라이온즈,7,1,0,9,0,2,0,대구,27.1,0,33,,,,
9.19수,삼성 라이온즈,15,3,3,13,0,0,1,대구,24.9,0,61,,,,
9.20목,삼성 라이온즈,10,2,2,7,0,0,0,서울,19.1,0,77,,,,
9.21금,삼성 라이온즈,15,1,2,8,1,0,1,서울,20.9,0,77,,,,
9.22토,삼성 라이온즈,8,1,1,10,0,1,0,대구,24.5,0,40,,,,
9.23일,삼성 라이온즈,8,1,1,6,0,1,1,대구,25.6,0,45,,,,
9.25화,삼성 라이온즈,10,3,1,3,2,0,1,대전,21.4,0,47,,,,
9.26수,삼성 라이온즈,9,1,2,5,0,1,0,대전,20.7,0,62,,,,
9.27목,삼성 라이온즈,12,2,0,7,0,0,1,대구,19.4,0,50,,,,
9.29토,삼성 라이온즈,11,1,2,8,1,0,1,대구,19.1,0,79,,,,
9.30일,삼성 라이온즈,8,1,2,11,1,1,0,대구,23.2,0,36,,,,
10.3수,삼성 라이온즈,20,2,0,12,1,0,1,대구,21.2,0,47,,,,
10.6토,삼성 라이온즈,6,1,0,4,1,1,0,수원,20.3,0,73,,,,
10.9화,삼성 라이온즈,11,3,2,10,0,0,1,인천,17.7,0,50,,,,
10.13토,삼성 라이온즈,18,4,2,8,1,0,1,대구,16.9,0,52,,,,
4.2화,삼성 라이온즈,6,0,1,8,1,0,0,대구,13.2,0,21,,,,
4.3수,삼성 라이온즈,3,1,2,4,0,2,1,대구,14.9,0,17,,,,
4.4목,삼성 라이온즈,14,3,1,6,0,2,1,대구,18.4,0,17,,,,
4.5금,삼성 라이온즈,8,0,1,7,0,1,0,인천,12.1,0,36,,,,
4.6토,삼성 라이온즈,3,0,1,8,0,0,0,인천,10.5,0,46,,,,
4.7일,삼성 라이온즈,9,0,1,6,0,1,0,인천,16.1,0,28,,,,
4.10수,삼성 라이온즈,6,0,1,12,1,1,1,서울,9.9,0,65,,,,
4.11목,삼성 라이온즈,6,1,0,6,4,0,0,서울,12.9,0,36,,,,
4.12금,삼성 라이온즈,8,0,1,3,2,0,1,대구,16.8,0,29,,,,
4.13토,삼성 라이온즈,6,1,0,7,1,0,0,대구,18,0,22,,,,
4.14일,삼성 라이온즈,15,3,2,5,1,1,1,대구,15.4,0,34,,,,
4.16화,삼성 라이온즈,5,0,0,8,0,1,0,대구,23.1,0,12,,,,
4.17수,삼성 라이온즈,4,1,0,8,0,1,0,대구,23,0,25,,,,
4.18목,삼성 라이온즈,14,0,0,11,0,2,1,대구,24.1,0,27,,,,
4.19금,삼성 라이온즈,13,2,3,13,0,0,0,대전,15.4,0,60,,,,
4.20토,삼성 라이온즈,12,0,0,8,0,1,0,대전,21.9,0,48,,,,
4.21일,삼성 라이온즈,23,1,1,3,2,1,1,대전,20.4,0,66,,,,
4.24수,삼성 라이온즈,16,0,2,12,1,0,0,대구,21.1,0,71,,,,
4.25목,삼성 라이온즈,12,0,2,11,0,1,0,대구,12.9,0,77,,,,
4.27토,삼성 라이온즈,7,0,1,5,1,1,0,대구,16.7,0,32,,,,
4.28일,삼성 라이온즈,6,0,0,11,0,0,0,대구,17.6,0,34,,,,
4.30화,삼성 라이온즈,6,0,0,6,0,2,0,광주,18.7,0,84,,,,
5.1수,삼성 라이온즈,15,1,2,3,3,0,1,광주,18.3,0,60,,,,
5.2목,삼성 라이온즈,5,0,0,5,0,1,0,광주,20.2,0,29,,,,
5.3금,삼성 라이온즈,8,1,1,10,0,0,0,서울,23.7,0,25,,,,
5.4토,삼성 라이온즈,10,0,1,8,3,0,1,서울,24.7,0,22,,,,
5.5일,삼성 라이온즈,5,0,0,6,0,0,0,서울,22.3,0,19,,,,
5.7화,삼성 라이온즈,6,2,0,9,1,1,1,대구,21.9,0,15,,,,
5.8수,삼성 라이온즈,5,1,1,7,0,0,1,대구,22.2,0,17,,,,
5.9목,삼성 라이온즈,10,2,0,4,1,1,1,대구,24.1,0,19,,,,
5.10금,삼성 라이온즈,4,1,3,6,1,3,0,대구,27.5,0,14,,,,
5.11토,삼성 라이온즈,10,0,2,6,0,2,1,대구,28.5,0,14,,,,
5.12일,삼성 라이온즈,15,1,1,10,1,1,0,대구,22,0,33,,,,
5.14화,삼성 라이온즈,7,1,1,3,2,1,1,서울,24.2,0,32,,,,
5.15수,삼성 라이온즈,1,1,0,11,0,0,0,서울,25.3,0,39,,,,
5.16목,삼성 라이온즈,5,0,1,4,1,2,0,서울,28.1,0,27,,,,
5.17금,삼성 라이온즈,20,1,0,4,0,0,1,수원,23.1,0,56,,,,
5.18토,삼성 라이온즈,7,0,1,3,1,2,0,수원,21.9,0,59,,,,
5.21화,삼성 라이온즈,14,3,1,4,1,1,1,대구,24.7,0,19,,,,
5.22수,삼성 라이온즈,13,0,1,12,0,2,1,대구,28.6,0,15,,,,
5.23목,삼성 라이온즈,12,1,1,3,2,0,1,대구,29.9,0,17,,,,
5.24금,삼성 라이온즈,11,1,2,10,0,0,0,대구,33.5,0,26,,,,
5.25토,삼성 라이온즈,13,1,1,4,2,1,1,대구,29.7,0,22,,,,
5.26일,삼성 라이온즈,7,1,0,10,0,0,1,대구,27.7,0,18,,,,
5.28화,삼성 라이온즈,6,0,1,10,0,1,0,서울,23,0,22,,,,
5.29수,삼성 라이온즈,8,0,0,3,1,0,0,서울,24.9,0,30,,,,
5.30목,삼성 라이온즈,12,0,3,6,1,0,1,서울,21,0,50,,,,
5.31금,삼성 라이온즈,8,0,0,10,1,0,0,부산,19.7,0,58,,,,
6.1토,삼성 라이온즈,9,0,0,8,0,0,0,부산,19.9,0,67,,,,
6.2일,삼성 라이온즈,13,1,1,5,2,0,1,부산,22.7,0,46,,,,
6.4화,삼성 라이온즈,6,1,0,11,0,1,1,대구,32.8,0,25,,,,
6.5수,삼성 라이온즈,8,1,0,9,0,0,1,대구,34.1,0,17,,,,
6.6목,삼성 라이온즈,8,0,1,4,0,0,1,대구,27.2,0,55,,,,
6.7금,삼성 라이온즈,9,1,1,9,0,1,0,인천,23.9,0,54,,,,
6.8토,삼성 라이온즈,6,0,0,5,1,3,0,인천,23.3,0,57,,,,
6.9일,삼성 라이온즈,11,4,0,3,0,0,1,인천,21.6,0,75,,,,
6.11화,삼성 라이온즈,8,0,0,6,2,0,0,광주,21.9,0,70,,,,
6.12수,삼성 라이온즈,14,0,0,10,1,1,0,광주,24.9,0,60,,,,
6.13목,삼성 라이온즈,6,1,1,3,2,0,0,광주,24.7,0,63,,,,
6.14금,삼성 라이온즈,13,2,0,6,3,0,1,대구,21.4,0,69,,,,
6.15토,삼성 라이온즈,6,3,1,9,0,3,0,대구,27.7,0,39,,,,
6.16일,삼성 라이온즈,9,0,1,9,0,0,0,대구,22.3,0,61,,,,
6.18화,삼성 라이온즈,14,4,2,5,0,2,1,대구,26.7,0,49,,,,
6.19수,삼성 라이온즈,7,2,0,4,0,0,0,대구,27.9,0,47,,,,
6.20목,삼성 라이온즈,8,0,0,5,0,0,0,대구,32,0,35,,,,
6.21금,삼성 라이온즈,8,1,1,6,1,0,1,대전,27.7,0,53,,,,
6.22토,삼성 라이온즈,4,0,0,6,2,1,0,대전,26.9,0,61,,,,
6.23일,삼성 라이온즈,13,1,0,6,1,0,1,대전,29,0,40,,,,
6.25화,삼성 라이온즈,14,1,4,3,3,0,1,대구,29.6,0,40,,,,
6.27목,삼성 라이온즈,5,1,0,8,2,0,0,대구,29,0,65,,,,
6.28금,삼성 라이온즈,13,1,1,6,0,0,1,대구,25.5,0,73,,,,
6.30일,삼성 라이온즈,14,2,3,8,1,2,0,대구,29.8,0,56,,,,
7.2화,삼성 라이온즈,7,0,1,7,0,0,0,수원,27.1,0,56,,,,
7.3수,삼성 라이온즈,8,0,0,6,2,0,0,수원,26.7,0,66,,,,
7.4목,삼성 라이온즈,9,2,2,7,0,0,0,수원,27.1,0,48,,,,
7.5금,삼성 라이온즈,12,0,0,6,1,0,0,창원,24.2,0,69,,,,
7.7일,삼성 라이온즈,9,1,3,4,2,1,1,창원,24.3,0,62,,,,
7.9화,삼성 라이온즈,8,0,4,7,1,0,1,대구,22.6,0,66,,,,
7.11목,삼성 라이온즈,7,1,1,11,0,1,1,대구,27,0,69,,,,
7.12금,삼성 라이온즈,14,3,0,10,1,0,1,서울,25.9,0,61,,,,
7.13토,삼성 라이온즈,8,0,1,6,0,2,0,서울,27.4,0,58,,,,
7.14일,삼성 라이온즈,2,0,0,8,0,0,0,서울,30.3,0,45,,,,
7.16화,삼성 라이온즈,3,0,0,6,0,0,0,서울,28.4,0,61,,,,
7.17수,삼성 라이온즈,12,1,1,2,1,1,0,서울,28.3,0,61,,,,
7.18목,삼성 라이온즈,5,0,0,6,0,0,0,서울,30.4,0,53,,,,
7.26금,삼성 라이온즈,14,3,0,5,1,1,1,대구,29.9,0,70,,,,
7.27토,삼성 라이온즈,11,2,1,7,1,1,1,대구,30,0,73,,,,
7.28일,삼성 라이온즈,12,1,0,4,1,1,1,대구,30.5,0,64,,,,
7.30화,삼성 라이온즈,11,1,1,6,2,1,1,대구,33.2,0,57,,,,
7.31수,삼성 라이온즈,8,3,0,5,2,1,0,대구,34.7,0,49,,,,
8.1목,삼성 라이온즈,5,2,0,9,1,0,0,대구,34.3,0,52,,,,
8.3토,삼성 라이온즈,14,2,2,8,0,0,0,서울,29.9,0,68,,,,
8.4일,삼성 라이온즈,7,0,2,6,0,0,1,서울,26.8,7.7,86,,,,
8.7수,삼성 라이온즈,7,0,0,11,1,1,0,창원,29.9,0,69,,,,
8.8목,삼성 라이온즈,5,0,0,4,1,1,0,대구,29.1,0,66,,,,
8.9금,삼성 라이온즈,3,0,0,7,0,0,0,대구,34.1,0,49,,,,
8.10토,삼성 라이온즈,5,2,0,4,2,1,0,대구,30.4,0,62,,,,
8.11일,삼성 라이온즈,10,1,1,8,0,1,1,대구,31,0,58,,,,
8.13화,삼성 라이온즈,7,1,1,6,3,0,0,인천,31.2,0,69,,,,
8.16금,삼성 라이온즈,5,0,0,3,0,2,0,수원,27.7,0,69,,,,
8.17토,삼성 라이온즈,10,0,0,6,0,0,1,대구,33.5,0,42,,,,
8.18일,삼성 라이온즈,7,0,0,8,0,0,0,대구,31.4,0,38,,,,
8.20화,삼성 라이온즈,6,0,2,2,0,1,1,대전,30.3,0,62,,,,
8.22목,삼성 라이온즈,4,0,0,7,0,0,0,대구,29.3,0,70,,,,
8.23금,삼성 라이온즈,4,1,1,4,0,0,0,대구,29.1,0,51,,,,
8.24토,삼성 라이온즈,7,0,0,6,1,0,1,대구,25.6,0,64,,,,
8.25일,삼성 라이온즈,14,1,1,10,0,0,0,대구,29.3,0,50,,,,
8.27화,삼성 라이온즈,14,0,0,1,1,1,1,광주,23.9,0,97,,,,
8.28수,삼성 라이온즈,7,0,1,5,0,0,0,광주,26.1,0,81,,,,
8.29목,삼성 라이온즈,7,0,2,0,0,2,1,대구,24.5,0,82,,,,
8.30금,삼성 라이온즈,5,0,0,7,0,0,0,대구,28.8,0,50,,,,
8.31토,삼성 라이온즈,8,0,0,6,0,0,0,서울,27.8,0,50,,,,
9.1일,삼성 라이온즈,6,0,0,9,0,2,0,서울,26.3,0,51,,,,
9.3화,삼성 라이온즈,9,2,0,5,0,1,1,부산,23.2,0,89,,,,
9.4수,삼성 라이온즈,12,1,0,8,1,2,1,부산,25.8,0,87,,,,
9.5목,삼성 라이온즈,10,0,0,5,3,2,1,서울,21.7,1.1,97,,,,
9.6금,삼성 라이온즈,7,0,1,9,1,0,0,서울,27.9,0,75,,,,
9.7토,삼성 라이온즈,6,2,0,8,3,0,0,대구,28.2,0,63,,,,
9.8일,삼성 라이온즈,12,1,0,7,0,1,1,대구,28.1,0,63,,,,
9.10화,삼성 라이온즈,5,0,2,5,0,0,1,대구,29,0,57,,,,
9.11수,삼성 라이온즈,11,4,0,6,0,0,1,대구,24.5,0,72,,,,
9.13금,삼성 라이온즈,9,1,1,9,1,3,0,대구,23.9,0,58,,,,
9.14토,삼성 라이온즈,5,1,0,6,0,1,0,창원,24.6,0,67,,,,
9.15일,삼성 라이온즈,6,1,0,8,1,0,0,창원,26.2,0,66,,,,
9.16월,삼성 라이온즈,6,1,2,4,4,1,0,대구,24.7,0,50,,,,
9.18수,삼성 라이온즈,8,1,1,5,0,1,0,대구,28,0,31,,,,
9.19목,삼성 라이온즈,14,3,1,9,0,1,1,대구,23.1,0,49,,,,
9.20금,삼성 라이온즈,8,0,0,6,0,0,0,대전,21,0,68,,,,
9.21토,삼성 라이온즈,6,1,0,10,0,0,1,수원,18.5,0,84,,,,
9.24화,삼성 라이온즈,8,1,1,12,0,1,1,서울,23.4,0,42,,,,
9.25수,삼성 라이온즈,5,0,0,10,1,0,0,인천,21.8,0,71,,,,
9.26목,삼성 라이온즈,4,0,0,3,2,1,0,대구,23.5,0,65,,,,
9.27금,삼성 라이온즈,4,0,3,7,1,0,0,대구,24,0,74,,,,
9.28토,삼성 라이온즈,12,1,1,10,0,1,1,대구,25.7,0,75,,,,
9.29일,삼성 라이온즈,6,0,0,10,0,4,0,수원,23.4,0,66,,,,
