day_text,,team_text,H_text,HR_text,S_text,ST_text,DU_text,ER_text,result_text,,지점명,,,,,,,,지점,지점명,일시,기온(°C),강수량(mm),습도(%)
5.1목,5.1,LG 트윈스,8,1,2,5,1,4,패,0,창원,,,,,,,,108,서울,4.1,19.2,,25
5.1목,5.1,NC 다이노스,12,0,1,4,1,1,승,1,창원,,,,,,,,108,서울,4.2,18.7,,21
5.1목,5.1,롯데 자이언츠,7,0,1,8,0,0,패,0,대전,,,,,,,,108,서울,4.3,10.1,,61
5.1목,5.1,한화 이글스,8,0,0,7,0,1,승,1,대전,,,,,,,,108,서울,4.4,8.5,,37
5.1목,5.1,SK 와이번스,10,0,1,8,2,8,패,0,광주,,,,,,,,108,서울,4.5,6.5,0,71
5.1목,5.1,KIA 타이거즈,21,1,2,3,0,0,승,1,광주,,,,,,,,108,서울,4.6,10.7,,39
5.1목,5.1,키움 히어로즈,8,1,0,10,0,0,승,0,서울,,,,,,,,108,서울,4.7,13.4,,54
5.1목,5.1,두산 베어스,8,1,2,5,1,0,패,1,서울,,,,,,,,108,서울,4.8,17.2,,27
5.3토,5.3,롯데 자이언츠,11,0,3,9,1,1,승,0,인천,,,,,,,,108,서울,4.9,13.1,,75
5.3토,5.3,SK 와이번스,13,1,2,9,1,0,패,1,인천,,,,,,,,108,서울,4.10,17.6,,56
5.3토,5.3,NC 다이노스,13,0,2,6,0,0,승,0,대구,,,,,,,,108,서울,4.11,15.7,,67
5.3토,5.3,삼성 라이온즈,8,0,0,6,0,1,패,1,대구,,,,,,,,108,서울,4.12,15.6,,64
5.3토,5.3,두산 베어스,7,1,0,5,0,0,승,0,서울,,,,,,,,108,서울,4.13,19.7,,48
5.3토,5.3,LG 트윈스,7,1,0,5,0,1,패,1,서울,,,,,,,,108,서울,4.14,19.3,,40
5.3토,5.3,키움 히어로즈,7,1,1,5,2,1,승,0,광주,,,,,,,,108,서울,4.15,15.7,,71
5.3토,5.3,KIA 타이거즈,10,0,4,6,1,0,패,1,광주,,,,,,,,108,서울,4.16,18.6,,63
5.4일,5.4,롯데 자이언츠,18,4,2,5,1,0,승,0,인천,,,,,,,,108,서울,4.17,19.2,,37
5.4일,5.4,SK 와이번스,6,1,0,6,0,2,패,1,인천,,,,,,,,108,서울,4.18,19.6,,41
5.4일,5.4,NC 다이노스,8,0,0,6,1,0,패,0,대구,,,,,,,,108,서울,4.19,15.7,,51
5.4일,5.4,삼성 라이온즈,9,0,3,2,1,0,승,1,대구,,,,,,,,108,서울,4.20,16.9,,46
5.4일,5.4,두산 베어스,2,0,0,7,0,0,패,0,서울,,,,,,,,108,서울,4.21,18.3,,34
5.4일,5.4,LG 트윈스,15,0,1,5,0,1,승,1,서울,,,,,,,,108,서울,4.22,20.4,,24
5.4일,5.4,키움 히어로즈,14,3,1,3,0,2,패,0,광주,,,,,,,,108,서울,4.23,22.8,,32
5.4일,5.4,KIA 타이거즈,14,1,1,6,2,2,승,1,광주,,,,,,,,108,서울,4.24,23.2,,22
5.5월,5.5,롯데 자이언츠,9,1,1,11,1,0,패,0,인천,,,,,,,,108,서울,4.25,23.1,,22
5.5월,5.5,SK 와이번스,12,1,3,10,2,2,승,1,인천,,,,,,,,108,서울,4.26,20.6,,35
5.5월,5.5,NC 다이노스,9,0,2,4,0,1,패,0,대구,,,,,,,,108,서울,4.27,16.9,0,70
5.5월,5.5,삼성 라이온즈,5,0,2,6,1,0,승,1,대구,,,,,,,,108,서울,4.28,14.9,0,78
5.5월,5.5,두산 베어스,14,0,1,5,2,1,승,0,서울,,,,,,,,108,서울,4.29,16.8,,62
5.5월,5.5,LG 트윈스,8,0,0,4,1,0,패,1,서울,,,,,,,,108,서울,4.30,19.8,,54
5.5월,5.5,키움 히어로즈,14,3,3,7,2,0,승,0,광주,,,,,,,,108,서울,5.1,20,,45
5.5월,5.5,KIA 타이거즈,14,1,0,6,0,2,패,1,광주,,,,,,,,108,서울,5.2,14.9,0,93
5.6화,5.6,한화 이글스,10,0,2,5,2,1,패,0,서울,,,,,,,,108,서울,5.3,17.1,,43
5.6화,5.6,LG 트윈스,15,0,1,7,0,2,승,1,서울,,,,,,,,108,서울,5.4,12.3,0.1,75
5.6화,5.6,NC 다이노스,13,1,3,9,2,0,승,0,서울,,,,,,,,108,서울,5.5,13.2,,42
5.6화,5.6,키움 히어로즈,7,1,0,6,1,0,패,1,서울,,,,,,,,108,서울,5.6,16.7,,29
5.6화,5.6,두산 베어스,16,0,0,7,1,0,패,0,부산,,,,,,,,108,서울,5.7,18.9,,37
5.6화,5.6,롯데 자이언츠,24,2,0,4,1,1,승,1,부산,,,,,,,,108,서울,5.8,16.1,,73
5.6화,5.6,삼성 라이온즈,14,0,2,5,0,1,승,0,인천,,,,,,,,108,서울,5.9,23,,31
5.6화,5.6,SK 와이번스,8,1,1,8,0,1,패,1,인천,,,,,,,,108,서울,5.10,25.8,,35
5.7수,5.7,한화 이글스,15,1,2,7,0,1,승,0,서울,,,,,,,,108,서울,5.11,21.1,0.3,59
5.7수,5.7,LG 트윈스,9,0,3,8,0,1,패,1,서울,,,,,,,,108,서울,5.12,19.3,,59
5.7수,5.7,NC 다이노스,21,6,0,5,1,0,승,0,서울,,,,,,,,108,서울,5.13,23.9,,46
5.7수,5.7,키움 히어로즈,6,2,0,8,0,0,패,1,서울,,,,,,,,108,서울,5.14,22.8,,45
5.7수,5.7,두산 베어스,11,2,0,11,1,0,패,0,부산,,,,,,,,108,서울,5.15,21,,41
5.7수,5.7,롯데 자이언츠,12,0,1,9,0,0,승,1,부산,,,,,,,,108,서울,5.16,23.1,,28
5.7수,5.7,삼성 라이온즈,6,0,0,8,0,0,승,0,인천,,,,,,,,108,서울,5.17,25,,33
5.7수,5.7,SK 와이번스,9,1,1,7,2,1,패,1,인천,,,,,,,,108,서울,5.18,24.9,,39
5.8목,5.8,한화 이글스,11,1,0,5,1,0,승,0,서울,,,,,,,,108,서울,5.19,22.2,,52
5.8목,5.8,LG 트윈스,7,0,0,5,3,0,패,1,서울,,,,,,,,108,서울,5.20,27.5,,30
5.8목,5.8,NC 다이노스,8,0,0,9,0,0,패,0,서울,,,,,,,,108,서울,5.21,22.6,,57
5.8목,5.8,키움 히어로즈,8,2,1,7,1,1,승,1,서울,,,,,,,,108,서울,5.22,26.4,,37
5.8목,5.8,두산 베어스,20,6,0,1,3,1,승,0,부산,,,,,,,,108,서울,5.23,24.8,,65
5.8목,5.8,롯데 자이언츠,11,0,2,8,2,1,패,1,부산,,,,,,,,108,서울,5.24,22.2,,70
5.8목,5.8,삼성 라이온즈,6,2,1,7,0,0,승,0,인천,,,,,,,,108,서울,5.25,19.1,0,97
5.8목,5.8,SK 와이번스,3,0,1,11,1,0,패,1,인천,,,,,,,,108,서울,5.26,23.4,,36
5.9금,5.9,KIA 타이거즈,9,2,0,9,0,0,승,0,대전,,,,,,,,108,서울,5.27,27,,40
5.9금,5.9,한화 이글스,7,0,3,12,0,1,패,1,대전,,,,,,,,108,서울,5.28,26.9,,59
5.9금,5.9,LG 트윈스,10,0,1,4,1,2,패,0,서울,,,,,,,,108,서울,5.29,28.7,,33
5.9금,5.9,키움 히어로즈,9,1,2,8,0,1,승,1,서울,,,,,,,,108,서울,5.30,29.6,,36
5.9금,5.9,롯데 자이언츠,9,1,1,9,0,0,승,0,창원,,,,,,,,108,서울,5.31,29.3,,46
5.9금,5.9,NC 다이노스,4,0,0,12,0,2,패,1,창원,,,,,,,,108,서울,6.1,26.3,,63
5.9금,5.9,삼성 라이온즈,17,4,0,1,0,0,승,0,서울,,,,,,,,108,서울,6.2,22.7,0.5,83
5.9금,5.9,두산 베어스,9,0,0,4,1,0,패,1,서울,,,,,,,,108,서울,6.3,18.9,4.5,100
5.10토,5.1,KIA 타이거즈,18,2,2,5,1,0,승,0,대전,,,,,,,,108,서울,6.4,25.3,,53
5.10토,5.1,한화 이글스,9,1,0,3,0,0,패,1,대전,,,,,,,,108,서울,6.5,24.2,,56
5.10토,5.1,LG 트윈스,11,0,2,9,1,1,승,0,서울,,,,,,,,108,서울,6.6,28.8,,51
5.10토,5.1,키움 히어로즈,7,0,1,6,0,2,패,1,서울,,,,,,,,108,서울,6.7,25.8,,55
5.10토,5.1,롯데 자이언츠,6,1,1,5,1,1,패,0,창원,,,,,,,,108,서울,6.8,22.5,,72
5.10토,5.1,NC 다이노스,8,1,1,10,0,1,승,1,창원,,,,,,,,108,서울,6.9,25.5,,63
5.10토,5.1,삼성 라이온즈,5,0,1,4,2,2,패,0,서울,,,,,,,,108,서울,6.10,23.9,1,86
5.10토,5.1,두산 베어스,15,1,2,5,2,1,승,1,서울,,,,,,,,108,서울,6.11,18.3,0,96
5.11일,5.1,KIA 타이거즈,9,1,0,4,0,1,승,0,대전,,,,,,,,108,서울,6.12,21.9,,74
5.11일,5.1,한화 이글스,6,0,3,6,2,1,패,1,대전,,,,,,,,108,서울,6.13,24.8,,66
5.11일,5.1,LG 트윈스,4,0,0,6,1,0,패,0,서울,,,,,,,,108,서울,6.14,26.1,,58
5.11일,5.1,키움 히어로즈,12,3,1,2,2,0,승,1,서울,,,,,,,,108,서울,6.15,26.8,,48
5.11일,5.1,롯데 자이언츠,6,0,0,4,1,2,패,0,창원,,,,,,,,108,서울,6.16,27.9,,46
5.11일,5.1,NC 다이노스,12,1,0,4,0,0,승,1,창원,,,,,,,,108,서울,6.17,26.5,,63
5.11일,5.1,삼성 라이온즈,3,0,1,4,0,1,패,0,서울,,,,,,,,108,서울,6.18,27.1,,63
5.11일,5.1,두산 베어스,13,2,0,5,1,0,승,1,서울,,,,,,,,108,서울,6.19,23.5,0,76
5.13화,5.1,한화 이글스,7,0,0,7,2,1,패,0,대구,,,,,,,,108,서울,6.20,26,0.2,77
5.13화,5.1,삼성 라이온즈,13,2,4,2,0,0,승,1,대구,,,,,,,,108,서울,6.21,25.7,0,73
5.13화,5.1,KIA 타이거즈,7,1,1,7,0,2,패,0,창원,,,,,,,,108,서울,6.22,27.3,,63
5.13화,5.1,NC 다이노스,7,1,1,4,3,1,승,1,창원,,,,,,,,108,서울,6.23,21.4,,86
5.13화,5.1,롯데 자이언츠,6,0,1,7,0,1,패,0,서울,,,,,,,,108,서울,6.24,26.3,,50
5.13화,5.1,LG 트윈스,7,1,0,2,1,0,승,1,서울,,,,,,,,108,서울,6.25,26.5,,61
5.13화,5.1,두산 베어스,13,1,3,9,0,0,승,0,인천,,,,,,,,108,서울,6.26,27.3,,50
5.13화,5.1,SK 와이번스,10,3,0,7,0,1,패,1,인천,,,,,,,,108,서울,6.27,26.3,,59
5.14수,5.1,한화 이글스,7,0,2,11,1,0,패,0,대구,,,,,,,,108,서울,6.28,25,,64
5.14수,5.1,삼성 라이온즈,11,0,1,5,1,1,승,1,대구,,,,,,,,108,서울,6.29,28.2,,54
5.14수,5.1,KIA 타이거즈,12,0,2,8,1,2,패,0,창원,,,,,,,,108,서울,6.30,29.1,,50
5.14수,5.1,NC 다이노스,10,2,3,6,0,0,승,1,창원,,,,,,,,108,서울,7.1,30.4,,56
5.14수,5.1,롯데 자이언츠,9,0,0,6,0,0,패,0,서울,,,,,,,,108,서울,7.2,26.7,,76
5.14수,5.1,LG 트윈스,6,0,1,7,1,0,승,1,서울,,,,,,,,108,서울,7.3,24,,76
5.14수,5.1,두산 베어스,15,3,0,7,0,0,승,0,인천,,,,,,,,108,서울,7.4,31.6,,41
5.14수,5.1,SK 와이번스,5,0,2,11,1,1,패,1,인천,,,,,,,,108,서울,7.5,27.4,,66
5.15목,5.1,한화 이글스,10,0,0,15,0,0,무,0,대구,,,,,,,,108,서울,7.6,28.1,,52
5.15목,5.1,삼성 라이온즈,9,1,0,5,1,0,무,1,대구,,,,,,,,108,서울,7.7,31.5,,54
5.15목,5.1,KIA 타이거즈,8,4,2,5,0,1,승,0,창원,,,,,,,,108,서울,7.8,29.1,,61
5.15목,5.1,NC 다이노스,10,1,0,14,0,1,패,1,창원,,,,,,,,108,서울,7.9,27.3,0,82
5.15목,5.1,롯데 자이언츠,14,0,0,9,0,0,승,0,서울,,,,,,,,108,서울,7.10,33.3,,30
5.15목,5.1,LG 트윈스,10,1,0,4,1,1,패,1,서울,,,,,,,,108,서울,7.11,29,,60
5.15목,5.1,두산 베어스,14,1,1,8,0,1,승,0,인천,,,,,,,,108,서울,7.12,26.6,,71
5.15목,5.1,SK 와이번스,4,0,1,7,0,3,패,1,인천,,,,,,,,108,서울,7.13,26.3,,74
5.16금,5.1,NC 다이노스,5,0,0,8,0,0,패,0,서울,,,,,,,,108,서울,7.14,29.7,,54
5.16금,5.1,두산 베어스,13,3,1,9,0,2,승,1,서울,,,,,,,,108,서울,7.15,29.5,,59
5.16금,5.1,SK 와이번스,7,1,2,8,1,2,패,0,대전,,,,,,,,108,서울,7.16,31.2,,46
5.16금,5.1,한화 이글스,10,0,1,6,1,0,승,1,대전,,,,,,,,108,서울,7.17,27.6,0,74
5.16금,5.1,삼성 라이온즈,6,2,1,5,1,0,승,0,광주,,,,,,,,108,서울,7.18,29.7,,62
5.16금,5.1,KIA 타이거즈,6,0,3,8,0,0,패,1,광주,,,,,,,,108,서울,7.19,29.3,,71
5.16금,5.1,키움 히어로즈,7,1,2,6,2,1,패,0,부산,,,,,,,,108,서울,7.20,29.4,,70
5.16금,5.1,롯데 자이언츠,12,0,0,7,1,0,승,1,부산,,,,,,,,108,서울,7.21,30,,62
5.17토,5.1,NC 다이노스,4,0,1,2,0,0,패,0,서울,,,,,,,,108,서울,7.22,25.9,0.2,85
5.17토,5.1,두산 베어스,11,0,1,2,2,2,승,1,서울,,,,,,,,108,서울,7.23,23.4,0,89
5.17토,5.1,SK 와이번스,16,0,6,6,0,1,승,0,대전,,,,,,,,108,서울,7.24,24.5,,74
5.17토,5.1,한화 이글스,10,1,0,8,1,1,패,1,대전,,,,,,,,108,서울,7.25,32.8,,52
5.17토,5.1,삼성 라이온즈,18,3,0,6,2,3,승,0,광주,,,,,,,,108,서울,7.26,24,,68
5.17토,5.1,KIA 타이거즈,11,1,1,8,0,2,패,1,광주,,,,,,,,108,서울,7.27,28.4,,68
5.17토,5.1,키움 히어로즈,13,0,0,3,0,1,승,0,부산,,,,,,,,108,서울,7.28,29.2,,67
5.17토,5.1,롯데 자이언츠,8,1,0,7,0,5,패,1,부산,,,,,,,,108,서울,7.29,29.2,,63
5.18일,5.1,NC 다이노스,14,2,0,7,1,1,승,0,서울,,,,,,,,108,서울,7.30,33,,55
5.18일,5.1,두산 베어스,10,2,0,2,0,1,패,1,서울,,,,,,,,108,서울,7.31,30.4,1.5,82
5.18일,5.1,SK 와이번스,12,0,0,5,1,0,패,0,대전,,,,,,,,108,서울,8.1,33.5,,51
5.18일,5.1,한화 이글스,13,0,0,3,1,0,승,1,대전,,,,,,,,108,서울,8.2,32.5,,55
5.18일,5.1,삼성 라이온즈,16,1,2,6,0,0,승,0,광주,,,,,,,,108,서울,8.3,26.1,1.5,100
5.18일,5.1,KIA 타이거즈,6,0,0,4,0,1,패,1,광주,,,,,,,,108,서울,8.4,29.2,,80
5.18일,5.1,키움 히어로즈,11,1,0,10,0,3,패,0,부산,,,,,,,,108,서울,8.5,28.4,,79
5.18일,5.1,롯데 자이언츠,12,2,0,3,1,0,승,1,부산,,,,,,,,108,서울,8.6,23.6,4,100
5.20화,5.2,한화 이글스,4,1,1,2,2,2,패,0,서울,,,,,,,,108,서울,8.7,26.7,,79
5.20화,5.2,키움 히어로즈,8,2,0,3,2,0,승,1,서울,,,,,,,,108,서울,8.8,29.5,,48
5.20화,5.2,LG 트윈스,7,1,1,6,1,1,패,0,광주,,,,,,,,108,서울,8.9,29.1,,38
5.20화,5.2,KIA 타이거즈,12,4,1,3,0,2,승,1,광주,,,,,,,,108,서울,8.10,20.8,19,100
5.20화,5.2,롯데 자이언츠,8,0,0,12,0,1,패,0,대구,,,,,,,,108,서울,8.11,26.9,,68
5.20화,5.2,삼성 라이온즈,9,1,0,2,0,2,승,1,대구,,,,,,,,108,서울,8.12,29,,61
5.20화,5.2,SK 와이번스,7,1,0,1,1,0,패,0,창원,,,,,,,,108,서울,8.13,24.7,0,61
5.20화,5.2,NC 다이노스,9,2,1,7,0,0,승,1,창원,,,,,,,,108,서울,8.14,22.3,,80
5.21수,5.2,한화 이글스,15,2,1,8,2,1,승,0,서울,,,,,,,,108,서울,8.15,28.8,,62
5.21수,5.2,키움 히어로즈,11,1,0,8,1,1,패,1,서울,,,,,,,,108,서울,8.16,28.9,,65
5.21수,5.2,LG 트윈스,8,1,2,10,0,0,승,0,광주,,,,,,,,108,서울,8.17,23.8,0,80
5.21수,5.2,KIA 타이거즈,8,0,0,7,1,1,패,1,광주,,,,,,,,108,서울,8.18,23.3,,85
5.21수,5.2,롯데 자이언츠,13,0,0,9,0,1,패,0,대구,,,,,,,,108,서울,8.19,24.6,,88
5.21수,5.2,삼성 라이온즈,7,3,2,4,0,0,승,1,대구,,,,,,,,108,서울,8.20,27,,75
5.21수,5.2,SK 와이번스,16,2,0,9,0,0,승,0,창원,,,,,,,,108,서울,8.21,23.7,,87
5.21수,5.2,NC 다이노스,8,0,1,7,0,0,패,1,창원,,,,,,,,108,서울,8.22,26.6,,71
5.22목,5.2,한화 이글스,20,1,0,5,1,2,승,0,서울,,,,,,,,108,서울,8.23,27.5,,67
5.22목,5.2,키움 히어로즈,9,0,0,4,3,2,패,1,서울,,,,,,,,108,서울,8.24,27.5,,68
5.22목,5.2,LG 트윈스,21,0,2,5,1,1,승,0,광주,,,,,,,,108,서울,8.25,27.3,,64
5.22목,5.2,KIA 타이거즈,15,3,0,7,3,1,패,1,광주,,,,,,,,108,서울,8.26,25.8,1,85
5.22목,5.2,롯데 자이언츠,10,1,2,10,0,1,패,0,대구,,,,,,,,108,서울,8.27,27.5,,60
5.22목,5.2,삼성 라이온즈,9,2,1,6,1,2,승,1,대구,,,,,,,,108,서울,8.28,28.8,,53
5.22목,5.2,SK 와이번스,9,0,0,14,0,1,승,0,창원,,,,,,,,108,서울,8.29,27.3,0,62
5.22목,5.2,NC 다이노스,8,0,2,4,2,0,패,1,창원,,,,,,,,108,서울,8.30,27.3,,69
5.23금,5.2,한화 이글스,12,1,0,3,1,1,패,0,서울,,,,,,,,108,서울,8.31,26.7,,57
5.23금,5.2,두산 베어스,11,1,1,9,0,0,승,1,서울,,,,,,,,108,서울,9.1,26.7,,65
5.23금,5.2,KIA 타이거즈,6,0,0,7,1,0,패,0,부산,,,,,,,,108,서울,9.2,25,,65
5.23금,5.2,롯데 자이언츠,3,0,0,8,0,0,승,1,부산,,,,,,,,108,서울,9.3,20.4,,100
5.23금,5.2,LG 트윈스,12,1,1,8,0,1,승,0,인천,,,,,,,,108,서울,9.4,24.8,,66
5.23금,5.2,SK 와이번스,8,1,2,10,1,2,패,1,인천,,,,,,,,108,서울,9.5,25.9,,65
5.23금,5.2,키움 히어로즈,6,1,1,5,0,0,패,0,대구,,,,,,,,108,서울,9.6,29.1,,54
5.23금,5.2,삼성 라이온즈,11,2,1,5,0,1,승,1,대구,,,,,,,,108,서울,9.7,27.7,,63
5.24토,5.2,한화 이글스,15,0,2,6,0,1,승,0,서울,,,,,,,,108,서울,9.8,27.3,,54
5.24토,5.2,두산 베어스,14,0,0,5,1,2,패,1,서울,,,,,,,,108,서울,9.9,24.6,,44
5.24토,5.2,KIA 타이거즈,12,1,0,3,0,2,승,0,부산,,,,,,,,108,서울,9.10,26.5,,42
5.24토,5.2,롯데 자이언츠,2,0,0,7,0,1,패,1,부산,,,,,,,,108,서울,9.11,26.7,,49
5.24토,5.2,LG 트윈스,7,2,1,11,2,0,패,0,인천,,,,,,,,108,서울,9.12,21.2,0.1,84
5.24토,5.2,SK 와이번스,8,3,2,5,0,0,승,1,인천,,,,,,,,108,서울,9.13,27,,45
5.24토,5.2,키움 히어로즈,6,1,1,7,0,0,패,0,대구,,,,,,,,108,서울,9.14,25.3,,56
5.24토,5.2,삼성 라이온즈,7,3,3,4,0,0,승,1,대구,,,,,,,,108,서울,9.15,24.9,,57
5.25일,5.2,한화 이글스,12,0,3,8,2,0,패,0,서울,,,,,,,,108,서울,9.16,23.1,,35
5.25일,5.2,두산 베어스,18,1,0,2,2,1,승,1,서울,,,,,,,,108,서울,9.17,22,,52
5.25일,5.2,KIA 타이거즈,14,1,1,4,2,0,승,0,부산,,,,,,,,108,서울,9.18,24.8,,43
5.25일,5.2,롯데 자이언츠,6,1,0,7,0,1,패,1,부산,,,,,,,,108,서울,9.19,25.5,,38
5.25일,5.2,LG 트윈스,6,0,1,5,0,1,패,0,인천,,,,,,,,108,서울,9.20,25.9,,27
5.25일,5.2,SK 와이번스,12,0,5,5,0,0,승,1,인천,,,,,,,,108,서울,9.21,24.1,,47
5.25일,5.2,키움 히어로즈,5,1,0,11,0,2,패,0,대구,,,,,,,,108,서울,9.22,26.1,,36
5.25일,5.2,삼성 라이온즈,23,2,0,7,2,0,승,1,대구,,,,,,,,108,서울,9.23,25.7,,35
5.27화,5.2,NC 다이노스,19,5,0,8,1,2,승,0,대전,,,,,,,,108,서울,9.24,22.2,,67
5.27화,5.2,한화 이글스,15,0,1,4,1,2,패,1,대전,,,,,,,,108,서울,9.25,25.3,,58
5.27화,5.2,두산 베어스,11,1,0,10,0,0,패,0,광주,,,,,,,,108,서울,9.26,21.5,0,84
5.27화,5.2,KIA 타이거즈,12,0,0,8,2,0,승,1,광주,,,,,,,,108,서울,9.27,23.1,,74
5.27화,5.2,SK 와이번스,10,0,0,6,1,1,패,0,서울,,,,,,,,108,서울,9.28,23.5,,75
5.27화,5.2,키움 히어로즈,15,3,2,4,2,0,승,1,서울,,,,,,,,108,서울,9.29,19.2,,96
5.27화,5.2,삼성 라이온즈,8,0,0,9,1,0,패,0,서울,,,,,,,,108,서울,9.30,20.6,,60
5.27화,5.2,LG 트윈스,9,0,1,6,1,2,승,1,서울,,,,,,,,108,서울,10.1,22.2,,60
5.28수,5.2,NC 다이노스,17,4,0,9,0,0,승,0,대전,,,,,,,,108,서울,10.2,18,1,99
5.28수,5.2,한화 이글스,7,0,0,7,0,0,패,1,대전,,,,,,,,108,서울,10.3,18.5,,60
5.28수,5.2,두산 베어스,13,2,2,4,1,1,승,0,광주,,,,,,,,108,서울,10.4,19.7,,49
5.28수,5.2,KIA 타이거즈,12,1,1,10,0,0,패,1,광주,,,,,,,,108,서울,10.5,20.6,,46
5.28수,5.2,SK 와이번스,7,1,2,4,1,0,패,0,서울,,,,,,,,108,서울,10.6,19.9,,45
5.28수,5.2,키움 히어로즈,7,2,0,2,2,0,승,1,서울,,,,,,,,108,서울,10.7,18.3,,46
5.28수,5.2,삼성 라이온즈,12,1,1,1,1,0,승,0,서울,,,,,,,,108,서울,10.8,20.3,,54
5.28수,5.2,LG 트윈스,9,0,2,6,1,0,패,1,서울,,,,,,,,108,서울,10.9,22.1,,46
5.29목,5.2,NC 다이노스,19,2,0,2,1,0,승,0,대전,,,,,,,,108,서울,10.10,22,,58
5.29목,5.2,한화 이글스,16,0,0,4,3,0,패,1,대전,,,,,,,,108,서울,10.11,23.1,,49
5.29목,5.2,두산 베어스,22,1,2,6,0,0,승,0,광주,,,,,,,,108,서울,10.12,25.8,,35
5.29목,5.2,KIA 타이거즈,16,2,2,10,1,0,패,1,광주,,,,,,,,108,서울,10.13,15.5,,54
5.29목,5.2,SK 와이번스,16,1,4,7,1,1,승,0,서울,,,,,,,,108,서울,10.14,16.3,,43
5.29목,5.2,키움 히어로즈,7,1,4,10,0,0,패,1,서울,,,,,,,,108,서울,10.15,15.3,,49
5.29목,5.2,삼성 라이온즈,8,1,4,5,2,0,승,0,서울,,,,,,,,108,서울,10.16,14.9,,26
5.29목,5.2,LG 트윈스,6,0,1,7,1,1,패,1,서울,,,,,,,,108,서울,10.17,16.9,,48
5.30금,5.3,LG 트윈스,8,0,1,9,0,1,패,0,서울,,,,,,,,108,서울,10.18,19.2,,62
5.30금,5.3,키움 히어로즈,13,2,2,7,2,0,승,1,서울,,,,,,,,108,서울,10.19,20.3,,38
5.30금,5.3,롯데 자이언츠,7,1,1,6,1,0,패,0,서울,,,,,,,,108,서울,10.20,15.4,,98
5.30금,5.3,두산 베어스,11,0,1,3,1,0,승,1,서울,,,,,,,,108,서울,10.21,12.4,0.5,91
5.30금,5.3,NC 다이노스,14,0,2,6,0,2,승,0,광주,,,,,,,,108,서울,10.22,14.9,,62
5.30금,5.3,KIA 타이거즈,8,2,0,5,2,2,패,1,광주,,,,,,,,108,서울,10.23,16.7,,56
5.30금,5.3,SK 와이번스,10,0,1,6,2,0,승,0,대전,,,,,,,,108,서울,10.24,18,,71
5.30금,5.3,한화 이글스,6,1,1,4,0,0,패,1,대전,,,,,,,,108,서울,10.25,18.6,,77
5.31토,5.3,LG 트윈스,13,2,2,7,0,0,승,0,서울,,,,,,,,108,서울,10.26,18.2,,81
5.31토,5.3,키움 히어로즈,12,1,1,10,1,0,패,1,서울,,,,,,,,108,서울,10.27,12.9,,32
5.31토,5.3,롯데 자이언츠,29,2,0,4,1,1,승,0,서울,,,,,,,,108,서울,10.28,14,,34
5.31토,5.3,두산 베어스,5,1,0,3,1,2,패,1,서울,,,,,,,,108,서울,10.29,16.3,,34
5.31토,5.3,NC 다이노스,12,1,2,8,1,1,승,0,광주,,,,,,,,108,서울,10.30,17.1,,40
5.31토,5.3,KIA 타이거즈,9,3,1,7,0,0,패,1,광주,,,,,,,,112,인천,4.1,16.7,,27
5.31토,5.3,SK 와이번스,11,0,0,1,1,0,승,0,대전,,,,,,,,112,인천,4.2,14.3,,49
5.31토,5.3,한화 이글스,11,1,1,6,1,1,패,1,대전,,,,,,,,112,인천,4.3,9.9,,60
,,,,,,,,,,,,,,,,,,,112,인천,4.4,7.3,,56
,,,,,,,,,,,,,,,,,,,112,인천,4.5,6.7,,69
team_text,,번호,,,,,,,,,,,,,,,,,112,인천,4.6,8.3,,71
NC 다이노스,,1,,,,,,,,,,,,,,,,,112,인천,4.7,10.8,,65
두산 베어스,,2,,,,,,,,,,,,,,,,,112,인천,4.8,13.4,,76
KT위즈,,3,,,,,,,,,,,,,,,,,112,인천,4.9,9.4,,94
LG 트윈스,,4,,,,,,,,,,,,,,,,,112,인천,4.10,11.6,,87
키움 히어로즈,,5,,,,,,,,,,,,,,,,,112,인천,4.11,12.8,,83
KIA 타이거즈,,6,,,,,,,,,,,,,,,,,112,인천,4.12,13.7,,86
롯데 자이언츠,,7,,,,,,,,,,,,,,,,,112,인천,4.13,16.3,,57
삼성 라이온즈,,8,,,,,,,,,,,,,,,,,112,인천,4.14,14.5,,62
SK 와이번스,,9,,,,,,,,,,,,,,,,,112,인천,4.15,10.8,,99
한화 이글스,,10,,,,,,,,,,,,,,,,,112,인천,4.16,12.1,,93
,,,,,,,,,,,,,,,,,,,112,인천,4.17,16.2,,61
,,,,,,,,,,,,,,,,,,,112,인천,4.18,16.4,,53
,,,,,,,,,,,,,,,,,,,112,인천,4.19,16.6,,49
,,,,,,,,,,,,,,,,,,,112,인천,4.20,14,,70
,,,,,,,,,,,,,,,,,,,112,인천,4.21,16,,53
,,,,,,,,,,,,,,,,,,,112,인천,4.22,18.1,,35
,,,,,,,,,,,,,,,,,,,112,인천,4.23,18,,66
,,,,,,,,,,,,,,,,,,,112,인천,4.24,19.2,,62
,,,,,,,,,,,,,,,,,,,112,인천,4.25,20.1,,34
,,,,,,,,,,,,,,,,,,,112,인천,4.26,18.7,,46
,,,,,,,,,,,,,,,,,,,112,인천,4.27,16.1,0,80
,,,,,,,,,,,,,,,,,,,112,인천,4.28,14.1,0.6,98
,,,,,,,,,,,,,,,,,,,112,인천,4.29,16.1,,71
,,,,,,,,,,,,,,,,,,,112,인천,4.30,17.3,,59
,,,,,,,,,,,,,,,,,,,112,인천,5.1,15,,83
,,,,,,,,,,,,,,,,,,,112,인천,5.2,12.8,,99
,,,,,,,,,,,,,,,,,,,112,인천,5.3,13.4,,51
,,,,,,,,,,,,,,,,,,,112,인천,5.4,10.4,0.3,89
,,,,,,,,,,,,,,,,,,,112,인천,5.5,11.4,,79
,,,,,,,,,,,,,,,,,,,112,인천,5.6,13.4,,43
,,,,,,,,,,,,,,,,,,,112,인천,5.7,16.6,,55
,,,,,,,,,,,,,,,,,,,112,인천,5.8,14.7,,86
,,,,,,,,,,,,,,,,,,,112,인천,5.9,20.2,,40
,,,,,,,,,,,,,,,,,,,112,인천,5.10,22.1,,43
,,,,,,,,,,,,,,,,,,,112,인천,5.11,19.2,0.4,67
,,,,,,,,,,,,,,,,,,,112,인천,5.12,15.3,,92
,,,,,,,,,,,,,,,,,,,112,인천,5.13,18.5,,78
,,,,,,,,,,,,,,,,,,,112,인천,5.14,19.6,,64
,,,,,,,,,,,,,,,,,,,112,인천,5.15,17.6,,68
,,,,,,,,,,,,,,,,,,,112,인천,5.16,20.5,,53
,,,,,,,,,,,,,,,,,,,112,인천,5.17,20.5,,68
,,,,,,,,,,,,,,,,,,,112,인천,5.18,21.3,,48
,,,,,,,,,,,,,,,,,,,112,인천,5.19,17.9,,79
,,,,,,,,,,,,,,,,,,,112,인천,5.20,24.3,,40
,,,,,,,,,,,,,,,,,,,112,인천,5.21,17.7,,89
,,,,,,,,,,,,,,,,,,,112,인천,5.22,21,,77
,,,,,,,,,,,,,,,,,,,112,인천,5.23,18.3,,96
,,,,,,,,,,,,,,,,,,,112,인천,5.24,20,,83
,,,,,,,,,,,,,,,,,,,112,인천,5.25,19,,99
,,,,,,,,,,,,,,,,,,,112,인천,5.26,19.2,,68
,,,,,,,,,,,,,,,,,,,112,인천,5.27,23.1,,62
,,,,,,,,,,,,,,,,,,,112,인천,5.28,23.7,,70
,,,,,,,,,,,,,,,,,,,112,인천,5.29,23.6,,64
,,,,,,,,,,,,,,,,,,,112,인천,5.30,26,,39
,,,,,,,,,,,,,,,,,,,112,인천,5.31,23.8,,78
,,,,,,,,,,,,,,,,,,,112,인천,6.1,24.2,,81
,,,,,,,,,,,,,,,,,,,112,인천,6.2,20.6,0,99
,,,,,,,,,,,,,,,,,,,112,인천,6.3,18.9,2.3,99
,,,,,,,,,,,,,,,,,,,112,인천,6.4,25.8,,61
,,,,,,,,,,,,,,,,,,,112,인천,6.5,24.4,,60
,,,,,,,,,,,,,,,,,,,112,인천,6.6,24.9,,68
,,,,,,,,,,,,,,,,,,,112,인천,6.7,23.9,,75
,,,,,,,,,,,,,,,,,,,112,인천,6.8,21,,91
,,,,,,,,,,,,,,,,,,,112,인천,6.9,22.4,,72
,,,,,,,,,,,,,,,,,,,112,인천,6.10,25.3,,76
,,,,,,,,,,,,,,,,,,,112,인천,6.11,20.3,2.6,90
,,,,,,,,,,,,,,,,,,,112,인천,6.12,20.2,0,80
,,,,,,,,,,,,,,,,,,,112,인천,6.13,21.4,,96
,,,,,,,,,,,,,,,,,,,112,인천,6.14,23.3,,74
,,,,,,,,,,,,,,,,,,,112,인천,6.15,22.8,,82
,,,,,,,,,,,,,,,,,,,112,인천,6.16,23.9,,77
,,,,,,,,,,,,,,,,,,,112,인천,6.17,25.8,,75
,,,,,,,,,,,,,,,,,,,112,인천,6.18,23.9,,85
,,,,,,,,,,,,,,,,,,,112,인천,6.19,21.3,0,99
,,,,,,,,,,,,,,,,,,,112,인천,6.20,23.9,,96
,,,,,,,,,,,,,,,,,,,112,인천,6.21,25.2,,84
,,,,,,,,,,,,,,,,,,,112,인천,6.22,25.8,,71
,,,,,,,,,,,,,,,,,,,112,인천,6.23,22.7,,85
,,,,,,,,,,,,,,,,,,,112,인천,6.24,24.2,,78
,,,,,,,,,,,,,,,,,,,112,인천,6.25,24.8,,76
,,,,,,,,,,,,,,,,,,,112,인천,6.26,24.9,,76
,,,,,,,,,,,,,,,,,,,112,인천,6.27,24.1,,81
,,,,,,,,,,,,,,,,,,,112,인천,6.28,23.5,,87
,,,,,,,,,,,,,,,,,,,112,인천,6.29,25.4,,76
,,,,,,,,,,,,,,,,,,,112,인천,6.30,26.1,,84
,,,,,,,,,,,,,,,,,,,112,인천,7.1,28.6,,64
,,,,,,,,,,,,,,,,,,,112,인천,7.2,24.5,,93
,,,,,,,,,,,,,,,,,,,112,인천,7.3,22.1,,98
,,,,,,,,,,,,,,,,,,,112,인천,7.4,28.3,,66
,,,,,,,,,,,,,,,,,,,112,인천,7.5,24.8,,78
,,,,,,,,,,,,,,,,,,,112,인천,7.6,26.9,,55
,,,,,,,,,,,,,,,,,,,112,인천,7.7,28.4,,73
,,,,,,,,,,,,,,,,,,,112,인천,7.8,27.9,,78
,,,,,,,,,,,,,,,,,,,112,인천,7.9,26.8,,91
,,,,,,,,,,,,,,,,,,,112,인천,7.10,31.4,,49
,,,,,,,,,,,,,,,,,,,112,인천,7.11,25.7,,94
,,,,,,,,,,,,,,,,,,,112,인천,7.12,23.8,,99
,,,,,,,,,,,,,,,,,,,112,인천,7.13,23.7,,99
,,,,,,,,,,,,,,,,,,,112,인천,7.14,26.8,,79
,,,,,,,,,,,,,,,,,,,112,인천,7.15,27,,83
,,,,,,,,,,,,,,,,,,,112,인천,7.16,27.2,,84
,,,,,,,,,,,,,,,,,,,112,인천,7.17,25,,99
,,,,,,,,,,,,,,,,,,,112,인천,7.18,27.2,,91
,,,,,,,,,,,,,,,,,,,112,인천,7.19,27.4,,92
,,,,,,,,,,,,,,,,,,,112,인천,7.20,27.7,,91
,,,,,,,,,,,,,,,,,,,112,인천,7.21,27,,96
,,,,,,,,,,,,,,,,,,,112,인천,7.22,24.3,3.2,99
,,,,,,,,,,,,,,,,,,,112,인천,7.23,22.2,0.1,99
,,,,,,,,,,,,,,,,,,,112,인천,7.24,23.9,,92
,,,,,,,,,,,,,,,,,,,112,인천,7.25,31.1,0,71
,,,,,,,,,,,,,,,,,,,112,인천,7.26,23.5,,94
,,,,,,,,,,,,,,,,,,,112,인천,7.27,26.9,,83
,,,,,,,,,,,,,,,,,,,112,인천,7.28,26.6,,85
,,,,,,,,,,,,,,,,,,,112,인천,7.29,26.4,,93
,,,,,,,,,,,,,,,,,,,112,인천,7.30,29.8,,86
,,,,,,,,,,,,,,,,,,,112,인천,7.31,31.1,,85
,,,,,,,,,,,,,,,,,,,112,인천,8.1,33,,57
,,,,,,,,,,,,,,,,,,,112,인천,8.2,31.7,,63
,,,,,,,,,,,,,,,,,,,112,인천,8.3,26.3,0,99
,,,,,,,,,,,,,,,,,,,112,인천,8.4,27.3,,99
,,,,,,,,,,,,,,,,,,,112,인천,8.5,26.3,,99
,,,,,,,,,,,,,,,,,,,112,인천,8.6,21,1.8,99
,,,,,,,,,,,,,,,,,,,112,인천,8.7,25,,99
,,,,,,,,,,,,,,,,,,,112,인천,8.8,28.7,,60
,,,,,,,,,,,,,,,,,,,112,인천,8.9,29.3,,45
,,,,,,,,,,,,,,,,,,,112,인천,8.10,19.8,4.9,99
,,,,,,,,,,,,,,,,,,,112,인천,8.11,24.4,,99
,,,,,,,,,,,,,,,,,,,112,인천,8.12,26.1,,95
,,,,,,,,,,,,,,,,,,,112,인천,8.13,22.9,0,84
,,,,,,,,,,,,,,,,,,,112,인천,8.14,22.1,,94
,,,,,,,,,,,,,,,,,,,112,인천,8.15,26,,94
,,,,,,,,,,,,,,,,,,,112,인천,8.16,27.2,,72
,,,,,,,,,,,,,,,,,,,112,인천,8.17,23.5,0,97
,,,,,,,,,,,,,,,,,,,112,인천,8.18,22.9,,99
,,,,,,,,,,,,,,,,,,,112,인천,8.19,24.1,,99
,,,,,,,,,,,,,,,,,,,112,인천,8.20,25.7,,97
,,,,,,,,,,,,,,,,,,,112,인천,8.21,24.5,,99
,,,,,,,,,,,,,,,,,,,112,인천,8.22,24.8,,99
,,,,,,,,,,,,,,,,,,,112,인천,8.23,26.1,,92
,,,,,,,,,,,,,,,,,,,112,인천,8.24,25.5,,97
,,,,,,,,,,,,,,,,,,,112,인천,8.25,27.4,,78
,,,,,,,,,,,,,,,,,,,112,인천,8.26,27.1,,81
,,,,,,,,,,,,,,,,,,,112,인천,8.27,27.2,,88
,,,,,,,,,,,,,,,,,,,112,인천,8.28,27,,83
,,,,,,,,,,,,,,,,,,,112,인천,8.29,25.5,0,87
,,,,,,,,,,,,,,,,,,,112,인천,8.30,25.7,,85
,,,,,,,,,,,,,,,,,,,112,인천,8.31,25,,76
,,,,,,,,,,,,,,,,,,,112,인천,9.1,26.5,,82
,,,,,,,,,,,,,,,,,,,112,인천,9.2,24.4,0,82
,,,,,,,,,,,,,,,,,,,112,인천,9.3,20,0,99
,,,,,,,,,,,,,,,,,,,112,인천,9.4,24.2,,90
,,,,,,,,,,,,,,,,,,,112,인천,9.5,24.1,,95
,,,,,,,,,,,,,,,,,,,112,인천,9.6,26.6,,66
,,,,,,,,,,,,,,,,,,,112,인천,9.7,25.7,,91
,,,,,,,,,,,,,,,,,,,112,인천,9.8,25.9,,80
,,,,,,,,,,,,,,,,,,,112,인천,9.9,23.6,,57
,,,,,,,,,,,,,,,,,,,112,인천,9.10,25.2,,63
,,,,,,,,,,,,,,,,,,,112,인천,9.11,25.3,,71
,,,,,,,,,,,,,,,,,,,112,인천,9.12,23.4,,82
,,,,,,,,,,,,,,,,,,,112,인천,9.13,25.3,,82
,,,,,,,,,,,,,,,,,,,112,인천,9.14,23.7,,82
,,,,,,,,,,,,,,,,,,,112,인천,9.15,23.4,,95
,,,,,,,,,,,,,,,,,,,112,인천,9.16,22.5,,45
,,,,,,,,,,,,,,,,,,,112,인천,9.17,22.1,,56
,,,,,,,,,,,,,,,,,,,112,인천,9.18,22.7,,65
,,,,,,,,,,,,,,,,,,,112,인천,9.19,23.7,,66
,,,,,,,,,,,,,,,,,,,112,인천,9.20,23,,74
,,,,,,,,,,,,,,,,,,,112,인천,9.21,22.6,,65
,,,,,,,,,,,,,,,,,,,112,인천,9.22,25.8,,54
,,,,,,,,,,,,,,,,,,,112,인천,9.23,25.6,,44
,,,,,,,,,,,,,,,,,,,112,인천,9.24,22.7,,71
,,,,,,,,,,,,,,,,,,,112,인천,9.25,23.5,,95
,,,,,,,,,,,,,,,,,,,112,인천,9.26,21,,99
,,,,,,,,,,,,,,,,,,,112,인천,9.27,22,,99
,,,,,,,,,,,,,,,,,,,112,인천,9.28,22.1,,99
,,,,,,,,,,,,,,,,,,,112,인천,9.29,18.7,0,99
,,,,,,,,,,,,,,,,,,,112,인천,9.30,21.6,,70
,,,,,,,,,,,,,,,,,,,112,인천,10.1,20.5,,96
,,,,,,,,,,,,,,,,,,,112,인천,10.2,18.4,,95
,,,,,,,,,,,,,,,,,,,112,인천,10.3,18,,75
,,,,,,,,,,,,,,,,,,,112,인천,10.4,20.6,,57
,,,,,,,,,,,,,,,,,,,112,인천,10.5,20,,51
,,,,,,,,,,,,,,,,,,,112,인천,10.6,18.5,,70
,,,,,,,,,,,,,,,,,,,112,인천,10.7,18,,62
,,,,,,,,,,,,,,,,,,,112,인천,10.8,18.4,,77
,,,,,,,,,,,,,,,,,,,112,인천,10.9,20.1,,80
,,,,,,,,,,,,,,,,,,,112,인천,10.10,23.1,,64
,,,,,,,,,,,,,,,,,,,112,인천,10.11,23.4,,55
,,,,,,,,,,,,,,,,,,,112,인천,10.12,25.3,,38
,,,,,,,,,,,,,,,,,,,112,인천,10.13,16.2,,64
,,,,,,,,,,,,,,,,,,,112,인천,10.14,15.5,,58
,,,,,,,,,,,,,,,,,,,112,인천,10.15,15.2,,62
,,,,,,,,,,,,,,,,,,,112,인천,10.16,15.1,,39
,,,,,,,,,,,,,,,,,,,112,인천,10.17,16.4,,63
,,,,,,,,,,,,,,,,,,,112,인천,10.18,17.5,,81
,,,,,,,,,,,,,,,,,,,112,인천,10.19,18.6,,66
,,,,,,,,,,,,,,,,,,,112,인천,10.20,15.8,,99
,,,,,,,,,,,,,,,,,,,112,인천,10.21,12.9,0.1,99
,,,,,,,,,,,,,,,,,,,112,인천,10.22,15.5,,71
,,,,,,,,,,,,,,,,,,,112,인천,10.23,16,,93
,,,,,,,,,,,,,,,,,,,112,인천,10.24,17.5,,94
,,,,,,,,,,,,,,,,,,,112,인천,10.25,17.5,,99
,,,,,,,,,,,,,,,,,,,112,인천,10.26,18,0,99
,,,,,,,,,,,,,,,,,,,112,인천,10.27,12.5,,43
,,,,,,,,,,,,,,,,,,,112,인천,10.28,12.5,,58
,,,,,,,,,,,,,,,,,,,112,인천,10.29,15.4,,58
,,,,,,,,,,,,,,,,,,,112,인천,10.30,16.6,,50
,,,,,,,,,,,,,,,,,,,119,수원,4.1,18.4,,25
,,,,,,,,,,,,,,,,,,,119,수원,4.2,18.8,,19
,,,,,,,,,,,,,,,,,,,119,수원,4.3,8.6,0,80
,,,,,,,,,,,,,,,,,,,119,수원,4.4,8.6,,37
,,,,,,,,,,,,,,,,,,,119,수원,4.5,6.5,,68
,,,,,,,,,,,,,,,,,,,119,수원,4.6,9.9,,37
,,,,,,,,,,,,,,,,,,,119,수원,4.7,12.5,,47
,,,,,,,,,,,,,,,,,,,119,수원,4.8,16,,36
,,,,,,,,,,,,,,,,,,,119,수원,4.9,11.7,,74
,,,,,,,,,,,,,,,,,,,119,수원,4.10,13.3,,64
,,,,,,,,,,,,,,,,,,,119,수원,4.11,14.9,,67
,,,,,,,,,,,,,,,,,,,119,수원,4.12,15.9,,65
,,,,,,,,,,,,,,,,,,,119,수원,4.13,17.7,,54
,,,,,,,,,,,,,,,,,,,119,수원,4.14,17.8,,43
,,,,,,,,,,,,,,,,,,,119,수원,4.15,14.1,,77
,,,,,,,,,,,,,,,,,,,119,수원,4.16,16,,65
,,,,,,,,,,,,,,,,,,,119,수원,4.17,17.8,0,47
,,,,,,,,,,,,,,,,,,,119,수원,4.18,17.9,,43
,,,,,,,,,,,,,,,,,,,119,수원,4.19,17.6,,44
,,,,,,,,,,,,,,,,,,,119,수원,4.20,16,,43
,,,,,,,,,,,,,,,,,,,119,수원,4.21,17.1,,40
,,,,,,,,,,,,,,,,,,,119,수원,4.22,19.6,,22
,,,,,,,,,,,,,,,,,,,119,수원,4.23,20.5,,46
,,,,,,,,,,,,,,,,,,,119,수원,4.24,23,,23
,,,,,,,,,,,,,,,,,,,119,수원,4.25,22.8,,18
,,,,,,,,,,,,,,,,,,,119,수원,4.26,20.3,,36
,,,,,,,,,,,,,,,,,,,119,수원,4.27,16.7,0,76
,,,,,,,,,,,,,,,,,,,119,수원,4.28,13.8,2,92
,,,,,,,,,,,,,,,,,,,119,수원,4.29,17.1,,55
,,,,,,,,,,,,,,,,,,,119,수원,4.30,18.8,,55
,,,,,,,,,,,,,,,,,,,119,수원,5.1,18.7,,49
,,,,,,,,,,,,,,,,,,,119,수원,5.2,14.7,0.1,88
,,,,,,,,,,,,,,,,,,,119,수원,5.3,15.3,,41
,,,,,,,,,,,,,,,,,,,119,수원,5.4,13.2,0,61
,,,,,,,,,,,,,,,,,,,119,수원,5.5,13.1,,36
,,,,,,,,,,,,,,,,,,,119,수원,5.6,16.5,,31
,,,,,,,,,,,,,,,,,,,119,수원,5.7,19.6,,30
,,,,,,,,,,,,,,,,,,,119,수원,5.8,14.7,,78
,,,,,,,,,,,,,,,,,,,119,수원,5.9,20.3,,38
,,,,,,,,,,,,,,,,,,,119,수원,5.10,25.4,,27
,,,,,,,,,,,,,,,,,,,119,수원,5.11,20.9,0,54
,,,,,,,,,,,,,,,,,,,119,수원,5.12,19.5,,58
,,,,,,,,,,,,,,,,,,,119,수원,5.13,23.9,,51
,,,,,,,,,,,,,,,,,,,119,수원,5.14,20.7,,49
,,,,,,,,,,,,,,,,,,,119,수원,5.15,19.1,,51
,,,,,,,,,,,,,,,,,,,119,수원,5.16,22.6,,33
,,,,,,,,,,,,,,,,,,,119,수원,5.17,23.1,,30
,,,,,,,,,,,,,,,,,,,119,수원,5.18,23.4,,39
,,,,,,,,,,,,,,,,,,,119,수원,5.19,21.3,,42
,,,,,,,,,,,,,,,,,,,119,수원,5.20,26.3,,28
,,,,,,,,,,,,,,,,,,,119,수원,5.21,20,,62
,,,,,,,,,,,,,,,,,,,119,수원,5.22,23.9,,57
,,,,,,,,,,,,,,,,,,,119,수원,5.23,22.2,,70
,,,,,,,,,,,,,,,,,,,119,수원,5.24,21.6,,70
,,,,,,,,,,,,,,,,,,,119,수원,5.25,19.5,0.1,93
,,,,,,,,,,,,,,,,,,,119,수원,5.26,23.4,,31
,,,,,,,,,,,,,,,,,,,119,수원,5.27,26.9,,36
,,,,,,,,,,,,,,,,,,,119,수원,5.28,25.1,,56
,,,,,,,,,,,,,,,,,,,119,수원,5.29,27.3,,49
,,,,,,,,,,,,,,,,,,,119,수원,5.30,28.9,,36
,,,,,,,,,,,,,,,,,,,119,수원,5.31,27.5,,54
,,,,,,,,,,,,,,,,,,,119,수원,6.1,26.7,,45
,,,,,,,,,,,,,,,,,,,119,수원,6.2,23.6,0,58
,,,,,,,,,,,,,,,,,,,119,수원,6.3,19.5,0.5,95
,,,,,,,,,,,,,,,,,,,119,수원,6.4,26,,55
,,,,,,,,,,,,,,,,,,,119,수원,6.5,24.6,,50
,,,,,,,,,,,,,,,,,,,119,수원,6.6,26.6,,48
,,,,,,,,,,,,,,,,,,,119,수원,6.7,25.6,,54
,,,,,,,,,,,,,,,,,,,119,수원,6.8,21.9,,76
,,,,,,,,,,,,,,,,,,,119,수원,6.9,24,,55
,,,,,,,,,,,,,,,,,,,119,수원,6.10,25.6,,56
,,,,,,,,,,,,,,,,,,,119,수원,6.11,20.6,,82
,,,,,,,,,,,,,,,,,,,119,수원,6.12,21.7,,68
,,,,,,,,,,,,,,,,,,,119,수원,6.13,24.3,,66
,,,,,,,,,,,,,,,,,,,119,수원,6.14,24.6,,61
,,,,,,,,,,,,,,,,,,,119,수원,6.15,25.3,,53
,,,,,,,,,,,,,,,,,,,119,수원,6.16,26.8,,48
,,,,,,,,,,,,,,,,,,,119,수원,6.17,27.7,,55
,,,,,,,,,,,,,,,,,,,119,수원,6.18,25.7,,63
,,,,,,,,,,,,,,,,,,,119,수원,6.19,24.5,,69
,,,,,,,,,,,,,,,,,,,119,수원,6.20,27.1,,60
,,,,,,,,,,,,,,,,,,,119,수원,6.21,25.6,,69
,,,,,,,,,,,,,,,,,,,119,수원,6.22,26.7,,59
,,,,,,,,,,,,,,,,,,,119,수원,6.23,24,,68
,,,,,,,,,,,,,,,,,,,119,수원,6.24,25.6,,59
,,,,,,,,,,,,,,,,,,,119,수원,6.25,25.4,,63
,,,,,,,,,,,,,,,,,,,119,수원,6.26,26.5,,58
,,,,,,,,,,,,,,,,,,,119,수원,6.27,25.9,,58
,,,,,,,,,,,,,,,,,,,119,수원,6.28,25.2,,58
,,,,,,,,,,,,,,,,,,,119,수원,6.29,27.8,,57
,,,,,,,,,,,,,,,,,,,119,수원,6.30,27.4,,56
,,,,,,,,,,,,,,,,,,,119,수원,7.1,30.1,,52
,,,,,,,,,,,,,,,,,,,119,수원,7.2,24.3,3.6,94
,,,,,,,,,,,,,,,,,,,119,수원,7.3,24,,78
,,,,,,,,,,,,,,,,,,,119,수원,7.4,29,,55
,,,,,,,,,,,,,,,,,,,119,수원,7.5,26.3,,63
,,,,,,,,,,,,,,,,,,,119,수원,7.6,25.8,,56
,,,,,,,,,,,,,,,,,,,119,수원,7.7,30.4,,50
,,,,,,,,,,,,,,,,,,,119,수원,7.8,29.1,,65
,,,,,,,,,,,,,,,,,,,119,수원,7.9,27.9,,77
,,,,,,,,,,,,,,,,,,,119,수원,7.10,30.4,,49
,,,,,,,,,,,,,,,,,,,119,수원,7.11,27.7,,66
,,,,,,,,,,,,,,,,,,,119,수원,7.12,26,,69
,,,,,,,,,,,,,,,,,,,119,수원,7.13,26.4,,74
,,,,,,,,,,,,,,,,,,,119,수원,7.14,28.8,,64
,,,,,,,,,,,,,,,,,,,119,수원,7.15,30.3,,53
,,,,,,,,,,,,,,,,,,,119,수원,7.16,30.1,,52
,,,,,,,,,,,,,,,,,,,119,수원,7.17,26.1,,82
,,,,,,,,,,,,,,,,,,,119,수원,7.18,28.9,,66
,,,,,,,,,,,,,,,,,,,119,수원,7.19,28.5,,73
,,,,,,,,,,,,,,,,,,,119,수원,7.20,29,,69
,,,,,,,,,,,,,,,,,,,119,수원,7.21,29.2,,70
,,,,,,,,,,,,,,,,,,,119,수원,7.22,26.7,,83
,,,,,,,,,,,,,,,,,,,119,수원,7.23,23.4,0.3,97
,,,,,,,,,,,,,,,,,,,119,수원,7.24,26.3,,74
,,,,,,,,,,,,,,,,,,,119,수원,7.25,32.5,,57
,,,,,,,,,,,,,,,,,,,119,수원,7.26,24.2,,75
,,,,,,,,,,,,,,,,,,,119,수원,7.27,27.4,,64
,,,,,,,,,,,,,,,,,,,119,수원,7.28,29.3,,53
,,,,,,,,,,,,,,,,,,,119,수원,7.29,26.5,,76
,,,,,,,,,,,,,,,,,,,119,수원,7.30,31.5,,60
,,,,,,,,,,,,,,,,,,,119,수원,7.31,30.8,,73
,,,,,,,,,,,,,,,,,,,119,수원,8.1,33,,54
,,,,,,,,,,,,,,,,,,,119,수원,8.2,31.6,,50
,,,,,,,,,,,,,,,,,,,119,수원,8.3,26.2,0.1,95
,,,,,,,,,,,,,,,,,,,119,수원,8.4,28.2,,88
,,,,,,,,,,,,,,,,,,,119,수원,8.5,29.1,,79
,,,,,,,,,,,,,,,,,,,119,수원,8.6,23.3,2.7,99
,,,,,,,,,,,,,,,,,,,119,수원,8.7,25.1,,88
,,,,,,,,,,,,,,,,,,,119,수원,8.8,28.7,,55
,,,,,,,,,,,,,,,,,,,119,수원,8.9,28.9,,38
,,,,,,,,,,,,,,,,,,,119,수원,8.10,20.6,17.1,99
,,,,,,,,,,,,,,,,,,,119,수원,8.11,25.4,,65
,,,,,,,,,,,,,,,,,,,119,수원,8.12,27.6,,72
,,,,,,,,,,,,,,,,,,,119,수원,8.13,23.3,0,89
,,,,,,,,,,,,,,,,,,,119,수원,8.14,21,0.1,95
,,,,,,,,,,,,,,,,,,,119,수원,8.15,27,,72
,,,,,,,,,,,,,,,,,,,119,수원,8.16,26.9,,64
,,,,,,,,,,,,,,,,,,,119,수원,8.17,23.5,,79
,,,,,,,,,,,,,,,,,,,119,수원,8.18,23.3,,87
,,,,,,,,,,,,,,,,,,,119,수원,8.19,25.1,,83
,,,,,,,,,,,,,,,,,,,119,수원,8.20,26.5,,78
,,,,,,,,,,,,,,,,,,,119,수원,8.21,24.4,,91
,,,,,,,,,,,,,,,,,,,119,수원,8.22,25.9,,76
,,,,,,,,,,,,,,,,,,,119,수원,8.23,26.6,,74
,,,,,,,,,,,,,,,,,,,119,수원,8.24,27,,72
,,,,,,,,,,,,,,,,,,,119,수원,8.25,26.8,,71
,,,,,,,,,,,,,,,,,,,119,수원,8.26,27.1,,63
,,,,,,,,,,,,,,,,,,,119,수원,8.27,27.7,,57
,,,,,,,,,,,,,,,,,,,119,수원,8.28,27.4,,61
,,,,,,,,,,,,,,,,,,,119,수원,8.29,24.4,7.2,93
,,,,,,,,,,,,,,,,,,,119,수원,8.30,26.4,,65
,,,,,,,,,,,,,,,,,,,119,수원,8.31,25.8,,57
,,,,,,,,,,,,,,,,,,,119,수원,9.1,23.7,1.2,87
,,,,,,,,,,,,,,,,,,,119,수원,9.2,23.5,0,76
,,,,,,,,,,,,,,,,,,,119,수원,9.3,21.1,,97
,,,,,,,,,,,,,,,,,,,119,수원,9.4,24.5,,69
,,,,,,,,,,,,,,,,,,,119,수원,9.5,25.9,,64
,,,,,,,,,,,,,,,,,,,119,수원,9.6,26.6,,62
,,,,,,,,,,,,,,,,,,,119,수원,9.7,26.4,,73
,,,,,,,,,,,,,,,,,,,119,수원,9.8,26.1,,49
,,,,,,,,,,,,,,,,,,,119,수원,9.9,23.6,,43
,,,,,,,,,,,,,,,,,,,119,수원,9.10,24.2,,53
,,,,,,,,,,,,,,,,,,,119,수원,9.11,26.2,,53
,,,,,,,,,,,,,,,,,,,119,수원,9.12,24.3,,70
,,,,,,,,,,,,,,,,,,,119,수원,9.13,26.4,,45
,,,,,,,,,,,,,,,,,,,119,수원,9.14,25.1,,56
,,,,,,,,,,,,,,,,,,,119,수원,9.15,23.5,,67
,,,,,,,,,,,,,,,,,,,119,수원,9.16,22.8,,41
,,,,,,,,,,,,,,,,,,,119,수원,9.17,22.1,,42
,,,,,,,,,,,,,,,,,,,119,수원,9.18,21.2,,63
,,,,,,,,,,,,,,,,,,,119,수원,9.19,24,,47
,,,,,,,,,,,,,,,,,,,119,수원,9.20,24.3,,35
,,,,,,,,,,,,,,,,,,,119,수원,9.21,23.1,,54
,,,,,,,,,,,,,,,,,,,119,수원,9.22,25.5,,36
,,,,,,,,,,,,,,,,,,,119,수원,9.23,25.6,,44
,,,,,,,,,,,,,,,,,,,119,수원,9.24,21.4,,72
,,,,,,,,,,,,,,,,,,,119,수원,9.25,24.5,,57
,,,,,,,,,,,,,,,,,,,119,수원,9.26,23.2,,72
,,,,,,,,,,,,,,,,,,,119,수원,9.27,22.7,,78
,,,,,,,,,,,,,,,,,,,119,수원,9.28,23.5,,72
,,,,,,,,,,,,,,,,,,,119,수원,9.29,20.3,0,92
,,,,,,,,,,,,,,,,,,,119,수원,9.30,21.6,,59
,,,,,,,,,,,,,,,,,,,119,수원,10.1,21.5,,69
,,,,,,,,,,,,,,,,,,,119,수원,10.2,19.3,0.5,86
,,,,,,,,,,,,,,,,,,,119,수원,10.3,17,,67
,,,,,,,,,,,,,,,,,,,119,수원,10.4,20.3,,46
,,,,,,,,,,,,,,,,,,,119,수원,10.5,20.3,,43
,,,,,,,,,,,,,,,,,,,119,수원,10.6,18.5,,56
,,,,,,,,,,,,,,,,,,,119,수원,10.7,17.9,,58
,,,,,,,,,,,,,,,,,,,119,수원,10.8,19.1,,60
,,,,,,,,,,,,,,,,,,,119,수원,10.9,21.2,,58
,,,,,,,,,,,,,,,,,,,119,수원,10.10,23.4,,54
,,,,,,,,,,,,,,,,,,,119,수원,10.11,23.2,,44
,,,,,,,,,,,,,,,,,,,119,수원,10.12,23.9,,42
,,,,,,,,,,,,,,,,,,,119,수원,10.13,16.1,,52
,,,,,,,,,,,,,,,,,,,119,수원,10.14,15.4,,49
,,,,,,,,,,,,,,,,,,,119,수원,10.15,15.3,,51
,,,,,,,,,,,,,,,,,,,119,수원,10.16,15.1,,27
,,,,,,,,,,,,,,,,,,,119,수원,10.17,16,,50
,,,,,,,,,,,,,,,,,,,119,수원,10.18,17.8,,59
,,,,,,,,,,,,,,,,,,,119,수원,10.19,19.7,,48
,,,,,,,,,,,,,,,,,,,119,수원,10.20,15.4,0.3,100
,,,,,,,,,,,,,,,,,,,119,수원,10.21,12.6,0.9,92
,,,,,,,,,,,,,,,,,,,119,수원,10.22,15,,64
,,,,,,,,,,,,,,,,,,,119,수원,10.23,15.7,,66
,,,,,,,,,,,,,,,,,,,119,수원,10.24,16.3,,76
,,,,,,,,,,,,,,,,,,,119,수원,10.25,18.2,,78
,,,,,,,,,,,,,,,,,,,119,수원,10.26,18,,81
,,,,,,,,,,,,,,,,,,,119,수원,10.27,13,,33
,,,,,,,,,,,,,,,,,,,119,수원,10.28,12.3,,47
,,,,,,,,,,,,,,,,,,,119,수원,10.29,15.1,,45
,,,,,,,,,,,,,,,,,,,119,수원,10.30,16.1,,36
,,,,,,,,,,,,,,,,,,,133,대전,4.1,21.4,,25
,,,,,,,,,,,,,,,,,,,133,대전,4.2,22.1,,29
,,,,,,,,,,,,,,,,,,,133,대전,4.3,11.3,0,65
,,,,,,,,,,,,,,,,,,,133,대전,4.4,10.8,,29
,,,,,,,,,,,,,,,,,,,133,대전,4.5,6.6,0,57
,,,,,,,,,,,,,,,,,,,133,대전,4.6,12.7,,27
,,,,,,,,,,,,,,,,,,,133,대전,4.7,16.1,,39
,,,,,,,,,,,,,,,,,,,133,대전,4.8,19.9,,22
,,,,,,,,,,,,,,,,,,,133,대전,4.9,19.5,,43
,,,,,,,,,,,,,,,,,,,133,대전,4.10,20.4,,50
,,,,,,,,,,,,,,,,,,,133,대전,4.11,18,,53
,,,,,,,,,,,,,,,,,,,133,대전,4.12,17.9,,60
,,,,,,,,,,,,,,,,,,,133,대전,4.13,19.8,,32
,,,,,,,,,,,,,,,,,,,133,대전,4.14,21.8,,42
,,,,,,,,,,,,,,,,,,,133,대전,4.15,19.8,,60
,,,,,,,,,,,,,,,,,,,133,대전,4.16,22.5,,27
,,,,,,,,,,,,,,,,,,,133,대전,4.17,12.9,3.5,92
,,,,,,,,,,,,,,,,,,,133,대전,4.18,20.1,,57
,,,,,,,,,,,,,,,,,,,133,대전,4.19,16.2,,50
,,,,,,,,,,,,,,,,,,,133,대전,4.20,20.3,,43
,,,,,,,,,,,,,,,,,,,133,대전,4.21,20.5,,21
,,,,,,,,,,,,,,,,,,,133,대전,4.22,21.2,,26
,,,,,,,,,,,,,,,,,,,133,대전,4.23,23,,29
,,,,,,,,,,,,,,,,,,,133,대전,4.24,24,,29
,,,,,,,,,,,,,,,,,,,133,대전,4.25,24.9,,25
,,,,,,,,,,,,,,,,,,,133,대전,4.26,21.3,,52
,,,,,,,,,,,,,,,,,,,133,대전,4.27,15.8,0.2,90
,,,,,,,,,,,,,,,,,,,133,대전,4.28,14.6,,81
,,,,,,,,,,,,,,,,,,,133,대전,4.29,17,0,89
,,,,,,,,,,,,,,,,,,,133,대전,4.30,19.4,,61
,,,,,,,,,,,,,,,,,,,133,대전,5.1,20.7,,51
,,,,,,,,,,,,,,,,,,,133,대전,5.2,20.6,,65
,,,,,,,,,,,,,,,,,,,133,대전,5.3,20.2,,29
,,,,,,,,,,,,,,,,,,,133,대전,5.4,15.3,,53
,,,,,,,,,,,,,,,,,,,133,대전,5.5,15.5,,25
,,,,,,,,,,,,,,,,,,,133,대전,5.6,18.6,,30
,,,,,,,,,,,,,,,,,,,133,대전,5.7,21.6,,33
,,,,,,,,,,,,,,,,,,,133,대전,5.8,16.3,,71
,,,,,,,,,,,,,,,,,,,133,대전,5.9,22.3,,37
,,,,,,,,,,,,,,,,,,,133,대전,5.10,24.8,,31
,,,,,,,,,,,,,,,,,,,133,대전,5.11,21.1,0.1,58
,,,,,,,,,,,,,,,,,,,133,대전,5.12,20.6,,62
,,,,,,,,,,,,,,,,,,,133,대전,5.13,24.7,,52
,,,,,,,,,,,,,,,,,,,133,대전,5.14,26.6,,45
,,,,,,,,,,,,,,,,,,,133,대전,5.15,23.1,,26
,,,,,,,,,,,,,,,,,,,133,대전,5.16,24.2,,36
,,,,,,,,,,,,,,,,,,,133,대전,5.17,25.1,,38
,,,,,,,,,,,,,,,,,,,133,대전,5.18,26.4,,24
,,,,,,,,,,,,,,,,,,,133,대전,5.19,25.6,,34
,,,,,,,,,,,,,,,,,,,133,대전,5.20,23.7,,52
,,,,,,,,,,,,,,,,,,,133,대전,5.21,23.6,,60
,,,,,,,,,,,,,,,,,,,133,대전,5.22,27,,50
,,,,,,,,,,,,,,,,,,,133,대전,5.23,25.8,,57
,,,,,,,,,,,,,,,,,,,133,대전,5.24,25.7,,67
,,,,,,,,,,,,,,,,,,,133,대전,5.25,20.5,0.4,96
,,,,,,,,,,,,,,,,,,,133,대전,5.26,25,,29
,,,,,,,,,,,,,,,,,,,133,대전,5.27,28.7,,35
,,,,,,,,,,,,,,,,,,,133,대전,5.28,25.5,,52
,,,,,,,,,,,,,,,,,,,133,대전,5.29,30.5,,39
,,,,,,,,,,,,,,,,,,,133,대전,5.30,31.6,,31
,,,,,,,,,,,,,,,,,,,133,대전,5.31,31.9,,37
,,,,,,,,,,,,,,,,,,,133,대전,6.1,26.5,,63
,,,,,,,,,,,,,,,,,,,133,대전,6.2,22.7,,63
,,,,,,,,,,,,,,,,,,,133,대전,6.3,20.3,1,89
,,,,,,,,,,,,,,,,,,,133,대전,6.4,23.4,,69
,,,,,,,,,,,,,,,,,,,133,대전,6.5,22.6,,72
,,,,,,,,,,,,,,,,,,,133,대전,6.6,27.6,,54
,,,,,,,,,,,,,,,,,,,133,대전,6.7,25.4,0,69
,,,,,,,,,,,,,,,,,,,133,대전,6.8,25.4,,67
,,,,,,,,,,,,,,,,,,,133,대전,6.9,21.3,,93
,,,,,,,,,,,,,,,,,,,133,대전,6.10,25.2,,67
,,,,,,,,,,,,,,,,,,,133,대전,6.11,24.3,,66
,,,,,,,,,,,,,,,,,,,133,대전,6.12,17.5,0.3,98
,,,,,,,,,,,,,,,,,,,133,대전,6.13,23.6,,76
,,,,,,,,,,,,,,,,,,,133,대전,6.14,26.3,,58
,,,,,,,,,,,,,,,,,,,133,대전,6.15,27.6,,53
,,,,,,,,,,,,,,,,,,,133,대전,6.16,26.8,,57
,,,,,,,,,,,,,,,,,,,133,대전,6.17,25.3,,74
,,,,,,,,,,,,,,,,,,,133,대전,6.18,29.1,,42
,,,,,,,,,,,,,,,,,,,133,대전,6.19,26.7,,64
,,,,,,,,,,,,,,,,,,,133,대전,6.20,22.5,7.8,97
,,,,,,,,,,,,,,,,,,,133,대전,6.21,23.8,,75
,,,,,,,,,,,,,,,,,,,133,대전,6.22,27.6,,68
,,,,,,,,,,,,,,,,,,,133,대전,6.23,22.5,1,90
,,,,,,,,,,,,,,,,,,,133,대전,6.24,25.8,0,67
,,,,,,,,,,,,,,,,,,,133,대전,6.25,27.6,,61
,,,,,,,,,,,,,,,,,,,133,대전,6.26,29.5,,52
,,,,,,,,,,,,,,,,,,,133,대전,6.27,30.1,,49
,,,,,,,,,,,,,,,,,,,133,대전,6.28,28.2,,54
,,,,,,,,,,,,,,,,,,,133,대전,6.29,27.6,,64
,,,,,,,,,,,,,,,,,,,133,대전,6.30,29.9,,51
,,,,,,,,,,,,,,,,,,,133,대전,7.1,31.2,,48
,,,,,,,,,,,,,,,,,,,133,대전,7.2,24.8,0,77
,,,,,,,,,,,,,,,,,,,133,대전,7.3,21.8,2.1,96
,,,,,,,,,,,,,,,,,,,133,대전,7.4,29.8,,58
,,,,,,,,,,,,,,,,,,,133,대전,7.5,27.6,,71
,,,,,,,,,,,,,,,,,,,133,대전,7.6,22.6,,85
,,,,,,,,,,,,,,,,,,,133,대전,7.7,28.7,,69
,,,,,,,,,,,,,,,,,,,133,대전,7.8,29.4,,74
,,,,,,,,,,,,,,,,,,,133,대전,7.9,28.3,,80
,,,,,,,,,,,,,,,,,,,133,대전,7.10,30.8,,50
,,,,,,,,,,,,,,,,,,,133,대전,7.11,30.2,,57
,,,,,,,,,,,,,,,,,,,133,대전,7.12,26.5,0,73
,,,,,,,,,,,,,,,,,,,133,대전,7.13,27,,75
,,,,,,,,,,,,,,,,,,,133,대전,7.14,30.1,,60
,,,,,,,,,,,,,,,,,,,133,대전,7.15,27.2,,77
,,,,,,,,,,,,,,,,,,,133,대전,7.16,29,,62
,,,,,,,,,,,,,,,,,,,133,대전,7.17,25,,90
,,,,,,,,,,,,,,,,,,,133,대전,7.18,27.3,,85
,,,,,,,,,,,,,,,,,,,133,대전,7.19,29.1,,78
,,,,,,,,,,,,,,,,,,,133,대전,7.20,31.6,,64
,,,,,,,,,,,,,,,,,,,133,대전,7.21,31,,66
,,,,,,,,,,,,,,,,,,,133,대전,7.22,28.6,,76
,,,,,,,,,,,,,,,,,,,133,대전,7.23,28.5,,78
,,,,,,,,,,,,,,,,,,,133,대전,7.24,29.2,,84
,,,,,,,,,,,,,,,,,,,133,대전,7.25,33,,61
,,,,,,,,,,,,,,,,,,,133,대전,7.26,25.5,,69
,,,,,,,,,,,,,,,,,,,133,대전,7.27,28.8,,63
,,,,,,,,,,,,,,,,,,,133,대전,7.28,28.1,,65
,,,,,,,,,,,,,,,,,,,133,대전,7.29,27.5,,80
,,,,,,,,,,,,,,,,,,,133,대전,7.30,33.7,,60
,,,,,,,,,,,,,,,,,,,133,대전,7.31,29.2,,79
,,,,,,,,,,,,,,,,,,,133,대전,8.1,30.9,,67
,,,,,,,,,,,,,,,,,,,133,대전,8.2,26.4,0,80
,,,,,,,,,,,,,,,,,,,133,대전,8.3,26.9,0,89
,,,,,,,,,,,,,,,,,,,133,대전,8.4,26.2,0.1,97
,,,,,,,,,,,,,,,,,,,133,대전,8.5,29.8,,74
,,,,,,,,,,,,,,,,,,,133,대전,8.6,27.6,,85
,,,,,,,,,,,,,,,,,,,133,대전,8.7,21.8,0.5,100
,,,,,,,,,,,,,,,,,,,133,대전,8.8,25.7,,76
,,,,,,,,,,,,,,,,,,,133,대전,8.9,27.3,,65
,,,,,,,,,,,,,,,,,,,133,대전,8.10,24.1,0.7,94
,,,,,,,,,,,,,,,,,,,133,대전,8.11,27.5,,64
,,,,,,,,,,,,,,,,,,,133,대전,8.12,28.7,,69
,,,,,,,,,,,,,,,,,,,133,대전,8.13,22.3,0.2,99
,,,,,,,,,,,,,,,,,,,133,대전,8.14,21.5,,96
,,,,,,,,,,,,,,,,,,,133,대전,8.15,26.6,0,87
,,,,,,,,,,,,,,,,,,,133,대전,8.16,28,,70
,,,,,,,,,,,,,,,,,,,133,대전,8.17,21.1,0.7,100
,,,,,,,,,,,,,,,,,,,133,대전,8.18,22.3,0,99
,,,,,,,,,,,,,,,,,,,133,대전,8.19,25,0,92
,,,,,,,,,,,,,,,,,,,133,대전,8.20,24.8,0,95
,,,,,,,,,,,,,,,,,,,133,대전,8.21,22.1,0.9,100
,,,,,,,,,,,,,,,,,,,133,대전,8.22,27.2,,74
,,,,,,,,,,,,,,,,,,,133,대전,8.23,27.5,,74
,,,,,,,,,,,,,,,,,,,133,대전,8.24,26.4,0,87
,,,,,,,,,,,,,,,,,,,133,대전,8.25,23.8,,95
,,,,,,,,,,,,,,,,,,,133,대전,8.26,28.2,,77
,,,,,,,,,,,,,,,,,,,133,대전,8.27,24.8,,79
,,,,,,,,,,,,,,,,,,,133,대전,8.28,26.7,,64
,,,,,,,,,,,,,,,,,,,133,대전,8.29,26.6,,61
,,,,,,,,,,,,,,,,,,,133,대전,8.30,26.1,,55
,,,,,,,,,,,,,,,,,,,133,대전,8.31,24.5,,64
,,,,,,,,,,,,,,,,,,,133,대전,9.1,27.3,,57
,,,,,,,,,,,,,,,,,,,133,대전,9.2,22,0.2,87
,,,,,,,,,,,,,,,,,,,133,대전,9.3,23.1,,83
,,,,,,,,,,,,,,,,,,,133,대전,9.4,26.4,,69
,,,,,,,,,,,,,,,,,,,133,대전,9.5,26.9,,65
,,,,,,,,,,,,,,,,,,,133,대전,9.6,27.7,,60
,,,,,,,,,,,,,,,,,,,133,대전,9.7,27.1,,69
,,,,,,,,,,,,,,,,,,,133,대전,9.8,27.5,,69
,,,,,,,,,,,,,,,,,,,133,대전,9.9,24.8,,74
,,,,,,,,,,,,,,,,,,,133,대전,9.10,24.9,,56
,,,,,,,,,,,,,,,,,,,133,대전,9.11,25.2,,61
,,,,,,,,,,,,,,,,,,,133,대전,9.12,22.4,0,74
,,,,,,,,,,,,,,,,,,,133,대전,9.13,25.4,,60
,,,,,,,,,,,,,,,,,,,133,대전,9.14,24.9,,53
,,,,,,,,,,,,,,,,,,,133,대전,9.15,24.9,,67
,,,,,,,,,,,,,,,,,,,133,대전,9.16,23.8,,46
,,,,,,,,,,,,,,,,,,,133,대전,9.17,22.4,,59
,,,,,,,,,,,,,,,,,,,133,대전,9.18,22.4,,64
,,,,,,,,,,,,,,,,,,,133,대전,9.19,24,,38
,,,,,,,,,,,,,,,,,,,133,대전,9.20,24.5,,41
,,,,,,,,,,,,,,,,,,,133,대전,9.21,23.7,,61
,,,,,,,,,,,,,,,,,,,133,대전,9.22,25.2,,51
,,,,,,,,,,,,,,,,,,,133,대전,9.23,24.9,,60
,,,,,,,,,,,,,,,,,,,133,대전,9.24,18.4,,96
,,,,,,,,,,,,,,,,,,,133,대전,9.25,24,,70
,,,,,,,,,,,,,,,,,,,133,대전,9.26,22.8,,70
,,,,,,,,,,,,,,,,,,,133,대전,9.27,23.7,,73
,,,,,,,,,,,,,,,,,,,133,대전,9.28,23.4,,73
,,,,,,,,,,,,,,,,,,,133,대전,9.29,19.4,0,93
,,,,,,,,,,,,,,,,,,,133,대전,9.30,20.1,,78
,,,,,,,,,,,,,,,,,,,133,대전,10.1,21.4,,73
,,,,,,,,,,,,,,,,,,,133,대전,10.2,21.6,,70
,,,,,,,,,,,,,,,,,,,133,대전,10.3,18.3,,70
,,,,,,,,,,,,,,,,,,,133,대전,10.4,19.1,,60
,,,,,,,,,,,,,,,,,,,133,대전,10.5,20.4,,54
,,,,,,,,,,,,,,,,,,,133,대전,10.6,18.3,,55
,,,,,,,,,,,,,,,,,,,133,대전,10.7,18.9,,56
,,,,,,,,,,,,,,,,,,,133,대전,10.8,19.4,,62
,,,,,,,,,,,,,,,,,,,133,대전,10.9,20.4,,64
,,,,,,,,,,,,,,,,,,,133,대전,10.10,22.8,,54
,,,,,,,,,,,,,,,,,,,133,대전,10.11,22.3,,51
,,,,,,,,,,,,,,,,,,,133,대전,10.12,20,,69
,,,,,,,,,,,,,,,,,,,133,대전,10.13,17.6,,61
,,,,,,,,,,,,,,,,,,,133,대전,10.14,16.1,,51
,,,,,,,,,,,,,,,,,,,133,대전,10.15,16.9,,53
,,,,,,,,,,,,,,,,,,,133,대전,10.16,14.4,,38
,,,,,,,,,,,,,,,,,,,133,대전,10.17,16.9,,43
,,,,,,,,,,,,,,,,,,,133,대전,10.18,17.5,,50
,,,,,,,,,,,,,,,,,,,133,대전,10.19,18.9,,64
,,,,,,,,,,,,,,,,,,,133,대전,10.20,18.1,0,99
,,,,,,,,,,,,,,,,,,,133,대전,10.21,14.6,0.7,99
,,,,,,,,,,,,,,,,,,,133,대전,10.22,14.8,,81
,,,,,,,,,,,,,,,,,,,133,대전,10.23,15.8,,69
,,,,,,,,,,,,,,,,,,,133,대전,10.24,17.9,,69
,,,,,,,,,,,,,,,,,,,133,대전,10.25,18.4,,59
,,,,,,,,,,,,,,,,,,,133,대전,10.26,18.6,,74
,,,,,,,,,,,,,,,,,,,133,대전,10.27,12.7,,55
,,,,,,,,,,,,,,,,,,,133,대전,10.28,13.3,,51
,,,,,,,,,,,,,,,,,,,133,대전,10.29,15.2,,59
,,,,,,,,,,,,,,,,,,,133,대전,10.30,14.5,,73
,,,,,,,,,,,,,,,,,,,143,대구,4.1,22,,14
,,,,,,,,,,,,,,,,,,,143,대구,4.2,23.1,,17
,,,,,,,,,,,,,,,,,,,143,대구,4.3,14.8,,59
,,,,,,,,,,,,,,,,,,,143,대구,4.4,13.2,,24
,,,,,,,,,,,,,,,,,,,143,대구,4.5,11.9,,26
,,,,,,,,,,,,,,,,,,,143,대구,4.6,14.8,,13
,,,,,,,,,,,,,,,,,,,143,대구,4.7,19,,20
,,,,,,,,,,,,,,,,,,,143,대구,4.8,21.5,,12
,,,,,,,,,,,,,,,,,,,143,대구,4.9,23.7,,12
,,,,,,,,,,,,,,,,,,,143,대구,4.10,14,,32
,,,,,,,,,,,,,,,,,,,143,대구,4.11,15.7,,45
,,,,,,,,,,,,,,,,,,,143,대구,4.12,15.7,,58
,,,,,,,,,,,,,,,,,,,143,대구,4.13,16.8,,32
,,,,,,,,,,,,,,,,,,,143,대구,4.14,23.9,,15
,,,,,,,,,,,,,,,,,,,143,대구,4.15,25,,27
,,,,,,,,,,,,,,,,,,,143,대구,4.16,25.2,,20
,,,,,,,,,,,,,,,,,,,143,대구,4.17,13.7,2,80
,,,,,,,,,,,,,,,,,,,143,대구,4.18,15.5,,70
,,,,,,,,,,,,,,,,,,,143,대구,4.19,13.3,,43
,,,,,,,,,,,,,,,,,,,143,대구,4.20,20.5,,26
,,,,,,,,,,,,,,,,,,,143,대구,4.21,22.5,,19
,,,,,,,,,,,,,,,,,,,143,대구,4.22,20.7,,26
,,,,,,,,,,,,,,,,,,,143,대구,4.23,24.5,,12
,,,,,,,,,,,,,,,,,,,143,대구,4.24,24.3,,16
,,,,,,,,,,,,,,,,,,,143,대구,4.25,26.2,,14
,,,,,,,,,,,,,,,,,,,143,대구,4.26,23.1,,27
,,,,,,,,,,,,,,,,,,,143,대구,4.27,17.6,0.2,57
,,,,,,,,,,,,,,,,,,,143,대구,4.28,14.2,,83
,,,,,,,,,,,,,,,,,,,143,대구,4.29,14.9,2.5,96
,,,,,,,,,,,,,,,,,,,143,대구,4.30,17.3,0.5,86
,,,,,,,,,,,,,,,,,,,143,대구,5.1,24.2,,29
,,,,,,,,,,,,,,,,,,,143,대구,5.2,26,,30
,,,,,,,,,,,,,,,,,,,143,대구,5.3,21.6,,15
,,,,,,,,,,,,,,,,,,,143,대구,5.4,20,,28
,,,,,,,,,,,,,,,,,,,143,대구,5.5,17.9,,15
,,,,,,,,,,,,,,,,,,,143,대구,5.6,21,,14
,,,,,,,,,,,,,,,,,,,143,대구,5.7,21.8,,15
,,,,,,,,,,,,,,,,,,,143,대구,5.8,22.2,,25
,,,,,,,,,,,,,,,,,,,143,대구,5.9,20.9,,31
,,,,,,,,,,,,,,,,,,,143,대구,5.10,22.5,,22
,,,,,,,,,,,,,,,,,,,143,대구,5.11,22.8,,31
,,,,,,,,,,,,,,,,,,,143,대구,5.12,23.9,,27
,,,,,,,,,,,,,,,,,,,143,대구,5.13,29.3,,20
,,,,,,,,,,,,,,,,,,,143,대구,5.14,21.7,,48
,,,,,,,,,,,,,,,,,,,143,대구,5.15,25.4,,13
,,,,,,,,,,,,,,,,,,,143,대구,5.16,27.2,,18
,,,,,,,,,,,,,,,,,,,143,대구,5.17,28.1,,19
,,,,,,,,,,,,,,,,,,,143,대구,5.18,27.5,,34
,,,,,,,,,,,,,,,,,,,143,대구,5.19,27.8,,24
,,,,,,,,,,,,,,,,,,,143,대구,5.20,22.7,,50
,,,,,,,,,,,,,,,,,,,143,대구,5.21,25.8,,30
,,,,,,,,,,,,,,,,,,,143,대구,5.22,22.2,,53
,,,,,,,,,,,,,,,,,,,143,대구,5.23,24.8,,49
,,,,,,,,,,,,,,,,,,,143,대구,5.24,28.9,,41
,,,,,,,,,,,,,,,,,,,143,대구,5.25,22,0,60
,,,,,,,,,,,,,,,,,,,143,대구,5.26,26.7,,19
,,,,,,,,,,,,,,,,,,,143,대구,5.27,30.8,,18
,,,,,,,,,,,,,,,,,,,143,대구,5.28,22.8,,40
,,,,,,,,,,,,,,,,,,,143,대구,5.29,34.8,,13
,,,,,,,,,,,,,,,,,,,143,대구,5.30,35,,12
,,,,,,,,,,,,,,,,,,,143,대구,5.31,36.1,,15
,,,,,,,,,,,,,,,,,,,143,대구,6.1,30.8,,33
,,,,,,,,,,,,,,,,,,,143,대구,6.2,23.2,,42
,,,,,,,,,,,,,,,,,,,143,대구,6.3,21,,78
,,,,,,,,,,,,,,,,,,,143,대구,6.4,22.6,,61
,,,,,,,,,,,,,,,,,,,143,대구,6.5,21,,81
,,,,,,,,,,,,,,,,,,,143,대구,6.6,25.6,,41
,,,,,,,,,,,,,,,,,,,143,대구,6.7,22.7,,56
,,,,,,,,,,,,,,,,,,,143,대구,6.8,25,,57
,,,,,,,,,,,,,,,,,,,143,대구,6.9,22.8,,66
,,,,,,,,,,,,,,,,,,,143,대구,6.10,22.7,,63
,,,,,,,,,,,,,,,,,,,143,대구,6.11,23.3,,57
,,,,,,,,,,,,,,,,,,,143,대구,6.12,21,,73
,,,,,,,,,,,,,,,,,,,143,대구,6.13,25.7,,48
,,,,,,,,,,,,,,,,,,,143,대구,6.14,30.4,,24
,,,,,,,,,,,,,,,,,,,143,대구,6.15,30.6,,24
,,,,,,,,,,,,,,,,,,,143,대구,6.16,30,,30
,,,,,,,,,,,,,,,,,,,143,대구,6.17,25.6,,46
,,,,,,,,,,,,,,,,,,,143,대구,6.18,28.9,,32
,,,,,,,,,,,,,,,,,,,143,대구,6.19,30.1,,35
,,,,,,,,,,,,,,,,,,,143,대구,6.20,23,,65
,,,,,,,,,,,,,,,,,,,143,대구,6.21,21.5,0,76
,,,,,,,,,,,,,,,,,,,143,대구,6.22,25.1,,51
,,,,,,,,,,,,,,,,,,,143,대구,6.23,22.5,1,91
,,,,,,,,,,,,,,,,,,,143,대구,6.24,28.2,,37
,,,,,,,,,,,,,,,,,,,143,대구,6.25,29.5,,38
,,,,,,,,,,,,,,,,,,,143,대구,6.26,30.5,,35
,,,,,,,,,,,,,,,,,,,143,대구,6.27,31.7,,32
,,,,,,,,,,,,,,,,,,,143,대구,6.28,31.3,,25
,,,,,,,,,,,,,,,,,,,143,대구,6.29,28.5,,39
,,,,,,,,,,,,,,,,,,,143,대구,6.30,28.6,,49
,,,,,,,,,,,,,,,,,,,143,대구,7.1,30.7,,46
,,,,,,,,,,,,,,,,,,,143,대구,7.2,27.3,,57
,,,,,,,,,,,,,,,,,,,143,대구,7.3,22,0.5,94
,,,,,,,,,,,,,,,,,,,143,대구,7.4,26.4,,59
,,,,,,,,,,,,,,,,,,,143,대구,7.5,25.8,,65
,,,,,,,,,,,,,,,,,,,143,대구,7.6,21.4,1,94
,,,,,,,,,,,,,,,,,,,143,대구,7.7,25.2,,78
,,,,,,,,,,,,,,,,,,,143,대구,7.8,25.9,0.5,94
,,,,,,,,,,,,,,,,,,,143,대구,7.9,28.8,,72
,,,,,,,,,,,,,,,,,,,143,대구,7.10,33.4,,42
,,,,,,,,,,,,,,,,,,,143,대구,7.11,33.1,,29
,,,,,,,,,,,,,,,,,,,143,대구,7.12,30.1,,40
,,,,,,,,,,,,,,,,,,,143,대구,7.13,29.6,,47
,,,,,,,,,,,,,,,,,,,143,대구,7.14,32.8,,32
,,,,,,,,,,,,,,,,,,,143,대구,7.15,27.4,,71
,,,,,,,,,,,,,,,,,,,143,대구,7.16,30.4,,43
,,,,,,,,,,,,,,,,,,,143,대구,7.17,26.4,,80
,,,,,,,,,,,,,,,,,,,143,대구,7.18,26.7,,71
,,,,,,,,,,,,,,,,,,,143,대구,7.19,31.2,,55
,,,,,,,,,,,,,,,,,,,143,대구,7.20,31.8,,42
,,,,,,,,,,,,,,,,,,,143,대구,7.21,33.5,,37
,,,,,,,,,,,,,,,,,,,143,대구,7.22,31.4,,47
,,,,,,,,,,,,,,,,,,,143,대구,7.23,31.8,,54
,,,,,,,,,,,,,,,,,,,143,대구,7.24,28.3,,72
,,,,,,,,,,,,,,,,,,,143,대구,7.25,31.8,,54
,,,,,,,,,,,,,,,,,,,143,대구,7.26,31.1,,40
,,,,,,,,,,,,,,,,,,,143,대구,7.27,28.9,,44
,,,,,,,,,,,,,,,,,,,143,대구,7.28,29.2,,41
,,,,,,,,,,,,,,,,,,,143,대구,7.29,31.5,,50
,,,,,,,,,,,,,,,,,,,143,대구,7.30,33.7,,44
,,,,,,,,,,,,,,,,,,,143,대구,7.31,25,10.5,89
,,,,,,,,,,,,,,,,,,,143,대구,8.1,30.4,,58
,,,,,,,,,,,,,,,,,,,143,대구,8.2,26.3,1,80
,,,,,,,,,,,,,,,,,,,143,대구,8.3,27.5,,78
,,,,,,,,,,,,,,,,,,,143,대구,8.4,25.7,0,96
,,,,,,,,,,,,,,,,,,,143,대구,8.5,32.6,,57
,,,,,,,,,,,,,,,,,,,143,대구,8.6,30.5,,66
,,,,,,,,,,,,,,,,,,,143,대구,8.7,21.6,5.5,97
,,,,,,,,,,,,,,,,,,,143,대구,8.8,23.6,,80
,,,,,,,,,,,,,,,,,,,143,대구,8.9,26.7,,62
,,,,,,,,,,,,,,,,,,,143,대구,8.10,22.3,1.5,93
,,,,,,,,,,,,,,,,,,,143,대구,8.11,29.1,,40
,,,,,,,,,,,,,,,,,,,143,대구,8.12,31,,38
,,,,,,,,,,,,,,,,,,,143,대구,8.13,26.1,,82
,,,,,,,,,,,,,,,,,,,143,대구,8.14,21.2,1,95
,,,,,,,,,,,,,,,,,,,143,대구,8.15,25.4,,78
,,,,,,,,,,,,,,,,,,,143,대구,8.16,27.9,,60
,,,,,,,,,,,,,,,,,,,143,대구,8.17,24.8,,56
,,,,,,,,,,,,,,,,,,,143,대구,8.18,22,0.5,98
,,,,,,,,,,,,,,,,,,,143,대구,8.19,25.8,0.5,92
,,,,,,,,,,,,,,,,,,,143,대구,8.20,24.7,1,96
,,,,,,,,,,,,,,,,,,,143,대구,8.21,29.2,,51
,,,,,,,,,,,,,,,,,,,143,대구,8.22,29.9,,45
,,,,,,,,,,,,,,,,,,,143,대구,8.23,30.3,,35
,,,,,,,,,,,,,,,,,,,143,대구,8.24,27.4,,66
,,,,,,,,,,,,,,,,,,,143,대구,8.25,22.8,0.5,94
,,,,,,,,,,,,,,,,,,,143,대구,8.26,27.3,,72
,,,,,,,,,,,,,,,,,,,143,대구,8.27,23.6,,68
,,,,,,,,,,,,,,,,,,,143,대구,8.28,25.3,,55
,,,,,,,,,,,,,,,,,,,143,대구,8.29,25,,55
,,,,,,,,,,,,,,,,,,,143,대구,8.30,24.4,,45
,,,,,,,,,,,,,,,,,,,143,대구,8.31,24.1,,54
,,,,,,,,,,,,,,,,,,,143,대구,9.1,25.8,,53
,,,,,,,,,,,,,,,,,,,143,대구,9.2,24,,66
,,,,,,,,,,,,,,,,,,,143,대구,9.3,25.4,0.5,83
,,,,,,,,,,,,,,,,,,,143,대구,9.4,27.7,,46
,,,,,,,,,,,,,,,,,,,143,대구,9.5,29.5,,35
,,,,,,,,,,,,,,,,,,,143,대구,9.6,27.7,,48
,,,,,,,,,,,,,,,,,,,143,대구,9.7,28.4,,54
,,,,,,,,,,,,,,,,,,,143,대구,9.8,30,,38
,,,,,,,,,,,,,,,,,,,143,대구,9.9,27.3,,52
,,,,,,,,,,,,,,,,,,,143,대구,9.10,26.5,,55
,,,,,,,,,,,,,,,,,,,143,대구,9.11,26,,50
,,,,,,,,,,,,,,,,,,,143,대구,9.12,24.3,,59
,,,,,,,,,,,,,,,,,,,143,대구,9.13,24.3,,45
,,,,,,,,,,,,,,,,,,,143,대구,9.14,25,,51
,,,,,,,,,,,,,,,,,,,143,대구,9.15,26.6,,42
,,,,,,,,,,,,,,,,,,,143,대구,9.16,25.2,,54
,,,,,,,,,,,,,,,,,,,143,대구,9.17,22.4,,73
,,,,,,,,,,,,,,,,,,,143,대구,9.18,22.6,,47
,,,,,,,,,,,,,,,,,,,143,대구,9.19,23,,49
,,,,,,,,,,,,,,,,,,,143,대구,9.20,24.7,,27
,,,,,,,,,,,,,,,,,,,143,대구,9.21,25.1,,35
,,,,,,,,,,,,,,,,,,,143,대구,9.22,24.1,,51
,,,,,,,,,,,,,,,,,,,143,대구,9.23,24.6,,54
,,,,,,,,,,,,,,,,,,,143,대구,9.24,19.9,1,95
,,,,,,,,,,,,,,,,,,,143,대구,9.25,23.8,,59
,,,,,,,,,,,,,,,,,,,143,대구,9.26,22,,48
,,,,,,,,,,,,,,,,,,,143,대구,9.27,24.8,,49
,,,,,,,,,,,,,,,,,,,143,대구,9.28,24.7,,52
,,,,,,,,,,,,,,,,,,,143,대구,9.29,21.1,,82
,,,,,,,,,,,,,,,,,,,143,대구,9.30,18.7,,71
,,,,,,,,,,,,,,,,,,,143,대구,10.1,21.1,,62
,,,,,,,,,,,,,,,,,,,143,대구,10.2,23.5,,46
,,,,,,,,,,,,,,,,,,,143,대구,10.3,21,,46
,,,,,,,,,,,,,,,,,,,143,대구,10.4,18.8,,48
,,,,,,,,,,,,,,,,,,,143,대구,10.5,18.8,,44
,,,,,,,,,,,,,,,,,,,143,대구,10.6,20.6,,34
,,,,,,,,,,,,,,,,,,,143,대구,10.7,20.8,,33
,,,,,,,,,,,,,,,,,,,143,대구,10.8,20.8,,44
,,,,,,,,,,,,,,,,,,,143,대구,10.9,22,,45
,,,,,,,,,,,,,,,,,,,143,대구,10.10,21.6,,54
,,,,,,,,,,,,,,,,,,,143,대구,10.11,19.9,,52
,,,,,,,,,,,,,,,,,,,143,대구,10.12,20,,66
,,,,,,,,,,,,,,,,,,,143,대구,10.13,17.9,0.5,63
,,,,,,,,,,,,,,,,,,,143,대구,10.14,16.4,,50
,,,,,,,,,,,,,,,,,,,143,대구,10.15,18.8,,52
,,,,,,,,,,,,,,,,,,,143,대구,10.16,17.4,,14
,,,,,,,,,,,,,,,,,,,143,대구,10.17,18.2,,26
,,,,,,,,,,,,,,,,,,,143,대구,10.18,19.7,,30
,,,,,,,,,,,,,,,,,,,143,대구,10.19,20.2,,43
,,,,,,,,,,,,,,,,,,,143,대구,10.20,19.4,0,97
,,,,,,,,,,,,,,,,,,,143,대구,10.21,15.2,4,93
,,,,,,,,,,,,,,,,,,,143,대구,10.22,14.5,,67
,,,,,,,,,,,,,,,,,,,143,대구,10.23,16.1,,53
,,,,,,,,,,,,,,,,,,,143,대구,10.24,18.7,,52
,,,,,,,,,,,,,,,,,,,143,대구,10.25,20,,41
,,,,,,,,,,,,,,,,,,,143,대구,10.26,20.6,,42
,,,,,,,,,,,,,,,,,,,143,대구,10.27,16.8,,40
,,,,,,,,,,,,,,,,,,,143,대구,10.28,16.4,,33
,,,,,,,,,,,,,,,,,,,143,대구,10.29,16.5,,44
,,,,,,,,,,,,,,,,,,,143,대구,10.30,17.4,,57
,,,,,,,,,,,,,,,,,,,155,창원,4.1,15.7,,63
,,,,,,,,,,,,,,,,,,,155,창원,4.2,17.2,,34
,,,,,,,,,,,,,,,,,,,155,창원,4.3,16.1,,49
,,,,,,,,,,,,,,,,,,,155,창원,4.4,12.2,,34
,,,,,,,,,,,,,,,,,,,155,창원,4.5,12.8,,22
,,,,,,,,,,,,,,,,,,,155,창원,4.6,13,,33
,,,,,,,,,,,,,,,,,,,155,창원,4.7,17.5,,39
,,,,,,,,,,,,,,,,,,,155,창원,4.8,16.7,,20
,,,,,,,,,,,,,,,,,,,155,창원,4.9,18.3,,34
,,,,,,,,,,,,,,,,,,,155,창원,4.10,15.5,,52
,,,,,,,,,,,,,,,,,,,155,창원,4.11,14.3,,47
,,,,,,,,,,,,,,,,,,,155,창원,4.12,15.5,,48
,,,,,,,,,,,,,,,,,,,155,창원,4.13,16.8,,53
,,,,,,,,,,,,,,,,,,,155,창원,4.14,15.3,,33
,,,,,,,,,,,,,,,,,,,155,창원,4.15,21.5,,40
,,,,,,,,,,,,,,,,,,,155,창원,4.16,20,,41
,,,,,,,,,,,,,,,,,,,155,창원,4.17,12.6,5,87
,,,,,,,,,,,,,,,,,,,155,창원,4.18,15.4,,69
,,,,,,,,,,,,,,,,,,,155,창원,4.19,14,,43
,,,,,,,,,,,,,,,,,,,155,창원,4.20,14.1,,61
,,,,,,,,,,,,,,,,,,,155,창원,4.21,18.8,,53
,,,,,,,,,,,,,,,,,,,155,창원,4.22,16.9,,49
,,,,,,,,,,,,,,,,,,,155,창원,4.23,19.2,,24
,,,,,,,,,,,,,,,,,,,155,창원,4.24,19.6,,34
,,,,,,,,,,,,,,,,,,,155,창원,4.25,19.5,,33
,,,,,,,,,,,,,,,,,,,155,창원,4.26,20.4,,46
,,,,,,,,,,,,,,,,,,,155,창원,4.27,16.1,0.1,66
,,,,,,,,,,,,,,,,,,,155,창원,4.28,14.8,0,80
,,,,,,,,,,,,,,,,,,,155,창원,4.29,16.4,,79
,,,,,,,,,,,,,,,,,,,155,창원,4.30,14.7,0,82
,,,,,,,,,,,,,,,,,,,155,창원,5.1,20.2,,58
,,,,,,,,,,,,,,,,,,,155,창원,5.2,20.1,,64
,,,,,,,,,,,,,,,,,,,155,창원,5.3,18.9,,32
,,,,,,,,,,,,,,,,,,,155,창원,5.4,16.9,,39
,,,,,,,,,,,,,,,,,,,155,창원,5.5,18,,19
,,,,,,,,,,,,,,,,,,,155,창원,5.6,16.1,,37
,,,,,,,,,,,,,,,,,,,155,창원,5.7,17.3,,42
,,,,,,,,,,,,,,,,,,,155,창원,5.8,23.2,,21
,,,,,,,,,,,,,,,,,,,155,창원,5.9,17.8,,55
,,,,,,,,,,,,,,,,,,,155,창원,5.10,20.5,,30
,,,,,,,,,,,,,,,,,,,155,창원,5.11,18.9,,57
,,,,,,,,,,,,,,,,,,,155,창원,5.12,23.9,,33
,,,,,,,,,,,,,,,,,,,155,창원,5.13,23.8,,41
,,,,,,,,,,,,,,,,,,,155,창원,5.14,16.9,,64
,,,,,,,,,,,,,,,,,,,155,창원,5.15,25.3,,24
,,,,,,,,,,,,,,,,,,,155,창원,5.16,23.9,,39
,,,,,,,,,,,,,,,,,,,155,창원,5.17,23.2,,28
,,,,,,,,,,,,,,,,,,,155,창원,5.18,20.2,,61
,,,,,,,,,,,,,,,,,,,155,창원,5.19,23.6,,32
,,,,,,,,,,,,,,,,,,,155,창원,5.20,20.1,,70
,,,,,,,,,,,,,,,,,,,155,창원,5.21,26.9,,28
,,,,,,,,,,,,,,,,,,,155,창원,5.22,20.4,,68
,,,,,,,,,,,,,,,,,,,155,창원,5.23,18.6,,72
,,,,,,,,,,,,,,,,,,,155,창원,5.24,22.3,,57
,,,,,,,,,,,,,,,,,,,155,창원,5.25,18.3,0.2,87
,,,,,,,,,,,,,,,,,,,155,창원,5.26,26.4,,22
,,,,,,,,,,,,,,,,,,,155,창원,5.27,24.1,,46
,,,,,,,,,,,,,,,,,,,155,창원,5.28,23.2,,72
,,,,,,,,,,,,,,,,,,,155,창원,5.29,25.3,,53
,,,,,,,,,,,,,,,,,,,155,창원,5.30,27.4,,42
,,,,,,,,,,,,,,,,,,,155,창원,5.31,28.2,,32
,,,,,,,,,,,,,,,,,,,155,창원,6.1,24.9,,55
,,,,,,,,,,,,,,,,,,,155,창원,6.2,18.8,0.5,75
,,,,,,,,,,,,,,,,,,,155,창원,6.3,19.5,,89
,,,,,,,,,,,,,,,,,,,155,창원,6.4,22.9,,58
,,,,,,,,,,,,,,,,,,,155,창원,6.5,21.5,,70
,,,,,,,,,,,,,,,,,,,155,창원,6.6,21.8,,68
,,,,,,,,,,,,,,,,,,,155,창원,6.7,20.4,,74
,,,,,,,,,,,,,,,,,,,155,창원,6.8,20.9,,73
,,,,,,,,,,,,,,,,,,,155,창원,6.9,21.5,,72
,,,,,,,,,,,,,,,,,,,155,창원,6.10,23.6,,67
,,,,,,,,,,,,,,,,,,,155,창원,6.11,22.7,,71
,,,,,,,,,,,,,,,,,,,155,창원,6.12,18.7,,88
,,,,,,,,,,,,,,,,,,,155,창원,6.13,22.1,0.5,76
,,,,,,,,,,,,,,,,,,,155,창원,6.14,25.5,,55
,,,,,,,,,,,,,,,,,,,155,창원,6.15,25.9,,48
,,,,,,,,,,,,,,,,,,,155,창원,6.16,26.6,,42
,,,,,,,,,,,,,,,,,,,155,창원,6.17,22.5,,56
,,,,,,,,,,,,,,,,,,,155,창원,6.18,24,,62
,,,,,,,,,,,,,,,,,,,155,창원,6.19,25.7,,52
,,,,,,,,,,,,,,,,,,,155,창원,6.20,23.7,,70
,,,,,,,,,,,,,,,,,,,155,창원,6.21,21.2,0,82
,,,,,,,,,,,,,,,,,,,155,창원,6.22,22.4,,67
,,,,,,,,,,,,,,,,,,,155,창원,6.23,21.9,0.1,84
,,,,,,,,,,,,,,,,,,,155,창원,6.24,21.9,,86
,,,,,,,,,,,,,,,,,,,155,창원,6.25,24.4,,71
,,,,,,,,,,,,,,,,,,,155,창원,6.26,25.7,,63
,,,,,,,,,,,,,,,,,,,155,창원,6.27,24.5,,66
,,,,,,,,,,,,,,,,,,,155,창원,6.28,27.5,,57
,,,,,,,,,,,,,,,,,,,155,창원,6.29,25.6,,60
,,,,,,,,,,,,,,,,,,,155,창원,6.30,24.8,,73
,,,,,,,,,,,,,,,,,,,155,창원,7.1,25.8,,72
,,,,,,,,,,,,,,,,,,,155,창원,7.2,23.2,,82
,,,,,,,,,,,,,,,,,,,155,창원,7.3,22.8,,86
,,,,,,,,,,,,,,,,,,,155,창원,7.4,24.6,,75
,,,,,,,,,,,,,,,,,,,155,창원,7.5,23.7,,77
,,,,,,,,,,,,,,,,,,,155,창원,7.6,20.7,0,84
,,,,,,,,,,,,,,,,,,,155,창원,7.7,23.3,,86
,,,,,,,,,,,,,,,,,,,155,창원,7.8,25.5,0,90
,,,,,,,,,,,,,,,,,,,155,창원,7.9,27.8,,75
,,,,,,,,,,,,,,,,,,,155,창원,7.10,27.1,,77
,,,,,,,,,,,,,,,,,,,155,창원,7.11,30.6,,44
,,,,,,,,,,,,,,,,,,,155,창원,7.12,25.8,,69
,,,,,,,,,,,,,,,,,,,155,창원,7.13,24.7,,80
,,,,,,,,,,,,,,,,,,,155,창원,7.14,28,,64
,,,,,,,,,,,,,,,,,,,155,창원,7.15,23.4,0.4,88
,,,,,,,,,,,,,,,,,,,155,창원,7.16,25.8,,82
,,,,,,,,,,,,,,,,,,,155,창원,7.17,23.3,2,90
,,,,,,,,,,,,,,,,,,,155,창원,7.18,21.8,2.5,92
,,,,,,,,,,,,,,,,,,,155,창원,7.19,27.8,,72
,,,,,,,,,,,,,,,,,,,155,창원,7.20,25.8,,85
,,,,,,,,,,,,,,,,,,,155,창원,7.21,28.1,,68
,,,,,,,,,,,,,,,,,,,155,창원,7.22,27.3,,75
,,,,,,,,,,,,,,,,,,,155,창원,7.23,28.9,,73
,,,,,,,,,,,,,,,,,,,155,창원,7.24,29.9,,73
,,,,,,,,,,,,,,,,,,,155,창원,7.25,29.3,0,75
,,,,,,,,,,,,,,,,,,,155,창원,7.26,29.6,,63
,,,,,,,,,,,,,,,,,,,155,창원,7.27,24.7,,65
,,,,,,,,,,,,,,,,,,,155,창원,7.28,24.2,0,73
,,,,,,,,,,,,,,,,,,,155,창원,7.29,26.1,,81
,,,,,,,,,,,,,,,,,,,155,창원,7.30,30.7,,48
,,,,,,,,,,,,,,,,,,,155,창원,7.31,30.5,,62
,,,,,,,,,,,,,,,,,,,155,창원,8.1,28.5,0.3,67
,,,,,,,,,,,,,,,,,,,155,창원,8.2,26.3,1,78
,,,,,,,,,,,,,,,,,,,155,창원,8.3,26,1,85
,,,,,,,,,,,,,,,,,,,155,창원,8.4,24.6,0,88
,,,,,,,,,,,,,,,,,,,155,창원,8.5,30.2,,74
,,,,,,,,,,,,,,,,,,,155,창원,8.6,28.8,,71
,,,,,,,,,,,,,,,,,,,155,창원,8.7,25.7,0,83
,,,,,,,,,,,,,,,,,,,155,창원,8.8,25.3,,72
,,,,,,,,,,,,,,,,,,,155,창원,8.9,26.7,,62
,,,,,,,,,,,,,,,,,,,155,창원,8.10,23.1,0.5,91
,,,,,,,,,,,,,,,,,,,155,창원,8.11,26.1,,73
,,,,,,,,,,,,,,,,,,,155,창원,8.12,28.2,,54
,,,,,,,,,,,,,,,,,,,155,창원,8.13,25.5,,70
,,,,,,,,,,,,,,,,,,,155,창원,8.14,21.8,1.5,91
,,,,,,,,,,,,,,,,,,,155,창원,8.15,25.7,,80
,,,,,,,,,,,,,,,,,,,155,창원,8.16,25.7,,77
,,,,,,,,,,,,,,,,,,,155,창원,8.17,24.2,0,74
,,,,,,,,,,,,,,,,,,,155,창원,8.18,23.7,1,93
,,,,,,,,,,,,,,,,,,,155,창원,8.19,25.1,,86
,,,,,,,,,,,,,,,,,,,155,창원,8.20,23.9,1,94
,,,,,,,,,,,,,,,,,,,155,창원,8.21,25.9,,79
,,,,,,,,,,,,,,,,,,,155,창원,8.22,28.5,,66
,,,,,,,,,,,,,,,,,,,155,창원,8.23,27,,70
,,,,,,,,,,,,,,,,,,,155,창원,8.24,25.5,0,88
,,,,,,,,,,,,,,,,,,,155,창원,8.25,24.7,0.5,92
,,,,,,,,,,,,,,,,,,,155,창원,8.26,26,,84
,,,,,,,,,,,,,,,,,,,155,창원,8.27,22.7,,83
,,,,,,,,,,,,,,,,,,,155,창원,8.28,21.7,0.2,89
,,,,,,,,,,,,,,,,,,,155,창원,8.29,24.8,,52
,,,,,,,,,,,,,,,,,,,155,창원,8.30,25.2,,61
,,,,,,,,,,,,,,,,,,,155,창원,8.31,22.7,,76
,,,,,,,,,,,,,,,,,,,155,창원,9.1,24.9,,60
,,,,,,,,,,,,,,,,,,,155,창원,9.2,20.9,1.5,85
,,,,,,,,,,,,,,,,,,,155,창원,9.3,24.1,0.5,90
,,,,,,,,,,,,,,,,,,,155,창원,9.4,25.8,,75
,,,,,,,,,,,,,,,,,,,155,창원,9.5,25.9,,68
,,,,,,,,,,,,,,,,,,,155,창원,9.6,23,,73
,,,,,,,,,,,,,,,,,,,155,창원,9.7,24.5,,76
,,,,,,,,,,,,,,,,,,,155,창원,9.8,24.9,,76
,,,,,,,,,,,,,,,,,,,155,창원,9.9,26,,71
,,,,,,,,,,,,,,,,,,,155,창원,9.10,25,,76
,,,,,,,,,,,,,,,,,,,155,창원,9.11,23.8,,64
,,,,,,,,,,,,,,,,,,,155,창원,9.12,22.8,,75
,,,,,,,,,,,,,,,,,,,155,창원,9.13,24,,54
,,,,,,,,,,,,,,,,,,,155,창원,9.14,23,,68
,,,,,,,,,,,,,,,,,,,155,창원,9.15,24.8,,57
,,,,,,,,,,,,,,,,,,,155,창원,9.16,24.5,,69
,,,,,,,,,,,,,,,,,,,155,창원,9.17,20.9,0,83
,,,,,,,,,,,,,,,,,,,155,창원,9.18,22.3,,57
,,,,,,,,,,,,,,,,,,,155,창원,9.19,21.4,,65
,,,,,,,,,,,,,,,,,,,155,창원,9.20,23.3,,47
,,,,,,,,,,,,,,,,,,,155,창원,9.21,22.3,,62
,,,,,,,,,,,,,,,,,,,155,창원,9.22,24.1,,37
,,,,,,,,,,,,,,,,,,,155,창원,9.23,20.5,0.3,88
,,,,,,,,,,,,,,,,,,,155,창원,9.24,20.8,,93
,,,,,,,,,,,,,,,,,,,155,창원,9.25,23.3,,74
,,,,,,,,,,,,,,,,,,,155,창원,9.26,22.5,,63
,,,,,,,,,,,,,,,,,,,155,창원,9.27,23.6,,60
,,,,,,,,,,,,,,,,,,,155,창원,9.28,23.4,,70
,,,,,,,,,,,,,,,,,,,155,창원,9.29,21.6,,85
,,,,,,,,,,,,,,,,,,,155,창원,9.30,20.5,,67
,,,,,,,,,,,,,,,,,,,155,창원,10.1,21,,71
,,,,,,,,,,,,,,,,,,,155,창원,10.2,21,,70
,,,,,,,,,,,,,,,,,,,155,창원,10.3,21.2,,44
,,,,,,,,,,,,,,,,,,,155,창원,10.4,19.7,,46
,,,,,,,,,,,,,,,,,,,155,창원,10.5,19.2,,51
,,,,,,,,,,,,,,,,,,,155,창원,10.6,19.4,,41
,,,,,,,,,,,,,,,,,,,155,창원,10.7,18.8,,62
,,,,,,,,,,,,,,,,,,,155,창원,10.8,18.9,,62
,,,,,,,,,,,,,,,,,,,155,창원,10.9,19.6,,69
,,,,,,,,,,,,,,,,,,,155,창원,10.10,22,,51
,,,,,,,,,,,,,,,,,,,155,창원,10.11,21.7,,49
,,,,,,,,,,,,,,,,,,,155,창원,10.12,21,,60
,,,,,,,,,,,,,,,,,,,155,창원,10.13,18,,71
,,,,,,,,,,,,,,,,,,,155,창원,10.14,17.1,,55
,,,,,,,,,,,,,,,,,,,155,창원,10.15,17,,64
,,,,,,,,,,,,,,,,,,,155,창원,10.16,17.9,,30
,,,,,,,,,,,,,,,,,,,155,창원,10.17,15.7,,42
,,,,,,,,,,,,,,,,,,,155,창원,10.18,17.4,,39
,,,,,,,,,,,,,,,,,,,155,창원,10.19,18.8,,63
,,,,,,,,,,,,,,,,,,,155,창원,10.20,20.8,0,87
,,,,,,,,,,,,,,,,,,,155,창원,10.21,17.3,1.5,85
,,,,,,,,,,,,,,,,,,,155,창원,10.22,15,,68
,,,,,,,,,,,,,,,,,,,155,창원,10.23,15.1,,65
,,,,,,,,,,,,,,,,,,,155,창원,10.24,18.1,,64
,,,,,,,,,,,,,,,,,,,155,창원,10.25,19,,55
,,,,,,,,,,,,,,,,,,,155,창원,10.26,18.9,,74
,,,,,,,,,,,,,,,,,,,155,창원,10.27,16.9,,67
,,,,,,,,,,,,,,,,,,,155,창원,10.28,15.3,,46
,,,,,,,,,,,,,,,,,,,155,창원,10.29,16.2,,64
,,,,,,,,,,,,,,,,,,,155,창원,10.30,16.9,,72
,,,,,,,,,,,,,,,,,,,156,광주,4.1,19,,33
,,,,,,,,,,,,,,,,,,,156,광주,4.2,20.2,,26
,,,,,,,,,,,,,,,,,,,156,광주,4.3,11.8,,65
,,,,,,,,,,,,,,,,,,,156,광주,4.4,9.7,,26
,,,,,,,,,,,,,,,,,,,156,광주,4.5,5.9,,55
,,,,,,,,,,,,,,,,,,,156,광주,4.6,10.8,,27
,,,,,,,,,,,,,,,,,,,156,광주,4.7,15.4,,24
,,,,,,,,,,,,,,,,,,,156,광주,4.8,18.8,,31
,,,,,,,,,,,,,,,,,,,156,광주,4.9,17.9,,47
,,,,,,,,,,,,,,,,,,,156,광주,4.10,21.8,,39
,,,,,,,,,,,,,,,,,,,156,광주,4.11,19.3,,36
,,,,,,,,,,,,,,,,,,,156,광주,4.12,20.4,,32
,,,,,,,,,,,,,,,,,,,156,광주,4.13,16.5,,64
,,,,,,,,,,,,,,,,,,,156,광주,4.14,19.6,,26
,,,,,,,,,,,,,,,,,,,156,광주,4.15,18.7,,54
,,,,,,,,,,,,,,,,,,,156,광주,4.16,20,,17
,,,,,,,,,,,,,,,,,,,156,광주,4.17,11.8,0.5,90
,,,,,,,,,,,,,,,,,,,156,광주,4.18,16.4,,77
,,,,,,,,,,,,,,,,,,,156,광주,4.19,16.4,,46
,,,,,,,,,,,,,,,,,,,156,광주,4.20,17.8,,47
,,,,,,,,,,,,,,,,,,,156,광주,4.21,19.7,,34
,,,,,,,,,,,,,,,,,,,156,광주,4.22,19.4,,24
,,,,,,,,,,,,,,,,,,,156,광주,4.23,22.2,,25
,,,,,,,,,,,,,,,,,,,156,광주,4.24,23,,22
,,,,,,,,,,,,,,,,,,,156,광주,4.25,22.3,,23
,,,,,,,,,,,,,,,,,,,156,광주,4.26,20.4,,42
,,,,,,,,,,,,,,,,,,,156,광주,4.27,14.7,1.5,87
,,,,,,,,,,,,,,,,,,,156,광주,4.28,15.6,0,81
,,,,,,,,,,,,,,,,,,,156,광주,4.29,16.3,,80
,,,,,,,,,,,,,,,,,,,156,광주,4.30,18.4,,54
,,,,,,,,,,,,,,,,,,,156,광주,5.1,20.8,,36
,,,,,,,,,,,,,,,,,,,156,광주,5.2,20.5,,59
,,,,,,,,,,,,,,,,,,,156,광주,5.3,20.1,,24
,,,,,,,,,,,,,,,,,,,156,광주,5.4,16.2,,50
,,,,,,,,,,,,,,,,,,,156,광주,5.5,15.3,,23
,,,,,,,,,,,,,,,,,,,156,광주,5.6,19.2,,27
,,,,,,,,,,,,,,,,,,,156,광주,5.7,20.5,,31
,,,,,,,,,,,,,,,,,,,156,광주,5.8,16.8,,52
,,,,,,,,,,,,,,,,,,,156,광주,5.9,24.2,,23
,,,,,,,,,,,,,,,,,,,156,광주,5.10,23.4,,30
,,,,,,,,,,,,,,,,,,,156,광주,5.11,18.2,0.1,70
,,,,,,,,,,,,,,,,,,,156,광주,5.12,21.1,,52
,,,,,,,,,,,,,,,,,,,156,광주,5.13,25.4,,39
,,,,,,,,,,,,,,,,,,,156,광주,5.14,17.7,,66
,,,,,,,,,,,,,,,,,,,156,광주,5.15,21.9,,36
,,,,,,,,,,,,,,,,,,,156,광주,5.16,23.3,,40
,,,,,,,,,,,,,,,,,,,156,광주,5.17,25.3,,22
,,,,,,,,,,,,,,,,,,,156,광주,5.18,24.9,,34
,,,,,,,,,,,,,,,,,,,156,광주,5.19,24.5,,31
,,,,,,,,,,,,,,,,,,,156,광주,5.20,21.7,,69
,,,,,,,,,,,,,,,,,,,156,광주,5.21,23.2,,47
,,,,,,,,,,,,,,,,,,,156,광주,5.22,25.8,,54
,,,,,,,,,,,,,,,,,,,156,광주,5.23,25.5,,53
,,,,,,,,,,,,,,,,,,,156,광주,5.24,24.8,,47
,,,,,,,,,,,,,,,,,,,156,광주,5.25,19.5,,77
,,,,,,,,,,,,,,,,,,,156,광주,5.26,25.2,,19
,,,,,,,,,,,,,,,,,,,156,광주,5.27,27.2,,40
,,,,,,,,,,,,,,,,,,,156,광주,5.28,24.5,,52
,,,,,,,,,,,,,,,,,,,156,광주,5.29,29.7,,27
,,,,,,,,,,,,,,,,,,,156,광주,5.30,30.8,,24
,,,,,,,,,,,,,,,,,,,156,광주,5.31,30.3,,39
,,,,,,,,,,,,,,,,,,,156,광주,6.1,25.9,,41
,,,,,,,,,,,,,,,,,,,156,광주,6.2,20,,68
,,,,,,,,,,,,,,,,,,,156,광주,6.3,19,0,87
,,,,,,,,,,,,,,,,,,,156,광주,6.4,26.3,,54
,,,,,,,,,,,,,,,,,,,156,광주,6.5,24.3,,56
,,,,,,,,,,,,,,,,,,,156,광주,6.6,23.2,,66
,,,,,,,,,,,,,,,,,,,156,광주,6.7,24.6,,59
,,,,,,,,,,,,,,,,,,,156,광주,6.8,24.7,,60
,,,,,,,,,,,,,,,,,,,156,광주,6.9,23.5,,67
,,,,,,,,,,,,,,,,,,,156,광주,6.10,25.9,,56
,,,,,,,,,,,,,,,,,,,156,광주,6.11,24.8,,54
,,,,,,,,,,,,,,,,,,,156,광주,6.12,23.8,,57
,,,,,,,,,,,,,,,,,,,156,광주,6.13,25.2,,53
,,,,,,,,,,,,,,,,,,,156,광주,6.14,26.2,,42
,,,,,,,,,,,,,,,,,,,156,광주,6.15,26.4,,45
,,,,,,,,,,,,,,,,,,,156,광주,6.16,24.8,,65
,,,,,,,,,,,,,,,,,,,156,광주,6.17,22.4,,63
,,,,,,,,,,,,,,,,,,,156,광주,6.18,26,,43
,,,,,,,,,,,,,,,,,,,156,광주,6.19,27.2,,49
,,,,,,,,,,,,,,,,,,,156,광주,6.20,25.3,,59
,,,,,,,,,,,,,,,,,,,156,광주,6.21,21.9,0,84
,,,,,,,,,,,,,,,,,,,156,광주,6.22,25.8,,61
,,,,,,,,,,,,,,,,,,,156,광주,6.23,22.6,0.5,78
,,,,,,,,,,,,,,,,,,,156,광주,6.24,26.8,,45
,,,,,,,,,,,,,,,,,,,156,광주,6.25,25.5,,61
,,,,,,,,,,,,,,,,,,,156,광주,6.26,26.3,,61
,,,,,,,,,,,,,,,,,,,156,광주,6.27,28.9,,46
,,,,,,,,,,,,,,,,,,,156,광주,6.28,27.8,,48
,,,,,,,,,,,,,,,,,,,156,광주,6.29,27.7,,44
,,,,,,,,,,,,,,,,,,,156,광주,6.30,29.4,,40
,,,,,,,,,,,,,,,,,,,156,광주,7.1,27.9,,51
,,,,,,,,,,,,,,,,,,,156,광주,7.2,19.8,3.5,88
,,,,,,,,,,,,,,,,,,,156,광주,7.3,22,,90
,,,,,,,,,,,,,,,,,,,156,광주,7.4,25.7,,70
,,,,,,,,,,,,,,,,,,,156,광주,7.5,25,,71
,,,,,,,,,,,,,,,,,,,156,광주,7.6,21.6,,83
,,,,,,,,,,,,,,,,,,,156,광주,7.7,24.7,,72
,,,,,,,,,,,,,,,,,,,156,광주,7.8,28.6,0.1,72
,,,,,,,,,,,,,,,,,,,156,광주,7.9,26.6,0,78
,,,,,,,,,,,,,,,,,,,156,광주,7.10,28,,54
,,,,,,,,,,,,,,,,,,,156,광주,7.11,31.3,,40
,,,,,,,,,,,,,,,,,,,156,광주,7.12,28,,52
,,,,,,,,,,,,,,,,,,,156,광주,7.13,27.1,,62
,,,,,,,,,,,,,,,,,,,156,광주,7.14,28.7,,62
,,,,,,,,,,,,,,,,,,,156,광주,7.15,24.9,0,65
,,,,,,,,,,,,,,,,,,,156,광주,7.16,25.4,0.3,81
,,,,,,,,,,,,,,,,,,,156,광주,7.17,22.5,0,91
,,,,,,,,,,,,,,,,,,,156,광주,7.18,26.4,0,85
,,,,,,,,,,,,,,,,,,,156,광주,7.19,30.6,,59
,,,,,,,,,,,,,,,,,,,156,광주,7.20,30.4,,63
,,,,,,,,,,,,,,,,,,,156,광주,7.21,29.7,,64
,,,,,,,,,,,,,,,,,,,156,광주,7.22,29,,63
,,,,,,,,,,,,,,,,,,,156,광주,7.23,29.8,,61
,,,,,,,,,,,,,,,,,,,156,광주,7.24,30.1,,71
,,,,,,,,,,,,,,,,,,,156,광주,7.25,29.5,0,67
,,,,,,,,,,,,,,,,,,,156,광주,7.26,27,,58
,,,,,,,,,,,,,,,,,,,156,광주,7.27,29.4,,40
,,,,,,,,,,,,,,,,,,,156,광주,7.28,19.9,2.5,85
,,,,,,,,,,,,,,,,,,,156,광주,7.29,29.7,,61
,,,,,,,,,,,,,,,,,,,156,광주,7.30,32.1,,52
,,,,,,,,,,,,,,,,,,,156,광주,7.31,32.1,,47
,,,,,,,,,,,,,,,,,,,156,광주,8.1,29.1,,59
,,,,,,,,,,,,,,,,,,,156,광주,8.2,24.5,2,86
,,,,,,,,,,,,,,,,,,,156,광주,8.3,25.6,,78
,,,,,,,,,,,,,,,,,,,156,광주,8.4,24.4,0,91
,,,,,,,,,,,,,,,,,,,156,광주,8.5,30.7,,61
,,,,,,,,,,,,,,,,,,,156,광주,8.6,30.7,,59
,,,,,,,,,,,,,,,,,,,156,광주,8.7,23,0.5,91
,,,,,,,,,,,,,,,,,,,156,광주,8.8,25.7,,68
,,,,,,,,,,,,,,,,,,,156,광주,8.9,28,,56
,,,,,,,,,,,,,,,,,,,156,광주,8.10,27.2,,60
,,,,,,,,,,,,,,,,,,,156,광주,8.11,26,,52
,,,,,,,,,,,,,,,,,,,156,광주,8.12,29,,56
,,,,,,,,,,,,,,,,,,,156,광주,8.13,25.3,0,76
,,,,,,,,,,,,,,,,,,,156,광주,8.14,23,,83
,,,,,,,,,,,,,,,,,,,156,광주,8.15,27.1,,68
,,,,,,,,,,,,,,,,,,,156,광주,8.16,27.8,,65
,,,,,,,,,,,,,,,,,,,156,광주,8.17,22.4,1,91
,,,,,,,,,,,,,,,,,,,156,광주,8.18,24.1,0,87
,,,,,,,,,,,,,,,,,,,156,광주,8.19,22.9,0,88
,,,,,,,,,,,,,,,,,,,156,광주,8.20,24.3,0,88
,,,,,,,,,,,,,,,,,,,156,광주,8.21,25.4,,68
,,,,,,,,,,,,,,,,,,,156,광주,8.22,27.2,,62
,,,,,,,,,,,,,,,,,,,156,광주,8.23,28,,56
,,,,,,,,,,,,,,,,,,,156,광주,8.24,23.2,6.5,92
,,,,,,,,,,,,,,,,,,,156,광주,8.25,26.5,,79
,,,,,,,,,,,,,,,,,,,156,광주,8.26,26.5,,66
,,,,,,,,,,,,,,,,,,,156,광주,8.27,24.7,,80
,,,,,,,,,,,,,,,,,,,156,광주,8.28,22.3,0,83
,,,,,,,,,,,,,,,,,,,156,광주,8.29,24.3,,62
,,,,,,,,,,,,,,,,,,,156,광주,8.30,26,,64
,,,,,,,,,,,,,,,,,,,156,광주,8.31,23.8,,66
,,,,,,,,,,,,,,,,,,,156,광주,9.1,26.9,,50
,,,,,,,,,,,,,,,,,,,156,광주,9.2,20.8,4,91
,,,,,,,,,,,,,,,,,,,156,광주,9.3,22.8,,81
,,,,,,,,,,,,,,,,,,,156,광주,9.4,26.5,,57
,,,,,,,,,,,,,,,,,,,156,광주,9.5,28.4,,55
,,,,,,,,,,,,,,,,,,,156,광주,9.6,28.9,,47
,,,,,,,,,,,,,,,,,,,156,광주,9.7,27.7,,64
,,,,,,,,,,,,,,,,,,,156,광주,9.8,26.8,,59
,,,,,,,,,,,,,,,,,,,156,광주,9.9,24.5,,64
,,,,,,,,,,,,,,,,,,,156,광주,9.10,24.8,,40
,,,,,,,,,,,,,,,,,,,156,광주,9.11,25.8,,57
,,,,,,,,,,,,,,,,,,,156,광주,9.12,21.2,0.5,82
,,,,,,,,,,,,,,,,,,,156,광주,9.13,26.5,,45
,,,,,,,,,,,,,,,,,,,156,광주,9.14,25,,51
,,,,,,,,,,,,,,,,,,,156,광주,9.15,24.3,,61
,,,,,,,,,,,,,,,,,,,156,광주,9.16,23.1,,52
,,,,,,,,,,,,,,,,,,,156,광주,9.17,24,,45
,,,,,,,,,,,,,,,,,,,156,광주,9.18,23.3,,54
,,,,,,,,,,,,,,,,,,,156,광주,9.19,22,,56
,,,,,,,,,,,,,,,,,,,156,광주,9.20,23.9,,49
,,,,,,,,,,,,,,,,,,,156,광주,9.21,25.6,,37
,,,,,,,,,,,,,,,,,,,156,광주,9.22,25.8,,38
,,,,,,,,,,,,,,,,,,,156,광주,9.23,22.7,0,61
,,,,,,,,,,,,,,,,,,,156,광주,9.24,19.8,0.5,87
,,,,,,,,,,,,,,,,,,,156,광주,9.25,23.5,,67
,,,,,,,,,,,,,,,,,,,156,광주,9.26,23.7,0.1,70
,,,,,,,,,,,,,,,,,,,156,광주,9.27,24.2,,65
,,,,,,,,,,,,,,,,,,,156,광주,9.28,26.3,,52
,,,,,,,,,,,,,,,,,,,156,광주,9.29,20,0.5,90
,,,,,,,,,,,,,,,,,,,156,광주,9.30,23.2,,68
,,,,,,,,,,,,,,,,,,,156,광주,10.1,22.4,,61
,,,,,,,,,,,,,,,,,,,156,광주,10.2,21.8,,64
,,,,,,,,,,,,,,,,,,,156,광주,10.3,17.7,,60
,,,,,,,,,,,,,,,,,,,156,광주,10.4,20.6,,47
,,,,,,,,,,,,,,,,,,,156,광주,10.5,20.9,,45
,,,,,,,,,,,,,,,,,,,156,광주,10.6,18.9,,49
,,,,,,,,,,,,,,,,,,,156,광주,10.7,19.7,,47
,,,,,,,,,,,,,,,,,,,156,광주,10.8,21.4,,44
,,,,,,,,,,,,,,,,,,,156,광주,10.9,21,,47
,,,,,,,,,,,,,,,,,,,156,광주,10.10,23.5,,53
,,,,,,,,,,,,,,,,,,,156,광주,10.11,22.8,,45
,,,,,,,,,,,,,,,,,,,156,광주,10.12,16.7,0.5,85
,,,,,,,,,,,,,,,,,,,156,광주,10.13,19,,59
,,,,,,,,,,,,,,,,,,,156,광주,10.14,16.3,,52
,,,,,,,,,,,,,,,,,,,156,광주,10.15,16.8,,51
,,,,,,,,,,,,,,,,,,,156,광주,10.16,15.3,,41
,,,,,,,,,,,,,,,,,,,156,광주,10.17,19.3,,26
,,,,,,,,,,,,,,,,,,,156,광주,10.18,20.7,,24
,,,,,,,,,,,,,,,,,,,156,광주,10.19,20.2,,52
,,,,,,,,,,,,,,,,,,,156,광주,10.20,19.6,2,93
,,,,,,,,,,,,,,,,,,,156,광주,10.21,19.9,0,92
,,,,,,,,,,,,,,,,,,,156,광주,10.22,14.9,,73
,,,,,,,,,,,,,,,,,,,156,광주,10.23,17.7,,54
,,,,,,,,,,,,,,,,,,,156,광주,10.24,18.8,,57
,,,,,,,,,,,,,,,,,,,156,광주,10.25,19.6,,37
,,,,,,,,,,,,,,,,,,,156,광주,10.26,18.9,,62
,,,,,,,,,,,,,,,,,,,156,광주,10.27,14,,42
,,,,,,,,,,,,,,,,,,,156,광주,10.28,16.5,,34
,,,,,,,,,,,,,,,,,,,156,광주,10.29,16,,58
,,,,,,,,,,,,,,,,,,,156,광주,10.30,17.4,,58
,,,,,,,,,,,,,,,,,,,159,부산,4.1,15.6,,68
,,,,,,,,,,,,,,,,,,,159,부산,4.2,16.9,,66
,,,,,,,,,,,,,,,,,,,159,부산,4.3,13.8,,76
,,,,,,,,,,,,,,,,,,,159,부산,4.4,11.2,,46
,,,,,,,,,,,,,,,,,,,159,부산,4.5,12.2,,49
,,,,,,,,,,,,,,,,,,,159,부산,4.6,11.7,,46
,,,,,,,,,,,,,,,,,,,159,부산,4.7,16.8,,45
,,,,,,,,,,,,,,,,,,,159,부산,4.8,15.7,,38
,,,,,,,,,,,,,,,,,,,159,부산,4.9,15.5,,63
,,,,,,,,,,,,,,,,,,,159,부산,4.10,13.1,,47
,,,,,,,,,,,,,,,,,,,159,부산,4.11,13.7,,55
,,,,,,,,,,,,,,,,,,,159,부산,4.12,15.3,,42
,,,,,,,,,,,,,,,,,,,159,부산,4.13,15.5,,56
,,,,,,,,,,,,,,,,,,,159,부산,4.14,15.4,,48
,,,,,,,,,,,,,,,,,,,159,부산,4.15,19.6,,48
,,,,,,,,,,,,,,,,,,,159,부산,4.16,18.5,,52
,,,,,,,,,,,,,,,,,,,159,부산,4.17,13.3,2,98
,,,,,,,,,,,,,,,,,,,159,부산,4.18,14.7,,75
,,,,,,,,,,,,,,,,,,,159,부산,4.19,12.2,,66
,,,,,,,,,,,,,,,,,,,159,부산,4.20,13.5,,72
,,,,,,,,,,,,,,,,,,,159,부산,4.21,17.5,,65
,,,,,,,,,,,,,,,,,,,159,부산,4.22,17.2,,46
,,,,,,,,,,,,,,,,,,,159,부산,4.23,17.9,,64
,,,,,,,,,,,,,,,,,,,159,부산,4.24,20.1,,44
,,,,,,,,,,,,,,,,,,,159,부산,4.25,19.8,,40
,,,,,,,,,,,,,,,,,,,159,부산,4.26,18.9,,70
,,,,,,,,,,,,,,,,,,,159,부산,4.27,17.7,,63
,,,,,,,,,,,,,,,,,,,159,부산,4.28,13.3,1.5,100
,,,,,,,,,,,,,,,,,,,159,부산,4.29,15.7,,88
,,,,,,,,,,,,,,,,,,,159,부산,4.30,14.8,,86
,,,,,,,,,,,,,,,,,,,159,부산,5.1,20.1,,67
,,,,,,,,,,,,,,,,,,,159,부산,5.2,17.5,,89
,,,,,,,,,,,,,,,,,,,159,부산,5.3,16.6,,51
,,,,,,,,,,,,,,,,,,,159,부산,5.4,16.2,,58
,,,,,,,,,,,,,,,,,,,159,부산,5.5,15.4,,58
,,,,,,,,,,,,,,,,,,,159,부산,5.6,15.8,,41
,,,,,,,,,,,,,,,,,,,159,부산,5.7,17.3,,63
,,,,,,,,,,,,,,,,,,,159,부산,5.8,21.2,,63
,,,,,,,,,,,,,,,,,,,159,부산,5.9,17.6,,65
,,,,,,,,,,,,,,,,,,,159,부산,5.10,19.1,,45
,,,,,,,,,,,,,,,,,,,159,부산,5.11,18.3,,75
,,,,,,,,,,,,,,,,,,,159,부산,5.12,21.5,,66
,,,,,,,,,,,,,,,,,,,159,부산,5.13,23.9,,41
,,,,,,,,,,,,,,,,,,,159,부산,5.14,15.4,,77
,,,,,,,,,,,,,,,,,,,159,부산,5.15,20.4,,75
,,,,,,,,,,,,,,,,,,,159,부산,5.16,19.9,,72
,,,,,,,,,,,,,,,,,,,159,부산,5.17,20.6,,62
,,,,,,,,,,,,,,,,,,,159,부산,5.18,21,,71
,,,,,,,,,,,,,,,,,,,159,부산,5.19,22,,71
,,,,,,,,,,,,,,,,,,,159,부산,5.20,17.4,0.5,95
,,,,,,,,,,,,,,,,,,,159,부산,5.21,20.8,,77
,,,,,,,,,,,,,,,,,,,159,부산,5.22,19.4,,82
,,,,,,,,,,,,,,,,,,,159,부산,5.23,18.4,,77
,,,,,,,,,,,,,,,,,,,159,부산,5.24,21.6,,63
,,,,,,,,,,,,,,,,,,,159,부산,5.25,18.3,0.8,98
,,,,,,,,,,,,,,,,,,,159,부산,5.26,21.6,,75
,,,,,,,,,,,,,,,,,,,159,부산,5.27,21.2,,69
,,,,,,,,,,,,,,,,,,,159,부산,5.28,19.9,,93
,,,,,,,,,,,,,,,,,,,159,부산,5.29,21.1,,75
,,,,,,,,,,,,,,,,,,,159,부산,5.30,22.2,,67
,,,,,,,,,,,,,,,,,,,159,부산,5.31,23.5,,65
,,,,,,,,,,,,,,,,,,,159,부산,6.1,22.2,,68
,,,,,,,,,,,,,,,,,,,159,부산,6.2,18.7,0.6,91
,,,,,,,,,,,,,,,,,,,159,부산,6.3,19.5,,93
,,,,,,,,,,,,,,,,,,,159,부산,6.4,20.6,,82
,,,,,,,,,,,,,,,,,,,159,부산,6.5,19.7,,83
,,,,,,,,,,,,,,,,,,,159,부산,6.6,22,,67
,,,,,,,,,,,,,,,,,,,159,부산,6.7,20.2,,81
,,,,,,,,,,,,,,,,,,,159,부산,6.8,20.2,,85
,,,,,,,,,,,,,,,,,,,159,부산,6.9,20.9,,79
,,,,,,,,,,,,,,,,,,,159,부산,6.10,22.7,,74
,,,,,,,,,,,,,,,,,,,159,부산,6.11,21.3,,79
,,,,,,,,,,,,,,,,,,,159,부산,6.12,18.1,9.5,98
,,,,,,,,,,,,,,,,,,,159,부산,6.13,21.2,,87
,,,,,,,,,,,,,,,,,,,159,부산,6.14,23.7,,71
,,,,,,,,,,,,,,,,,,,159,부산,6.15,25.8,,56
,,,,,,,,,,,,,,,,,,,159,부산,6.16,24,,63
,,,,,,,,,,,,,,,,,,,159,부산,6.17,21.2,,72
,,,,,,,,,,,,,,,,,,,159,부산,6.18,23.2,,72
,,,,,,,,,,,,,,,,,,,159,부산,6.19,24.8,,56
,,,,,,,,,,,,,,,,,,,159,부산,6.20,21.9,,80
,,,,,,,,,,,,,,,,,,,159,부산,6.21,20.2,0,92
,,,,,,,,,,,,,,,,,,,159,부산,6.22,21.7,,78
,,,,,,,,,,,,,,,,,,,159,부산,6.23,21.1,,88
,,,,,,,,,,,,,,,,,,,159,부산,6.24,22.4,,83
,,,,,,,,,,,,,,,,,,,159,부산,6.25,22.8,,88
,,,,,,,,,,,,,,,,,,,159,부산,6.26,23.4,,84
,,,,,,,,,,,,,,,,,,,159,부산,6.27,24.8,,72
,,,,,,,,,,,,,,,,,,,159,부산,6.28,26.9,,65
,,,,,,,,,,,,,,,,,,,159,부산,6.29,24.3,,76
,,,,,,,,,,,,,,,,,,,159,부산,6.30,22.9,,88
,,,,,,,,,,,,,,,,,,,159,부산,7.1,24.5,,85
,,,,,,,,,,,,,,,,,,,159,부산,7.2,23.4,0,75
,,,,,,,,,,,,,,,,,,,159,부산,7.3,22.3,,94
,,,,,,,,,,,,,,,,,,,159,부산,7.4,23.9,,81
,,,,,,,,,,,,,,,,,,,159,부산,7.5,23.5,,77
,,,,,,,,,,,,,,,,,,,159,부산,7.6,20.1,0.5,96
,,,,,,,,,,,,,,,,,,,159,부산,7.7,23.2,,95
,,,,,,,,,,,,,,,,,,,159,부산,7.8,27.2,,92
,,,,,,,,,,,,,,,,,,,159,부산,7.9,26.2,0,85
,,,,,,,,,,,,,,,,,,,159,부산,7.10,27.2,,82
,,,,,,,,,,,,,,,,,,,159,부산,7.11,28.7,,62
,,,,,,,,,,,,,,,,,,,159,부산,7.12,25,,74
,,,,,,,,,,,,,,,,,,,159,부산,7.13,22.6,,87
,,,,,,,,,,,,,,,,,,,159,부산,7.14,26.1,,74
,,,,,,,,,,,,,,,,,,,159,부산,7.15,23.2,0.4,96
,,,,,,,,,,,,,,,,,,,159,부산,7.16,23.9,,93
,,,,,,,,,,,,,,,,,,,159,부산,7.17,23.9,0,95
,,,,,,,,,,,,,,,,,,,159,부산,7.18,21.6,3.5,98
,,,,,,,,,,,,,,,,,,,159,부산,7.19,26.7,,78
,,,,,,,,,,,,,,,,,,,159,부산,7.20,27.7,,78
,,,,,,,,,,,,,,,,,,,159,부산,7.21,26.7,,77
,,,,,,,,,,,,,,,,,,,159,부산,7.22,26.3,,82
,,,,,,,,,,,,,,,,,,,159,부산,7.23,28.8,,77
,,,,,,,,,,,,,,,,,,,159,부산,7.24,29.1,,83
,,,,,,,,,,,,,,,,,,,159,부산,7.25,26.9,,92
,,,,,,,,,,,,,,,,,,,159,부산,7.26,27.6,,73
,,,,,,,,,,,,,,,,,,,159,부산,7.27,24.5,,73
,,,,,,,,,,,,,,,,,,,159,부산,7.28,24.2,,76
,,,,,,,,,,,,,,,,,,,159,부산,7.29,26.9,,81
,,,,,,,,,,,,,,,,,,,159,부산,7.30,30.8,,71
,,,,,,,,,,,,,,,,,,,159,부산,7.31,29.8,,78
,,,,,,,,,,,,,,,,,,,159,부산,8.1,27,0.2,83
,,,,,,,,,,,,,,,,,,,159,부산,8.2,24.6,3,93
,,,,,,,,,,,,,,,,,,,159,부산,8.3,25.8,,91
,,,,,,,,,,,,,,,,,,,159,부산,8.4,24.4,,93
,,,,,,,,,,,,,,,,,,,159,부산,8.5,26.5,,87
,,,,,,,,,,,,,,,,,,,159,부산,8.6,29.2,,75
,,,,,,,,,,,,,,,,,,,159,부산,8.7,25,,82
,,,,,,,,,,,,,,,,,,,159,부산,8.8,23.6,,87
,,,,,,,,,,,,,,,,,,,159,부산,8.9,25.9,,75
,,,,,,,,,,,,,,,,,,,159,부산,8.10,22.9,1.5,97
,,,,,,,,,,,,,,,,,,,159,부산,8.11,24.1,,87
,,,,,,,,,,,,,,,,,,,159,부산,8.12,26.1,,74
,,,,,,,,,,,,,,,,,,,159,부산,8.13,26,,68
,,,,,,,,,,,,,,,,,,,159,부산,8.14,21,0.5,97
,,,,,,,,,,,,,,,,,,,159,부산,8.15,24.5,,86
,,,,,,,,,,,,,,,,,,,159,부산,8.16,26.4,,75
,,,,,,,,,,,,,,,,,,,159,부산,8.17,23.9,,72
,,,,,,,,,,,,,,,,,,,159,부산,8.18,24.4,1,98
,,,,,,,,,,,,,,,,,,,159,부산,8.19,24.1,0.5,98
,,,,,,,,,,,,,,,,,,,159,부산,8.20,23.2,5,100
,,,,,,,,,,,,,,,,,,,159,부산,8.21,25.3,,82
,,,,,,,,,,,,,,,,,,,159,부산,8.22,26.9,,75
,,,,,,,,,,,,,,,,,,,159,부산,8.23,26.1,,74
,,,,,,,,,,,,,,,,,,,159,부산,8.24,25.2,0.1,94
,,,,,,,,,,,,,,,,,,,159,부산,8.25,23.1,0,100
,,,,,,,,,,,,,,,,,,,159,부산,8.26,24.9,,91
,,,,,,,,,,,,,,,,,,,159,부산,8.27,22.7,,78
,,,,,,,,,,,,,,,,,,,159,부산,8.28,22.1,0,77
,,,,,,,,,,,,,,,,,,,159,부산,8.29,23.4,,68
,,,,,,,,,,,,,,,,,,,159,부산,8.30,23.3,,71
,,,,,,,,,,,,,,,,,,,159,부산,8.31,22.7,,70
,,,,,,,,,,,,,,,,,,,159,부산,9.1,24.1,,68
,,,,,,,,,,,,,,,,,,,159,부산,9.2,22.6,0.1,77
,,,,,,,,,,,,,,,,,,,159,부산,9.3,23.1,1,96
,,,,,,,,,,,,,,,,,,,159,부산,9.4,25.3,,82
,,,,,,,,,,,,,,,,,,,159,부산,9.5,25.4,,78
,,,,,,,,,,,,,,,,,,,159,부산,9.6,23.9,,70
,,,,,,,,,,,,,,,,,,,159,부산,9.7,24.7,,81
,,,,,,,,,,,,,,,,,,,159,부산,9.8,24.9,,76
,,,,,,,,,,,,,,,,,,,159,부산,9.9,25.4,,79
,,,,,,,,,,,,,,,,,,,159,부산,9.10,24.9,,80
,,,,,,,,,,,,,,,,,,,159,부산,9.11,23.6,,70
,,,,,,,,,,,,,,,,,,,159,부산,9.12,22.8,,69
,,,,,,,,,,,,,,,,,,,159,부산,9.13,23.4,,62
,,,,,,,,,,,,,,,,,,,159,부산,9.14,22.9,,70
,,,,,,,,,,,,,,,,,,,159,부산,9.15,24.2,,74
,,,,,,,,,,,,,,,,,,,159,부산,9.16,24.1,,74
,,,,,,,,,,,,,,,,,,,159,부산,9.17,21.5,,85
,,,,,,,,,,,,,,,,,,,159,부산,9.18,21.5,,61
,,,,,,,,,,,,,,,,,,,159,부산,9.19,22,,59
,,,,,,,,,,,,,,,,,,,159,부산,9.20,23.1,,56
,,,,,,,,,,,,,,,,,,,159,부산,9.21,22.7,,65
,,,,,,,,,,,,,,,,,,,159,부산,9.22,22.9,,61
,,,,,,,,,,,,,,,,,,,159,부산,9.23,22,0.2,76
,,,,,,,,,,,,,,,,,,,159,부산,9.24,20.4,0.5,98
,,,,,,,,,,,,,,,,,,,159,부산,9.25,22.6,,74
,,,,,,,,,,,,,,,,,,,159,부산,9.26,21.6,,60
,,,,,,,,,,,,,,,,,,,159,부산,9.27,22.6,,68
,,,,,,,,,,,,,,,,,,,159,부산,9.28,23.4,,74
,,,,,,,,,,,,,,,,,,,159,부산,9.29,22.8,0,74
,,,,,,,,,,,,,,,,,,,159,부산,9.30,19.5,,77
,,,,,,,,,,,,,,,,,,,159,부산,10.1,19.9,,72
,,,,,,,,,,,,,,,,,,,159,부산,10.2,21.6,,72
,,,,,,,,,,,,,,,,,,,159,부산,10.3,21.4,,58
,,,,,,,,,,,,,,,,,,,159,부산,10.4,18.4,,59
,,,,,,,,,,,,,,,,,,,159,부산,10.5,19.2,,57
,,,,,,,,,,,,,,,,,,,159,부산,10.6,19.3,,54
,,,,,,,,,,,,,,,,,,,159,부산,10.7,19,,61
,,,,,,,,,,,,,,,,,,,159,부산,10.8,19.6,,67
,,,,,,,,,,,,,,,,,,,159,부산,10.9,20.1,,68
,,,,,,,,,,,,,,,,,,,159,부산,10.10,20.6,,68
,,,,,,,,,,,,,,,,,,,159,부산,10.11,19.5,,68
,,,,,,,,,,,,,,,,,,,159,부산,10.12,19.9,0,79
,,,,,,,,,,,,,,,,,,,159,부산,10.13,17.3,,80
,,,,,,,,,,,,,,,,,,,159,부산,10.14,16.1,,59
,,,,,,,,,,,,,,,,,,,159,부산,10.15,17.5,,63
,,,,,,,,,,,,,,,,,,,159,부산,10.16,18.2,,38
,,,,,,,,,,,,,,,,,,,159,부산,10.17,16.1,,45
,,,,,,,,,,,,,,,,,,,159,부산,10.18,18.3,,47
,,,,,,,,,,,,,,,,,,,159,부산,10.19,19.6,,67
,,,,,,,,,,,,,,,,,,,159,부산,10.20,20.9,0.5,93
,,,,,,,,,,,,,,,,,,,159,부산,10.21,15.5,3.5,97
,,,,,,,,,,,,,,,,,,,159,부산,10.22,14,,78
,,,,,,,,,,,,,,,,,,,159,부산,10.23,15.8,,63
,,,,,,,,,,,,,,,,,,,159,부산,10.24,17.7,,73
,,,,,,,,,,,,,,,,,,,159,부산,10.25,18.7,,76
,,,,,,,,,,,,,,,,,,,159,부산,10.26,19.6,,69
,,,,,,,,,,,,,,,,,,,159,부산,10.27,16.5,,67
,,,,,,,,,,,,,,,,,,,159,부산,10.28,17,,63
,,,,,,,,,,,,,,,,,,,159,부산,10.29,16.8,,63
,,,,,,,,,,,,,,,,,,,159,부산,10.30,17.5,,69
,,,,,,,,,,,,,,,,,,,108,서울,4.1,11.4,,54
