ID,stag,event,gender,age,industry,profession,traffic,coach,head_gender,greywage,way,extraversion,independ,selfcontrol,anxiety,novator
1,7.030800821,1,m,35,Banks,HR,rabrecNErab,no,f,white,bus,6.2,4.1,5.7,7.1,8.3
2,22.9650924,1,m,33,Banks,HR,empjs,no,m,white,bus,6.2,4.1,5.7,7.1,8.3
3,15.93429158,1,f,35,PowerGeneration,HR,rabrecNErab,no,m,white,bus,6.2,6.2,2.6,4.8,8.3
4,15.93429158,1,f,35,PowerGeneration,HR,rabrecNErab,no,m,white,bus,5.4,7.6,4.9,2.5,6.7
5,8.410677618,1,m,32,Retail,Commercial,youjs,yes,f,white,bus,3,4.1,8,7.1,3.7
6,8.969199179,1,f,42,manufacture,HR,empjs,yes,m,white,bus,6.2,6.2,4.1,5.6,6.7
7,8.969199179,1,f,42,manufacture,HR,empjs,yes,m,white,bus,6.2,6.2,4.1,5.6,6.7
8,120.4435318,1,f,28,Retail,HR,referal,no,m,white,bus,3.8,5.5,8,4,4.4
9,8.607802875,1,f,29,Banks,HR,empjs,no,f,white,bus,8.6,6.9,2.6,4,7.5
10,4.435318275,1,f,30,Consult,Marketing,youjs,yes,m,white,bus,5.4,5.5,3.3,7.9,8.3
11,67.35112936,1,f,40,manufacture,HR,rabrecNErab,no,m,white,car,8.6,4.1,1.8,7.1,6.7
12,20.92813142,1,m,23,Banks,HR,referal,yes,m,white,bus,3,6.9,4.9,4.8,7.5
13,20.92813142,1,f,22,Consult,HR,rabrecNErab,my head,f,white,foot,5.4,8.4,4.9,3.3,6
14,8.936344969,1,f,24,State,etc,advert,yes,f,white,foot,7,6.2,4.1,7.1,9
15,33.57700205,1,f,25,etc,HR,KA,my head,f,white,foot,9.4,1.2,4.1,5.6,6.7
16,16.39425051,1,f,28,Building,HR,youjs,no,m,white,car,8.6,5.5,4.9,4.8,5.2
17,15.34291581,1,f,30,Banks,HR,rabrecNErab,no,m,white,bus,5.4,5.5,3.3,4.8,6.7
18,26.4476386,1,f,27,IT,Sales,referal,yes,m,white,bus,5.4,6.9,2.6,5.6,8.3
19,14.71868583,1,f,36,Banks,HR,referal,yes,f,grey,bus,5.4,6.9,3.3,3.3,7.5
20,45.37166324,1,f,29,etc,HR,referal,no,m,white,bus,7.8,6.2,6.4,7.9,6
21,45.37166324,1,f,29,etc,HR,referal,no,m,white,bus,3.8,3.4,5.7,8.7,7.5
22,36.96098563,1,f,48,State,BusinessDevelopment,empjs,no,f,white,bus,4.6,6.2,4.9,5.6,6.7
23,22.47227926,1,f,29,Banks,Finan?,KA,no,f,white,car,7.8,4.8,5.7,7.1,6
24,59.20328542,1,f,25,Banks,HR,recNErab,yes,f,white,bus,5.4,4.8,7.2,5.6,5.2
25,59.20328542,1,f,25,Banks,HR,recNErab,yes,f,white,bus,4.6,4.1,8.7,5.6,2.1
26,12.38603696,1,f,36,Banks,Finan?,rabrecNErab,no,m,white,car,7.8,6.9,3.3,3.3,7.5
27,24.3449692,1,f,36,Retail,HR,rabrecNErab,my head,m,white,bus,7.8,2.6,5.7,7.1,5.2
28,11.95893224,1,m,29,Banks,HR,rabrecNErab,no,f,white,car,3.8,1.9,9.5,7.9,3.7
29,3.252566735,1,f,35, HoReCa,HR,empjs,my head,f,white,bus,3,7.6,7.2,4,7.5
30,3.252566735,1,f,35, HoReCa,HR,empjs,my head,f,white,bus,1.4,8.4,8,4.8,6
31,14.58726899,1,f,21,Telecom,Sales,rabrecNErab,yes,f,white,bus,8.6,4.1,4.9,5.6,6
32,16.91991786,1,m,35,etc,Sales,youjs,no,m,white,car,4.6,3.4,4.1,8.7,4.4
33,28.15605749,1,f,25,etc,etc,referal,my head,f,white,bus,3.8,6.9,6.4,7.1,7.5
34,60.94455852,1,f,30.40033257,Retail,HR,youjs,no,m,white,bus,7,6.2,4.1,2.5,6.7
35,87.68788501,1,f,29,Consult,HR,rabrecNErab,no,f,white,bus,7,6.2,4.1,4,9
36,43.4661191,1,f,22,Pharma,HR,rabrecNErab,no,m,white,bus,3,4.1,8.7,7.1,6
37,22.73511294,1,f,34,Retail,HR,KA,no,m,white,car,5.4,5.5,4.9,4.8,4.4
38,22.73511294,1,f,34,Retail,HR,KA,no,m,white,car,6.2,6.2,4.9,3.3,2.9
39,22.73511294,1,f,34,Retail,HR,KA,no,m,white,car,5.4,5.5,4.9,4.8,4.4
40,22.73511294,1,f,34,Retail,HR,KA,no,m,white,car,6.2,6.2,4.9,3.3,2.9
41,13.07597536,1,f,21,etc,HR,empjs,no,f,white,bus,5.4,7.6,4.9,3.3,2.1
42,7.589322382,1,f,22,etc,HR,youjs,yes,f,grey,car,7,4.8,6.4,4,4.4
43,36.23819302,1,f,32,Retail,HR,youjs,no,m,white,car,3,7.6,7.2,4.8,2.9
44,19.08829569,1,f,36,Pharma,etc,empjs,no,f,white,car,4.6,7.6,5.7,5.6,8.3
45,4.369609856,1,f,30,Banks,HR,youjs,no,m,white,bus,6.2,3.4,8,3.3,3.7
46,80.98562628,1,f,32,Retail,HR,rabrecNErab,my head,m,white,bus,3.8,6.2,8,4,6
47,9.100616016,1,f,33,Retail,HR,empjs,no,m,white,car,7,4.8,4.1,7.1,8.3
48,36.92813142,1,f,49,,BusinessDevelopment,empjs,my head,f,white,bus,4.6,6.2,4.9,5.6,6.7
49,3.975359343,1,f,29,,HR,empjs,yes,m,white,bus,7.8,5.5,5.7,4,5.2
50,3.975359343,1,f,29,,HR,empjs,yes,m,white,bus,6.2,6.2,5.7,6.3,2.9
51,3.975359343,1,f,29,,HR,empjs,yes,m,white,bus,7,6.2,5.7,4,3.7
52,7.589322382,1,m,36,,HR,empjs,no,m,white,foot,4.6,4.8,7.2,6.3,7.5
53,95.21149897,1,f,22,,Teaching,advert,my head,m,white,bus,8.6,4.8,4.9,4,6.7
54,41.69199179,1,f,21,,HR,empjs,yes,f,white,foot,7.8,5.5,2.6,7.1,9
55,14.9486653,1,f,25,,HR,empjs,no,f,white,bus,8.6,6.2,3.3,6.3,6
56,50.72689938,1,m,38,,HR,rabrecNErab,no,m,white,car,6.2,3.4,7.2,6.3,3.7
57,50.72689938,1,m,38,,HR,rabrecNErab,no,m,white,car,7,5.5,5.7,6.3,6
58,35.28542094,1,f,23,Consult,HR,empjs,yes,f,white,bus,10,4.8,4.1,5.6,8.3
59,35.28542094,1,f,23,Consult,HR,empjs,yes,f,white,bus,8.6,4.8,4.1,6.3,9
60,35.94250513,1,m,38,Banks,BusinessDevelopment,recNErab,no,m,white,car,8.6,3.4,6.4,4,6
61,15.57289528,1,f,24,Retail,HR,youjs,no,f,white,foot,6.2,7.6,3.3,3.3,6.7
62,15.57289528,1,f,24,Retail,HR,youjs,no,f,white,foot,6.2,7.6,3.3,3.3,6.7
63,52.96098563,1,f,36,manufacture,HR,rabrecNErab,my head,m,white,car,4.6,4.1,8,5.6,6
64,7.819301848,1,f,21,State,Sales,advert,my head,m,grey,bus,4.6,5.5,7.2,3.3,5.2
65,81.83983573,1,f,29,Telecom,HR,rabrecNErab,my head,f,white,foot,3.8,6.9,6.4,5.6,8.3
66,55.72073922,1,f,29,Banks,HR,empjs,my head,f,white,bus,7,6.2,4.1,4,4.4
67,4.336755647,1,f,26,manufacture,HR,referal,no,f,white,car,3.8,4.8,5.7,7.9,2.9
68,18.95687885,1,m,36,etc,manage,rabrecNErab,my head,m,white,car,6.2,4.1,6.4,6.3,5.2
69,18.95687885,1,m,36,etc,manage,rabrecNErab,my head,m,white,car,8.6,2.6,7.2,4.8,4.4
70,53.81519507,1,f,30.40033257,State,Teaching,recNErab,no,m,white,foot,4.6,9.1,4.1,4,6
71,90.51334702,1,f,22,State,HR,referal,my head,f,white,bus,6.2,5.5,3.3,6.3,6.7
72,40.57494867,1,m,29,Banks,Marketing,rabrecNErab,no,f,white,bus,6.2,4.8,6.4,5.6,5.2
73,59.49897331,1,f,23,State,Teaching,advert,no,f,white,bus,7,5.5,3.3,6.3,5.2
74,6.603696099,1,m,22,manufacture,manage,advert,no,f,white,foot,7.8,5.5,1,9.4,9
75,44.78028747,1,f,36,etc,HR,rabrecNErab,no,m,white,bus,7.8,4.8,4.9,5.6,9
76,6.669404517,1,m,27,State,Teaching,rabrecNErab,no,f,white,bus,6.2,5.5,6.4,4,4.4
77,15.70431211,0,f,34,Retail,HR,empjs,no,f,white,car,8.6,5.5,4.1,5.6,6.7
78,15.70431211,0,f,34,Retail,HR,empjs,no,f,white,car,8.6,3.4,4.1,7.1,6
79,15.70431211,0,f,34,Retail,HR,empjs,no,f,white,car,7.8,4.1,4.1,7.1,6.7
80,59.20328542,1,f,25,Banks,HR,recNErab,no,f,white,bus,5.4,4.8,7.2,5.6,5.2
81,59.20328542,1,f,25,Banks,HR,recNErab,no,f,white,bus,4.6,4.1,8.7,5.6,2.1
82,17.3798768,1,f,24,Consult,HR,rabrecNErab,no,f,white,bus,5.4,6.9,4.9,4,6.7
83,38.86652977,1,f,27,Retail,etc,referal,yes,m,white,bus,5.4,6.9,2.6,5.6,8.3
84,7.950718686,1,f,34,Banks,BusinessDevelopment,KA,my head,m,white,car,7,6.2,7.2,2.5,5.2
85,7.950718686,1,f,34,Banks,BusinessDevelopment,KA,my head,m,white,car,8.6,6.9,5.7,3.3,4.4
86,96.52566735,1,f,24,IT,HR,KA,no,f,white,bus,6.2,4.8,7.2,4,6.7
87,86.53798768,1,f,23,State,Teaching,referal,yes,f,white,bus,3.8,6.9,8,1.7,2.1
88,52.862423,1,f,38,Telecom,HR,youjs,no,m,white,car,4.6,5.5,7.2,6.3,7.5
89,17.57700205,1,f,25,Banks,HR,empjs,no,m,white,bus,6.2,6.2,5.7,5.6,7.5
90,17.57700205,1,f,25,Banks,HR,empjs,no,m,white,bus,6.2,7.6,4.1,4.8,9
91,25.06776181,1,f,28,manufacture,HR,youjs,my head,m,white,bus,6.2,4.8,4.1,4,6.7
92,86.83367556,1,f,29,manufacture,HR,rabrecNErab,my head,f,white,car,7,5.5,1.8,6.3,6
93,13.10882957,1,m,26,etc,Commercial,rabrecNErab,no,m,white,car,6.2,4.1,4.9,6.3,2.9
94,26.18480493,1,m,21,etc,Marketing,referal,no,m,white,bus,4.6,6.9,4.1,5.6,6
95,9.626283368,1,f,25,Consult,HR,youjs,my head,f,white,bus,5.4,6.9,5.7,3.3,2.9
96,9.889117043,1,f,25,Consult,HR,youjs,my head,f,white,bus,5.4,6.9,5.7,3.3,2.9
97,3.351129363,1,f,24,Consult,HR,youjs,no,f,white,bus,4.6,6.9,5.7,5.6,2.9
98,15.3100616,1,f,31,State,HR,rabrecNErab,no,m,grey,bus,2.2,1,8,8.7,3.7
99,80.06570842,1,f,45,Retail,HR,empjs,no,f,white,bus,3,5.5,10,6.3,2.9
100,16.78850103,1,f,21,etc,etc,rabrecNErab,my head,f,white,bus,7,6.9,5.7,4,5.2
101,19.44969199,1,f,22,etc,HR,youjs,my head,f,white,bus,5.4,6.2,4.1,8.7,8.3
102,9.034907598,1,f,37,Mining,Commercial,KA,yes,m,white,bus,3.8,7.6,4.9,7.1,9
103,18.49691992,1,f,32,etc,HR,empjs,my head,m,white,bus,7.8,6.2,3.3,4,8.3
104,53.19096509,1,f,37,manufacture,HR,rabrecNErab,my head,m,white,bus,7,4.8,5.7,6.3,8.3
105,42.57905544,1,f,30,Retail,HR,KA,no,f,white,bus,6.2,6.2,5.7,5.6,8.3
106,23.6550308,1,f,37,transport,HR,youjs,no,m,white,bus,6.2,5.5,5.7,6.3,9
107,41.29774127,1,f,22,Pharma,HR,rabrecNErab,no,m,white,bus,3.8,1.9,8.7,6.3,4.4
108,41.29774127,1,f,22,Pharma,HR,rabrecNErab,no,m,white,bus,5.4,2.6,8,7.1,5.2
109,123.3347023,1,f,22,Banks,IT,referal,my head,m,white,bus,4.6,4.8,6.4,7.1,6
110,123.3347023,1,f,22,Banks,IT,referal,my head,m,white,bus,4.6,6.2,6.4,4,6.7
111,13.17453799,1,m,28,Telecom,IT,rabrecNErab,no,m,white,car,8.6,6.2,1,5.6,6.7
112,13.17453799,1,m,28,Telecom,IT,rabrecNErab,no,m,white,car,7,6.2,2.6,5.6,8.3
113,14.85010267,1,m,25,manufacture,HR,empjs,my head,f,white,car,6.2,5.5,5.7,5.6,4.4
114,24.24640657,1,f,23,Building,Marketing,rabrecNErab,my head,f,white,bus,3.8,7.6,7.2,2.5,4.4
115,12.09034908,1,m,25,Building,HR,youjs,yes,f,white,bus,7,4.8,4.9,5.6,6
116,11.49897331,1,f,26,Banks,HR,youjs,no,f,white,bus,4.6,6.2,5.7,4,6
117,11.49897331,1,f,26,Banks,HR,youjs,no,f,white,bus,4.6,5.5,6.4,5.6,5.2
118,27.36755647,1,m,30,Retail,Sales,youjs,no,m,white,car,7,4.8,1.8,8.7,6.7
119,15.54004107,1,m,38,IT,IT,referal,no,m,white,car,6.2,4.1,1.8,8.7,8.3
120,4.960985626,1,f,37,State,Marketing,recNErab,no,f,white,foot,9.4,4.1,4.9,4,8.3
121,19.8110883,1,f,26,Agriculture,Law,rabrecNErab,no,m,grey,bus,5.4,4.8,8.7,5.6,2.9
122,103.3921971,1,f,27,Banks,HR,youjs,no,f,white,car,3.8,4.8,9.5,6.3,3.7
123,3.975359343,1,f,29,Retail,etc,empjs,no,m,white,bus,7.8,5.5,5.7,4,5.2
124,3.975359343,1,f,29,Retail,etc,empjs,no,m,white,bus,6.2,6.2,5.7,6.3,2.9
125,3.975359343,1,f,29,Retail,etc,empjs,no,m,white,bus,7,6.2,5.7,4,3.7
126,70.93223819,1,f,26,manufacture,HR,rabrecNErab,no,m,white,bus,3.8,5.5,8.7,3.3,3.7
127,70.93223819,1,f,26,manufacture,HR,rabrecNErab,no,m,white,bus,3,6.9,6.4,3.3,2.9
128,51.94250513,1,f,49,manufacture,HR,empjs,my head,m,white,bus,6.2,8.4,3.3,3.3,6
129,38.76796715,1,m,21,Banks,HR,recNErab,yes,f,white,foot,7.8,6.2,2.6,5.6,9
130,38.76796715,1,m,21,Banks,HR,recNErab,yes,f,white,foot,7,3.4,3.3,7.1,8.3
131,34.95687885,1,m,26,Mining,HR,empjs,yes,f,white,car,4.6,3.4,8.7,7.9,7.5
132,49.3798768,1,f,22,etc,Marketing,rabrecNErab,no,f,grey,car,5.4,6.9,,4,4.4
133,25.65913758,1,m,51,Retail,etc,referal,no,m,white,car,3,5.5,,5.6,5.2
134,50.72689938,1,f,28,manufacture,Finan?,rabrecNErab,no,m,white,car,7.8,3.4,,4,4.4
135,22.07802875,1,m,52,Consult,Consult,rabrecNErab,no,m,white,foot,3,9.1,,6.3,6.7
136,11.07186858,1,f,43,Pharma,HR,youjs,my head,f,white,car,4.6,5.5,,7.9,7.5
137,50.59548255,1,f,44,manufacture,HR,rabrecNErab,no,m,grey,car,7,6.9,,3.3,6
138,17.41273101,1,f,45,manufacture,Engineer,rabrecNErab,my head,f,white,bus,3.8,4.1,,5.6,3.7
139,24.41067762,1,f,27,Building,HR,rabrecNErab,no,f,white,bus,3.8,9.8,,4,9
140,23.88501027,1,f,26,Retail,HR,youjs,my head,f,white,bus,7,5.5,,4.8,7.5
141,20.04106776,1,f,25,,HR,advert,yes,f,white,car,9.4,3.4,,8.7,7.5
142,150.9979466,1,f,19,,HR,advert,yes,m,white,foot,7,3.4,,7.9,6.7
143,10.7761807,1,f,31,,HR,rabrecNErab,no,m,white,bus,9.4,3.4,,8.7,9.8
144,78.68583162,1,f,31,,HR,rabrecNErab,no,f,grey,bus,3.8,4.1,,8.7,2.1
145,78.68583162,1,f,31,,HR,rabrecNErab,no,f,grey,bus,3.8,4.1,,8.7,2.1
146,81.18275154,1,f,31,,HR,referal,my head,f,white,bus,6.2,4.8,,6.3,5.2
147,13.40451745,1,f,30.40033257,,HR,youjs,no,f,white,bus,6.2,4.1,,6.3,1
148,13.40451745,1,f,30.40033257,,HR,youjs,no,f,white,bus,7,6.9,4.1,6.3,3.7
149,142.4558522,1,f,18,,HR,advert,no,f,white,bus,6.2,5.5,6.4,4.8,5.2
150,10.94045175,1,m,33,,Consult,youjs,yes,m,white,car,3,10,5.7,6.3,8.3
151,12.05749487,1,f,36,,Sales,youjs,no,m,white,bus,5.4,4.8,4.9,4.8,6
152,54.07802875,1,f,31,etc,HR,empjs,my head,m,white,car,3,5.5,7.2,5.6,6
153,5.650924025,1,f,45,IT,HR,rabrecNErab,no,m,white,car,7.8,4.8,4.1,4,6
154,,1,f,29,Retail,HR,empjs,my head,f,white,car,8.6,6.9,4.9,3.3,6
155,,1,m,23,Banks,HR,rabrecNErab,no,f,white,bus,5.4,5.5,5.7,8.7,5.2
156,,1,f,27,Retail,HR,rabrecNErab,my head,f,white,car,6.2,4.8,6.4,6.3,2.9
157,,1,f,22,Retail,Sales,youjs,yes,m,grey,bus,8.6,4.1,4.9,4.8,5.2
158,,1,m,47,manufacture,Commercial,empjs,no,m,grey,bus,3.8,1.9,8.7,8.7,2.1
159,,1,m,47,manufacture,Commercial,empjs,no,m,grey,bus,4.6,4.1,5.7,9.4,3.7
160,,1,m,47,manufacture,Commercial,empjs,no,m,grey,bus,3,5.5,4.9,9.4,4.4
161,,1,f,30.40033257,Consult,HR,youjs,no,m,white,bus,7.8,5.5,4.9,7.1,6
162,,1,f,28,transport,HR,rabrecNErab,my head,f,white,car,4.6,6.9,4.9,4,6
163,,0,f,43,manufacture,HR,rabrecNErab,my head,m,white,bus,4.6,7.6,4.9,5.6,6
164,,1,m,26,Consult,Consult,referal,no,f,white,bus,8.6,5.5,4.1,7.1,6.7
165,,1,f,31,Retail,Sales,KA,no,f,grey,bus,5.4,5.5,7.2,4.8,1.3
166,,1,m,24,Retail,HR,empjs,my head,f,grey,bus,4.6,7.6,6.4,4.8,6.7
167,,1,f,27,Building,HR,rabrecNErab,no,f,white,bus,3.8,9.8,4.1,4,9
168,,1,m,35,Retail,HR,rabrecNErab,no,m,white,car,6.2,5.5,5.7,4,2.9
169,,1,m,35,Retail,HR,rabrecNErab,no,m,white,car,7,4.8,2.6,5.6,6
170,,1,f,31,PowerGeneration,HR,youjs,my head,f,white,car,5.4,4.1,6.4,4.8,4.4
171,,1,m,23,IT,HR,empjs,no,f,white,bus,7,4.1,6.4,4.8,5.2
172,,1,f,40,Banks,Sales,advert,my head,f,white,car,5.4,4.1,4.9,6.3,7.5
173,,1,f,31,IT,HR,KA,no,m,white,bus,5.4,6.9,3.3,4,8.3
174,,1,f,37,etc,HR,youjs,yes,f,white,bus,6.2,6.2,6.4,5.6,5.2
175,,1,f,24,IT,HR,youjs,yes,f,white,bus,8.6,4.1,4.9,3.3,6
176,,1,f,23,Building,HR,empjs,no,f,grey,bus,5.4,8.4,4.1,4.8,6
177,,1,f,23,Building,HR,empjs,no,f,grey,bus,7.8,5.5,4.1,4.8,5.2
178,,1,f,46,RealEstate,HR,rabrecNErab,no,m,white,car,4.6,7.6,6.4,4,6
179,,1,f,23,Consult,Marketing,youjs,yes,f,white,bus,6.2,4.8,5.7,3.3,3.7
180,,1,f,40,IT,HR,empjs,yes,m,white,bus,3,8.4,7.2,4.8,8.3
181,,1,m,39,manufacture,Engineer,recNErab,no,m,white,car,3.8,4.8,5.7,7.9,3.7
182,,1,f,28,Retail,HR,youjs,no,f,white,car,3,5.5,6.4,5.6,3.7
183,,1,m,40,etc,HR,empjs,yes,m,white,car,5.4,3.4,5.7,7.9,9.8
184,,1,m,33,Retail,Finan?,rabrecNErab,no,f,white,bus,2.2,6.2,6.4,6.3,5.2
185,,1,m,33,Retail,Finan?,rabrecNErab,no,f,white,,3.8,4.1,8,6.3,4.4
186,,1,f,24,Banks,HR,referal,no,f,white,,7.8,6.2,4.9,1.7,3.7
187,,1,f,38,Retail,HR,rabrecNErab,no,m,white,,6.2,4.1,4.9,5.6,6.7
188,,1,m,35,manufacture,BusinessDevelopment,rabrecNErab,no,m,white,,5.4,4.8,4.1,7.9,7.5
189,,1,f,33,manufacture,HR,referal,my head,m,white,,4.6,4.8,7.2,7.9,6
190,,1,f,36,etc,HR,empjs,no,m,white,,3,6.9,6.4,4.8,6
191,,1,f,36,etc,HR,empjs,no,m,white,,2.2,6.9,8,6.3,3.7
192,,1,f,36,etc,HR,empjs,no,m,white,,3,6.9,7.2,4.8,5.2
193,,1,f,22,etc,HR,youjs,yes,f,white,,9.4,4.1,4.1,4.8,9
194,,1,f,38,manufacture,HR,rabrecNErab,no,m,white,,7.8,2.6,5.7,7.1,5.2
195,,1,f,23,Banks,HR,rabrecNErab,yes,f,white,,4.6,6.9,7.2,5.6,4.4
196,,1,f,23,Banks,HR,rabrecNErab,yes,f,white,,6.2,4.8,4.9,4.8,3.7
197,,1,f,24,etc,Sales,rabrecNErab,my head,f,white,,6.2,5.5,5.7,3.3,2.1
198,,1,m,26,Retail,Sales,recNErab,no,m,white,,3,5.5,5.7,7.1,6.7
199,,1,f,33,etc,etc,advert,no,m,white,,5.4,1,9.5,9.4,5.2
200,,1,f,40,Banks,HR,empjs,yes,f,grey,,6.2,3.4,8,3.3,3.7
201,,1,f,23,manufacture,manage,KA,no,f,white,,3.8,4.1,8.7,4,2.9
202,,1,f,27,Retail,HR,youjs,no,m,white,,8.6,4.8,7.2,4,3.7
203,,1,f,24,PowerGeneration,Sales,empjs,my head,f,white,,5.4,6.2,4.1,6.3,9.8
204,,1,f,30,Banks,HR,rabrecNErab,no,f,white,,5.4,7.6,2.6,5.6,6
205,,1,f,37,Pharma,etc,empjs,no,f,white,,4.6,7.6,5.7,5.6,8.3
206,,1,f,31,manufacture,HR,rabrecNErab,no,m,grey,bus,3,7.6,4.9,5.6,5.2
207,,1,f,31,Retail,HR,KA,no,m,white,bus,3.8,10,3.3,3.3,6.7
208,,1,f,23,IT,HR,youjs,my head,f,white,bus,1.4,2.6,9.5,8.7,2.1
209,,1,f,40,Banks,HR,empjs,no,f,white,bus,7.8,5.5,2.6,6.3,8.3
210,,1,f,40,Banks,HR,empjs,no,f,white,bus,8.6,5.5,3.3,6.3,7.5
211,,1,f,40,Banks,HR,empjs,no,f,white,bus,7,6.9,4.1,5.6,7.5
212,,1,f,37,etc,Marketing,youjs,no,f,white,bus,4.6,2.6,8.7,4,2.9
213,,1,f,30,Retail,Sales,youjs,no,f,white,bus,4.6,2.6,7.2,6.3,5.2
214,,1,f,38,State,Teaching,referal,no,f,,foot,3,9.1,4.1,4.8,6
215,,1,m,32,Mining,Law,rabrecNErab,no,f,,bus,3,4.8,4.1,7.1,7.5
216,,1,f,34,Building,Marketing,referal,no,m,,car,9.4,3.4,4.9,3.3,6
217,,1,f,25,manufacture,HR,youjs,my head,f,,car,3,4.8,7.2,7.9,5.2
218,,1,f,25,manufacture,HR,youjs,my head,f,grey,car,3,5.5,5.7,7.1,5.2
219,,0,m,33,Retail,HR,empjs,my head,f,white,car,4.6,6.2,8,7.1,5.2
220,,0,m,33,Retail,HR,empjs,my head,f,white,car,5.4,7.6,5.7,7.1,6
221,,0,m,33,Retail,HR,rabrecNErab,my head,m,white,car,3,4.1,8,7.1,3.7
222,,1,m,37,manufacture,manage,rabrecNErab,no,m,grey,bus,3.8,4.8,4.9,7.1,6.7
223,,1,f,31,manufacture,HR,rabrecNErab,my head,f,white,bus,6.2,4.8,4.1,4.8,5.2
224,,0,f,30,RealEstate,BusinessDevelopment,referal,my head,m,white,foot,5.4,6.9,2.6,5.6,8.3
225,,1,m,26,manufacture,Engineer,referal,my head,m,white,bus,4.6,5.5,8.7,5.6,1.3
226,,1,m,33,Banks,etc,youjs,no,m,white,car,6.2,4.1,3.3,8.7,9.8
227,,0,f,25,Retail,HR,youjs,no,m,grey,car,6.2,3.4,6.4,6.3,7.5
228,,0,f,32,etc,Marketing,rabrecNErab,my head,m,white,foot,5.4,5.5,3.3,7.9,8.3
229,,0,f,36,Retail,HR,KA,no,m,white,car,6.2,6.2,5.7,4,5.2
230,,0,f,38,Building,HR,referal,no,m,white,car,1.4,4.8,5.7,6.3,6.7
231,,1,f,23,Retail,Marketing,advert,my head,f,white,car,3,6.2,8.7,4.8,6
232,,1,f,26,State,manage,referal,no,f,white,foot,4.6,5.5,8,4.8,5.2
233,,1,f,24,Banks,HR,rabrecNErab,no,f,white,foot,7.8,6.2,4.9,1.7,3.7
234,,1,f,25,Retail,HR,empjs,no,m,white,bus,7.8,6.9,3.3,3.3,5.2
235,,1,f,33,Banks,HR,rabrecNErab,no,f,white,car,5.4,6.2,7.2,2.5,5.2
236,,0,f,32,Pharma,Sales,rabrecNErab,no,f,white,bus,5.4,7.6,8.7,2.5,2.9
237,,0,f,44,Banks,HR,KA,no,f,white,car,4.6,4.8,8.7,4.8,6
238,,1,f,24,Consult,Consult,youjs,no,f,grey,bus,6.2,4.8,8,4,2.9
239,,1,f,23,manufacture,HR,youjs,my head,f,white,bus,6.2,3.4,6.4,4.8,3.7
240,,0,f,25,manufacture,HR,youjs,no,f,white,bus,6.2,3.4,6.4,4.8,3.7
241,,1,f,34,etc,HR,empjs,no,m,white,car,8.6,5.5,1,6.3,9.8
242,,1,m,30,Retail,Sales,rabrecNErab,no,m,grey,car,5.4,4.1,4.9,6.3,6
243,,1,f,29,State,Teaching,advert,no,f,white,foot,9.4,5.5,3.3,3.3,5.2
244,,1,f,30,Mining,HR,youjs,my head,f,white,car,4.6,6.9,7.2,3.3,6.7
245,,0,f,29,IT,HR,rabrecNErab,no,f,white,bus,4.6,7.6,7.2,2.5,4.4
246,,0,f,26, HoReCa,HR,youjs,my head,f,white,car,3,6.9,7.2,4.8,5.2
247,,1,f,28,Retail,HR,rabrecNErab,my head,m,white,bus,7.8,6.9,4.1,3.3,7.5
248,,1,f,33, HoReCa,HR,youjs,my head,m,white,bus,3.8,8.4,8,4,4.4
249,,1,f,33, HoReCa,HR,youjs,my head,m,white,bus,4.6,9.1,4.9,3.3,2.9
250,,1,f,27,Retail,HR,rabrecNErab,no,m,white,foot,7,5.5,4.9,6.3,8.3
251,,1,f,32,State,Teaching,rabrecNErab,no,f,white,bus,7.8,4.8,4.1,3.3,7.5
252,,1,f,31,Banks,HR,empjs,no,f,grey,bus,7,6.2,1,9.4,7.5
253,,0,f,23,Retail,HR,youjs,yes,f,white,bus,6.2,4.8,7.2,4,6.7
254,,1,m,22,PowerGeneration,etc,recNErab,no,m,white,bus,6.2,2.6,7.2,5.6,6.7
255,,1,f,24,Telecom,HR,referal,no,m,white,bus,1,6.9,9.5,4.8,7.5
256,,1,f,23,Retail,Sales,empjs,my head,f,white,bus,7,4.8,4.1,5.6,6.7
257,,0,f,32,Retail,HR,rabrecNErab,no,f,white,bus,3,4.1,7.2,7.1,8.3
258,,0,m,42,manufacture,BusinessDevelopment,youjs,no,m,white,car,1.4,4.1,9.5,7.1,5.2
259,,1,m,22,,Marketing,rabrecNErab,no,m,white,bus,5.4,4.1,8.7,4,2.1
260,,1,m,39,,BusinessDevelopment,youjs,no,f,white,bus,7.8,4.8,1.8,8.7,8.3
261,,1,m,34,,HR,empjs,no,m,grey,bus,3.8,2.6,8,9.4,6
262,,0,f,30,,HR,youjs,no,m,,bus,4.6,2.6,7.2,7.1,6.7
263,,1,f,28,,Marketing,rabrecNErab,no,f,,car,3,8.4,3.3,7.9,8.3
264,,0,f,31,,BusinessDevelopment,referal,no,m,,car,4.6,4.8,8,4.8,6.7
265,,0,f,31,Retail,BusinessDevelopment,referal,no,m,,car,6.2,6.9,7.2,4.8,5.2
266,,1,f,32,etc,HR,youjs,yes,f,white,bus,3,8.4,7.2,6.3,7.5
267,,0,f,40,manufacture,HR,youjs,no,m,white,bus,3,6.9,4.9,5.6,6
268,,1,f,22,IT,manage,youjs,yes,f,white,bus,8.6,6.2,2.6,5.6,9.8
269,,1,f,41,Banks,HR,rabrecNErab,no,m,white,bus,3.8,8.4,2.6,4.8,7.5
270,,1,f,24,manufacture,HR,rabrecNErab,my head,f,grey,bus,3,4.8,7.2,7.9,5.2
271,,1,f,24,manufacture,HR,rabrecNErab,my head,f,grey,bus,3,5.5,5.7,7.1,5.2
272,,1,f,26,etc,Engineer,empjs,no,m,white,bus,6.2,5.5,3.3,6.3,8.3
273,,1,f,36,RealEstate,manage,rabrecNErab,no,m,white,bus,5.4,5.5,7.2,4.8,4.4
274,,1,m,30,Retail,Sales,rabrecNErab,no,m,grey,car,5.4,4.1,4.9,6.3,6
275,,1,f,30,Retail,HR,youjs,yes,f,white,bus,4.6,4.8,5.7,8.7,6
276,,0,f,31,IT,HR,youjs,no,m,white,bus,7,3.4,8,7.9,6
277,,1,f,24,Pharma,HR,empjs,no,f,white,bus,5.4,4.8,4.9,4.8,5.2
278,,1,f,28,IT,HR,youjs,no,f,white,bus,6.2,3.4,4.9,7.9,7.5
279,,1,f,24,etc,PR,referal,no,f,white,foot,7,4.1,2.6,7.9,7.5
280,,1,f,24,etc,PR,referal,no,f,white,foot,7.8,6.2,2.6,5.6,6.7
281,,1,f,44,etc,HR,youjs,no,m,white,bus,4.6,7.6,5.7,2.5,6
282,,0,f,24,Retail,HR,rabrecNErab,yes,m,white,car,7,6.2,1.8,6.3,7.5
283,,1,m,39,Retail,manage,empjs,no,m,white,car,6.2,3.4,6.4,6.3,7.5
284,,0,f,35,Telecom,BusinessDevelopment,referal,my head,f,white,bus,8.6,5.5,3.3,4.8,6.7
285,,1,f,40,Retail,HR,KA,no,m,white,car,6.2,6.2,5.7,4.8,7.5
286,,1,f,30.40033257,Retail,Marketing,youjs,yes,f,white,bus,7.8,6.2,4.9,4,8.3
287,,1,f,26,Banks,HR,youjs,no,f,grey,bus,4.6,6.2,5.7,4,6
288,,1,f,26,Banks,HR,youjs,no,f,grey,bus,4.6,5.5,6.4,5.6,5.2
289,,0,f,31,etc,HR,empjs,no,f,white,bus,5.4,5.5,4.9,5.6,6.7
290,,0,f,26,IT,HR,empjs,yes,f,white,bus,9.4,6.2,2.6,4,6
291,,0,f,26,IT,HR,empjs,yes,f,white,bus,6.2,7.6,4.1,3.3,6.7
292,,1,f,33,Pharma,HR,empjs,no,f,white,car,5.4,3.4,5.7,7.1,5.2
293,,0,f,23,Consult,HR,empjs,yes,f,white,foot,8.6,5.5,2.6,4.8,7.5
294,,0,f,32,Retail,HR,rabrecNErab,no,f,white,bus,3.8,6.2,8,4,6.7
295,,1,m,28,etc,IT,youjs,no,m,white,bus,7.8,6.9,2.6,6.3,7.5
296,,0,f,26,Retail,etc,youjs,no,m,white,car,10,5.5,2.6,6.3,6.7
297,,1,f,27,etc,HR,KA,no,f,white,bus,3.8,1.9,9.5,7.1,2.1
298,,0,m,22,IT,IT,rabrecNErab,my head,m,white,foot,4.6,2.6,6.4,9.4,6
299,,1,m,37,IT,IT,rabrecNErab,no,m,white,bus,10,3.4,3.3,6.3,10
300,,1,m,38,Agriculture,HR,empjs,no,f,white,bus,4.6,4.1,4.1,8.7,8.3
301,,1,m,44,Retail,Sales,youjs,no,m,,bus,2.2,5.5,8.7,7.1,6.7
302,,0,f,27,etc,etc,empjs,no,m,,bus,7,6.9,5.7,3.3,6.7
303,,1,f,23,Agriculture,Consult,referal,yes,m,white,bus,4.6,6.9,7.2,3.3,2.1
304,,1,f,23,Agriculture,Consult,referal,yes,m,white,bus,4.6,6.9,7.2,2.5,2.9
305,,1,f,23,Agriculture,Consult,referal,my head,m,white,bus,4.6,6.9,7.2,3.3,2.1
306,,1,f,23,Agriculture,Consult,referal,my head,m,white,bus,4.6,6.9,7.2,2.5,2.9
307,,1,f,34,Building,HR,youjs,my head,f,white,bus,4.6,2.6,5.7,7.9,7.5
308,,0,m,23,Telecom,Engineer,empjs,no,m,grey,bus,3.8,9.1,8.7,4.8,5.2
309,,0,f,25,Retail,HR,youjs,no,m,grey,bus,6.2,3.4,6.4,6.3,7.5
310,,0,f,26,Retail,HR,recNErab,no,f,white,bus,4.6,6.2,5.7,6.3,4.4
311,,0,f,26,Retail,HR,recNErab,no,f,white,bus,3.8,4.1,8.7,7.9,5.2
312,,0,f,30,Retail,etc,youjs,no,f,grey,bus,6.2,2.6,6.4,5.6,6
313,,1,m,45,Telecom,BusinessDevelopment,friends,my head,m,white,bus,3,8.4,7.2,7.1,6
314,,0,f,31,transport,Consult,friends,no,m,white,bus,5.4,6.2,6.4,4,3.7
315,,0,f,31,transport,Consult,friends,no,m,white,bus,3.8,3.4,8,6.3,6
316,,1,f,36,manufacture,etc,empjs,my head,f,white,foot,4.6,4.1,4.9,5.6,3.7
317,,1,f,36,manufacture,etc,empjs,my head,f,white,foot,6.2,4.8,5.7,4,2.9
318,,0,f,29,PowerGeneration,Commercial,youjs,no,m,grey,car,5.4,6.2,4.1,5.6,8.3
319,,1,f,30,Telecom,HR,youjs,yes,f,white,foot,5.4,4.1,4.9,8.7,7.5
320,,1,f,23,manufacture,Engineer,youjs,yes,m,white,bus,3,6.9,5.7,7.9,5.2
321,,1,f,23,manufacture,Engineer,youjs,yes,m,white,bus,4.6,6.9,7.2,4.8,5.2
322,,1,f,27,Retail,HR,rabrecNErab,yes,f,white,bus,6.2,6.9,3.3,4.8,6.7
323,,1,m,29,Consult,HR,empjs,no,m,white,car,3,4.8,4.9,6.3,7.5
324,,1,f,28,State,manage,rabrecNErab,no,f,white,bus,7,6.9,6.4,2.5,5.2
325,,0,m,46,Consult,HR,advert,no,f,white,bus,3,6.2,8,5.6,3.7
326,,1,m,23,State,Law,referal,my head,m,,car,4.6,6.9,7.2,3.3,2.1
327,,1,m,23,State,Law,referal,my head,m,,car,4.6,6.9,7.2,2.5,2.9
328,,0,f,26,Building,HR,rabrecNErab,no,m,,foot,3.8,1.9,8.7,6.3,4.4
329,,0,f,26,Building,HR,rabrecNErab,no,m,,foot,5.4,2.6,8,7.1,5.2
330,,1,f,38,transport,HR,youjs,no,m,,bus,6.2,6.2,8,2.5,3.7
331,,1,f,38,transport,HR,youjs,no,m,,bus,4.6,6.2,8,4,3.7
332,,1,m,26,Retail,IT,friends,no,m,white,bus,3.8,7.6,7.2,7.9,4.4
333,,0,f,31,Retail,HR,youjs,my head,f,white,bus,4.6,5.5,7.2,3.3,2.9
334,,0,f,31,Retail,HR,youjs,my head,f,white,bus,4.6,5.5,7.2,4.8,3.7
335,,1,f,36,Building,HR,KA,no,f,white,bus,3.8,5.5,6.4,5.6,6
336,,0,f,33,PowerGeneration,HR,empjs,my head,f,white,car,7.8,6.2,6.4,7.9,6
337,45.73305955,0,f,33,PowerGeneration,HR,empjs,my head,f,white,car,3.8,3.4,5.7,8.7,7.5
338,29.01026694,1,f,28,Building,BusinessDevelopment,referal,no,m,white,foot,9.4,3.4,4.9,3.3,6
339,11.99178645,1,f,27,Retail,HR,referal,yes,f,white,bus,6.2,6.9,3.3,4.8,6.7
340,27.36755647,0,f,26,Banks,IT,youjs,my head,m,grey,car,6.2,5.5,4.9,5.6,6.7
341,105.9219713,0,f,28,Retail,HR,youjs,no,m,white,bus,5.4,3.4,7.2,6.3,3.7
342,3.449691992,1,f,40,Retail,HR,youjs,no,m,grey,car,6.2,5.5,4.9,4.8,7.5
343,4.533880903,1,m,23,etc,Marketing,friends,my head,m,white,bus,1.4,9.8,6.4,3.3,6
344,35.77823409,1,f,22,IT,IT,empjs,my head,m,grey,bus,7,4.1,5.7,5.6,8.3
345,40.31211499,0,f,29,manufacture,HR,rabrecNErab,my head,m,white,foot,6.2,3.4,4.1,7.9,7.5
346,40.31211499,0,f,29,manufacture,HR,rabrecNErab,my head,m,white,foot,6.2,3.4,4.1,7.9,7.5
347,2.201232033,1,m,23,State,etc,rabrecNErab,my head,m,white,bus,6.2,2.6,,6.3,7.5
348,40.3449692,0,f,29,manufacture,HR,rabrecNErab,my head,m,white,foot,6.2,3.4,,7.9,7.5
349,40.37782341,0,f,29,manufacture,HR,rabrecNErab,my head,m,white,foot,6.2,3.4,,7.9,7.5
350,11.23613963,1,m,26,IT,IT,empjs,no,m,white,bus,3.8,4.8,,8.7,6
351,85.09240246,0,f,26,transport,HR,youjs,yes,f,white,bus,7.8,4.8,,4.8,6
352,9.823408624,1,m,26,Building,Engineer,empjs,my head,m,white,bus,4.6,5.5,,8.7,6
353,64.19712526,0,m,19,IT,IT,youjs,no,m,white,bus,4.6,6.2,,5.6,6
354,14.45585216,0,f,33,Retail,HR,youjs,no,m,grey,bus,6.2,4.8,,2.5,4.4
355,21.15811088,1,f,24,Consult,Consult,rabrecNErab,my head,f,white,bus,6.2,4.8,,4,2.9
356,28.78028747,0,f,31,Retail,Accounting,youjs,no,f,white,bus,7,2.6,,4.8,4.4
357,155.1704312,1,f,33,Pharma,HR,empjs,no,f,white,car,5.4,3.4,5.7,7.1,5.2
358,13.86447639,1,f,22,IT,HR,rabrecNErab,no,m,white,bus,7,2.6,7.2,6.3,6
359,13.01026694,1,f,25,Banks,HR,empjs,my head,m,white,bus,9.4,6.2,3.3,2.5,6.7
360,2.759753593,0,f,28,Agriculture,HR,friends,no,m,,bus,6.2,5.5,3.3,6.3,8.3
361,2.825462012,0,f,32,Telecom,HR,youjs,no,f,,bus,7,5.5,3.3,7.1,6.7
362,4.008213552,1,f,22,transport,HR,youjs,no,m,,bus,2.2,8.4,4.9,7.1,6.7
363,10.34907598,1,f,37,Consult,Finan?,empjs,no,m,,bus,7,7.6,2.6,5.6,8.3
364,34.03696099,1,f,27,Retail,HR,empjs,no,f,grey,car,7.8,4.8,3.3,5.6,6.7
365,34.03696099,1,f,27,Retail,HR,empjs,no,f,grey,car,10,4.1,1.8,6.3,8.3
366,11.95893224,1,f,35,Telecom,HR,empjs,my head,f,white,foot,6.2,4.1,6.4,5.6,6.7
367,164.5667351,0,f,27,Telecom,Marketing,advert,no,f,white,car,3.8,4.8,4.9,6.3,5.2
368,32.95277207,1,m,24,Consult,HR,empjs,no,f,white,foot,2.2,4.1,6.4,9.4,6
369,5.32238193,1,f,25,Banks,HR,youjs,my head,f,grey,bus,5.4,3.4,8,6.3,2.1
370,40.3449692,1,f,23,Banks,IT,youjs,my head,m,white,bus,5.4,6.2,3.3,4,6
371,34.23408624,0,f,24,IT,HR,empjs,my head,f,white,bus,8.6,6.9,4.9,1.7,4.4
372,96,1,m,31,Retail,IT,youjs,no,m,white,bus,4.6,2.6,6.4,10,4.4
373,7.030800821,1,m,35,Retail,Sales,youjs,no,m,white,foot,5.4,6.2,4.9,4,2.9
374,26.94045175,1,f,21,State,PR,empjs,no,f,white,bus,3,5.5,7.2,5.6,2.1
375,115.5482546,0,f,19,Retail,HR,rabrecNErab,yes,f,white,bus,7,6.2,5.7,2.5,5.2
376,28.58316222,1,f,21,Consult,HR,empjs,yes,f,white,bus,7,9.1,1.8,4.8,6
377,26.31622177,1,f,24,Building,etc,friends,no,m,grey,bus,5.4,4.1,2.6,7.9,6
378,29.27310062,0,f,35,Pharma,HR,KA,my head,f,white,bus,5.4,4.8,5.7,4,3.7
379,57.82340862,1,m,25,Retail,Sales,youjs,my head,m,white,car,7,5.5,4.1,6.3,8.3
380,133.9137577,1,m,19,manufacture,Accounting,friends,no,f,white,car,6.2,3.4,,7.1,6.7
381,133.9137577,1,m,19,manufacture,Accounting,friends,no,f,white,car,4.6,6.9,,7.1,5.2
382,39.72073922,0,f,30.40033257,Banks,HR,friends,my head,f,white,bus,6.2,6.2,,2.5,5.2
383,38.01232033,0,f,35,manufacture,HR,youjs,no,m,white,bus,7.8,1.9,,4,6.7
384,27.40041068,0,f,43,State,Law,rabrecNErab,no,m,white,car,4.6,5.5,,4,5.2
385,25.42915811,1,f,22,Consult,HR,empjs,yes,m,white,bus,6.2,4.8,,7.1,9
386,32.52566735,1,f,48,Building,HR,rabrecNErab,no,m,white,bus,6.2,6.2,,3.3,6.7
387,23.2936345,0,f,29,IT,IT,empjs,yes,m,white,car,9.4,6.2,4.1,4.8,7.5
388,23.2936345,0,f,29,IT,IT,empjs,yes,m,white,car,7,6.2,5.7,4.8,5.2
389,49.28131417,0,f,33,PowerGeneration,HR,empjs,my head,f,white,car,7.8,6.2,6.4,7.9,6
390,49.28131417,0,f,33,PowerGeneration,HR,empjs,my head,f,white,car,3.8,3.4,5.7,8.7,7.5
391,18.1026694,1,f,44,Retail,HR,rabrecNErab,no,m,grey,bus,3,6.9,4.1,7.9,5.2
392,8.180698152,1,f,24,IT,HR,empjs,my head,m,white,foot,7,5.5,4.9,4.8,2.9
393,42.48049281,1,f,42,Consult,HR,friends,no,m,white,bus,3,6.9,6.4,5.6,6
394,42.48049281,1,f,42,Consult,HR,friends,no,m,white,bus,7,6.2,5.7,4.8,4.4
395,129.8069815,1,f,22,State,Teaching,recNErab,my head,f,grey,bus,3,4.8,5.7,4.8,3.7
396,8.016427105,1,m,41,IT,IT,rabrecNErab,no,m,white,bus,3.8,4.1,5.7,5.6,4.4
397,9.100616016,1,f,26,State,HR,referal,no,m,white,car,5.4,6.2,7.2,4.8,6.7
398,26.15195072,1,m,31,Building,Engineer,youjs,no,m,white,bus,5.4,4.1,8.7,6.3,4.4
399,66.49691992,1,f,38,Building,HR,youjs,no,m,white,bus,7,4.1,4.9,5.6,6.7
400,10.02053388,0,m,38,Agriculture,HR,youjs,no,f,white,car,7.8,2.6,4.1,7.9,6.7
401,6.53798768,1,f,26,Consult,HR,youjs,no,f,grey,bus,7,6.2,4.1,4.8,8.3
402,0.492813142,0,f,29,Retail,HR,empjs,my head,f,grey,bus,4.6,5.5,1.8,7.1,6.7
403,0.492813142,0,f,29,Retail,HR,empjs,my head,f,grey,bus,4.6,1,5.7,8.7,2.9
404,0.492813142,0,f,29,Retail,HR,empjs,my head,f,grey,bus,5.4,4.8,8,9.4,2.9
405,2.858316222,1,f,38,Building,HR,KA,no,m,white,car,5.4,5.5,4.9,4.8,4.4
406,2.858316222,1,f,38,Building,HR,KA,no,m,white,car,6.2,6.2,4.9,3.3,2.9
407,48.45995893,0,m,35,IT,IT,friends,no,m,white,bus,7,5.5,2.6,5.6,9
408,15.14579055,0,f,39,etc,manage,KA,no,f,white,bus,3.8,7.6,4.9,7.1,9
409,133.8809035,1,m,19,manufacture,Accounting,rabrecNErab,no,f,white,car,6.2,3.4,5.7,7.1,6.7
410,133.8809035,1,m,19,manufacture,Accounting,rabrecNErab,no,f,white,car,4.6,6.9,5.7,7.1,5.2
411,32.88706366,0,f,26,IT,HR,empjs,my head,f,white,bus,9.4,6.2,2.6,4,6
412,32.88706366,0,f,26,IT,HR,empjs,my head,f,white,bus,6.2,7.6,4.1,3.3,6.7
413,63.14579055,1,m,32,Mining,Law,friends,no,f,white,bus,3,4.8,4.1,7.1,7.5
414,8.969199179,1,f,26,State,HR,empjs,yes,m,white,car,5.4,6.2,7.2,4.8,6.7
415,36.59958932,0,m,33,Retail,HR,empjs,no,f,white,car,4.6,6.2,8,7.1,5.2
416,36.59958932,0,m,33,Retail,HR,empjs,no,f,white,car,5.4,7.6,5.7,7.1,6
417,11.76180698,0,f,39,transport,HR,empjs,no,f,white,bus,4.6,4.1,4.9,5.6,3.7
418,11.76180698,0,f,39,transport,HR,empjs,no,f,white,bus,6.2,4.8,5.7,4,2.9
419,28.81314168,0,f,23,Retail,HR,empjs,no,m,white,bus,7,4.1,8,4.8,4.4
420,18.56262834,0,f,24,manufacture,HR,youjs,no,f,white,bus,3.8,7.6,8,4.8,2.9
421,1.80698152,0,f,26,Banks,Sales,advert,no,f,white,foot,5.4,7.6,4.1,4.8,7.5
422,1.80698152,0,f,26,Banks,Sales,advert,no,f,white,foot,5.4,7.6,4.1,5.6,9
423,17.08418891,0,f,34,Banks,HR,youjs,no,f,white,bus,1.4,6.9,8,4,5.2
424,1.938398357,0,f,26,Banks,Sales,advert,no,f,white,foot,5.4,7.6,4.1,4.8,7.5
425,1.938398357,0,f,26,Banks,Sales,advert,no,f,white,foot,5.4,7.6,4.1,5.6,9
426,50.69404517,0,m,32,State,etc,youjs,no,f,white,car,3.8,3.4,7.2,10,5.2
427,41.65913758,0,f,29,Retail,HR,empjs,my head,f,white,bus,6.2,6.9,8.7,3.3,2.9
428,103.5893224,0,f,21,Retail,HR,empjs,no,f,grey,bus,2.2,4.8,8.7,7.9,5.2
429,103.5893224,0,f,21,Retail,HR,empjs,no,f,grey,bus,3.8,3.4,8.7,7.1,3.7
430,2.135523614,0,f,26,Banks,Sales,advert,no,f,white,foot,5.4,7.6,4.1,4.8,7.5
431,2.135523614,0,f,26,Banks,Sales,advert,no,f,white,foot,5.4,7.6,4.1,5.6,9
432,2.168377823,0,f,26,Banks,Sales,advert,no,f,white,foot,5.4,7.6,4.1,4.8,7.5
433,2.168377823,0,f,26,Banks,Sales,advert,no,f,white,foot,5.4,7.6,4.1,5.6,9
434,13.14168378,1,m,42,etc,Marketing,empjs,no,f,grey,bus,2.2,6.9,3.3,6.3,3.7
435,2.431211499,0,f,35,Telecom,HR,empjs,no,f,grey,bus,7,3.4,3.3,6.3,7.5
436,49.34702259,1,m,42,Consult,Consult,youjs,my head,m,white,bus,5.4,8.4,6.4,5.6,5.2
437,79.11293634,0,m,28,IT,HR,youjs,no,m,white,bus,2.2,5.5,7.2,4.8,3.7
438,35.84394251,0,f,27,PowerGeneration,HR,youjs,no,m,white,foot,3,2.6,6.4,7.1,7.5
439,35.84394251,0,f,27,PowerGeneration,HR,youjs,no,m,white,foot,3,5.5,4.1,7.1,8.3
440,12.81314168,1,m,33,Building,Sales,KA,no,m,grey,car,7.8,3.4,7.2,4,5.2
441,2.234086242,0,f,26,Banks,Sales,advert,no,f,white,foot,5.4,7.6,4.1,4.8,7.5
442,2.234086242,0,f,26,Banks,Sales,advert,no,f,white,foot,5.4,7.6,4.1,5.6,9
443,17.11704312,0,f,31,transport,manage,friends,my head,m,white,bus,5.4,6.2,6.4,4,3.7
444,17.11704312,0,f,31,transport,manage,friends,my head,m,white,bus,3.8,3.4,8,6.3,6
445,23.95071869,1,f,32,manufacture,HR,recNErab,my head,f,white,car,4.6,6.9,4.9,5.6,6
446,11.86036961,0,f,25,Retail,HR,youjs,no,m,white,car,7.8,4.8,5.7,4.8,5.2
447,5.848049281,0,f,33,manufacture,HR,KA,no,m,white,bus,5.4,9.1,4.1,2.5,6
448,24.0164271,1,f,28,transport,HR,empjs,no,m,white,bus,3.8,4.8,9.5,4.8,2.1
449,43.99178645,1,m,26,etc,Engineer,friends,no,m,white,bus,7.8,6.9,4.1,6.3,7.5
450,20.69815195,1,f,40,Building,HR,rabrecNErab,my head,m,white,car,2.2,8.4,6.4,4.8,6.7
451,29.8973306,0,f,26,IT,HR,friends,my head,m,white,bus,4.6,6.9,8,4,4.4
452,31.14579055,0,m,21,Retail,Sales,rabrecNErab,yes,m,white,bus,7.8,4.1,2.6,5.6,8.3
453,1.347022587,0,f,27,Retail,HR,youjs,my head,m,white,bus,7,4.8,6.4,4.8,7.5
454,23.9835729,1,f,29,Mining,HR,rabrecNErab,no,m,white,bus,4.6,5.5,5.7,4.8,7.5
455,32.45995893,0,f,25,Retail,Marketing,youjs,yes,f,white,bus,8.6,5.5,3.3,5.6,9.8
456,64.29568789,1,m,44,Retail,Commercial,youjs,no,m,white,bus,3,2.6,10,9.4,4.4
457,21.35523614,1,m,31,RealEstate,Marketing,youjs,my head,f,grey,car,7.8,4.1,4.1,7.9,7.5
458,11.69609856,1,f,36,Telecom,HR,youjs,no,f,white,car,7,4.1,6.4,5.6,8.3
459,54.07802875,1,f,30,State,HR,friends,yes,f,white,foot,5.4,4.1,4.9,8.7,7.5
460,42.0862423,0,f,31,State,HR,rabrecNErab,no,f,white,bus,1.4,7.6,7.2,4,2.9
461,27.40041068,0,f,22,Consult,HR,youjs,my head,f,white,bus,6.2,5.5,2.6,5.6,8.3
462,1.117043121,1,f,54,Pharma,HR,rabrecNErab,no,m,white,car,4.6,8.4,5.7,4,4.4
463,1.117043121,1,f,54,Pharma,HR,rabrecNErab,no,m,white,car,4.6,8.4,5.7,4,4.4
464,42.38193018,1,f,36,manufacture,HR,youjs,my head,f,white,bus,6.2,4.8,5.7,8.7,7.5
465,5.782340862,1,f,32,Retail,HR,friends,no,f,grey,car,6.2,6.2,1.8,5.6,9
466,43.30184805,0,f,33,Banks,HR,empjs,no,f,white,bus,7,6.2,1,9.4,7.5
467,53.09240246,0,f,23,Retail,etc,recNErab,my head,m,white,bus,6.2,6.9,4.9,2.5,2.9
468,17.60985626,1,f,41,Banks,HR,empjs,no,m,white,bus,7.8,5.5,2.6,6.3,8.3
469,17.60985626,1,f,41,Banks,HR,empjs,no,m,white,bus,8.6,5.5,3.3,6.3,7.5
470,17.60985626,1,f,41,Banks,HR,empjs,no,m,white,bus,7,6.9,4.1,5.6,7.5
471,26.0862423,1,f,30,Banks,HR,youjs,no,f,white,bus,8.6,6.9,2.6,4,7.5
472,16.65708419,0,f,26,manufacture,HR,empjs,no,m,white,bus,8.6,5.5,4.1,4,3.7
473,70.83367556,1,f,23,Banks,HR,rabrecNErab,yes,f,white,car,6.2,9.1,4.1,3.3,6.7
474,70.83367556,1,f,23,Banks,HR,rabrecNErab,yes,f,white,car,7,7.6,3.3,3.3,6.7
475,99.77823409,0,f,42,etc,HR,youjs,no,f,white,foot,5.4,4.8,6.4,6.3,4.4
476,42.94045175,1,f,25,State,manage,friends,no,m,white,bus,4.6,6.2,6.4,4,4.4
477,19.58110883,1,f,23,Telecom,HR,empjs,no,f,white,bus,3.8,4.8,7.2,5.6,4.4
478,96,1,f,22,etc,Sales,recNErab,my head,m,white,foot,7,1.9,6.4,6.3,4.4
479,44.22176591,0,f,29,Retail,HR,empjs,my head,f,white,bus,6.2,6.9,8.7,3.3,2.9
480,104.0164271,0,f,37,Retail,HR,friends,no,m,white,bus,5.4,4.8,6.4,7.1,4.4
481,67.84394251,1,m,24,Building,HR,friends,yes,m,white,car,5.4,5.5,5.7,8.7,5.2
482,0.919917864,1,m,26,etc,HR,youjs,yes,f,white,bus,6.2,5.5,6.4,4,3.7
483,48.45995893,1,f,34,manufacture,manage,KA,no,f,white,car,7,2.6,7.2,4.8,5.2
484,15.73716632,1,f,27,Agriculture,Marketing,empjs,yes,m,white,bus,7,6.9,2.6,4,5.2
485,16.06570842,0,f,28,Retail,HR,youjs,my head,f,grey,bus,4.6,5.5,1.8,7.1,6.7
486,16.06570842,0,f,28,Retail,HR,youjs,my head,f,grey,bus,4.6,1,5.7,8.7,2.9
487,16.06570842,0,f,28,Retail,HR,youjs,my head,f,grey,bus,5.4,4.8,8,9.4,2.9
488,37.38809035,0,f,20,etc,HR,KA,no,f,white,bus,7.8,7.6,4.1,4,5.2
489,44.02464066,1,m,26,State,IT,empjs,my head,m,white,bus,4.6,3.4,6.4,7.1,6
490,12.78028747,1,f,27,IT,HR,youjs,my head,m,white,bus,6.2,6.2,4.9,5.6,6
491,106.8418891,1,f,22,Telecom,HR,referal,no,f,white,car,7,3.4,4.1,6.3,8.3
492,50.20123203,0,f,31,manufacture,HR,KA,my head,m,white,car,8.6,4.8,4.1,2.5,4.4
493,6.143737166,1,f,31,manufacture,HR,youjs,my head,m,grey,car,5.4,5.5,6.4,6.3,6.7
494,45.8973306,1,f,31,etc,HR,empjs,no,m,white,car,5.4,8.4,2.6,5.6,7.5
495,80.65708419,1,f,37,Building,HR,friends,no,m,white,car,2.2,7.6,8,4,2.1
496,49.31416838,1,m,42,IT,Consult,youjs,my head,m,white,bus,5.4,8.4,6.4,5.6,5.2
497,20.04106776,1,f,22,Retail,HR,empjs,no,f,white,bus,5.4,4.8,4.9,7.1,6.7
498,20.04106776,1,f,22,Retail,HR,empjs,no,f,white,bus,4.6,1.9,8,6.3,6
499,4.435318275,1,m,40,Agriculture,Sales,empjs,no,m,white,bus,4.6,4.1,7.2,10,5.2
500,24.21355236,0,f,23,transport,HR,empjs,yes,m,white,bus,5.4,5.5,8,2.5,4.4
501,3.58110883,1,f,34,Retail,BusinessDevelopment,rabrecNErab,no,f,white,bus,3,7.6,4.9,5.6,5.2
502,83.58110883,0,m,33,State,Sales,rabrecNErab,no,m,white,car,7,6.2,4.1,6.3,9
503,18.49691992,1,f,46,Building,HR,friends,no,m,white,car,3.8,5.5,4.9,5.6,5.2
504,73.13347023,0,f,22,Retail,HR,empjs,yes,f,white,bus,3.8,6.2,5.7,7.9,9
505,76.68172485,0,f,25,Mining,Finan?,rabrecNErab,no,f,white,car,6.2,6.2,6.4,5.6,3.7
506,82.82546201,1,f,23,Banks,HR,rabrecNErab,yes,f,white,car,6.2,9.1,4.1,3.3,6.7
507,82.82546201,1,f,23,Banks,HR,rabrecNErab,yes,f,white,car,7,7.6,3.3,3.3,6.7
508,28.84599589,1,m,31,Retail,Sales,empjs,my head,m,grey,bus,6.2,6.9,6.4,3.3,6.7
509,5.289527721,0,f,25,State,HR,youjs,no,f,white,bus,9.4,4.8,3.3,7.1,9
510,149.6180698,0,f,30,RealEstate,BusinessDevelopment,referal,my head,m,white,car,5.4,6.9,2.6,5.6,8.3
511,109.2402464,0,f,22,State,HR,advert,my head,f,white,foot,5.4,5.5,7.2,4,2.9
512,35.74537988,1,f,35,Retail,HR,empjs,no,m,white,bus,5.4,7.6,4.9,4,6
513,50.98973306,1,f,24,Consult,HR,empjs,my head,f,white,bus,7.8,5.5,3.3,7.9,8.3
514,109.1088296,0,f,29,Retail,HR,advert,no,m,white,car,4.6,3.4,9.5,4.8,2.1
515,10.51334702,0,m,36,manufacture,Engineer,friends,my head,m,white,bus,7.8,2.6,4.1,8.7,6.7
516,129.2813142,0,m,33,manufacture,Engineer,recNErab,my head,m,white,bus,5.4,8.4,4.1,4.8,6.7
517,34.59548255,0,f,34,Retail,HR,empjs,no,f,white,car,8.6,5.5,4.1,5.6,6.7
518,34.59548255,0,f,34,Retail,HR,empjs,no,f,white,car,8.6,3.4,4.1,7.1,6
519,34.59548255,0,f,34,Retail,HR,empjs,no,f,white,car,7.8,4.1,4.1,7.1,6.7
520,51.1211499,0,f,28,Retail,HR,youjs,no,f,white,car,5.4,5.5,6.4,2.5,4.4
521,15.11293634,0,f,45,State,HR,rabrecNErab,no,f,white,bus,6.2,6.2,3.3,6.3,8.3
522,15.11293634,0,f,45,State,HR,rabrecNErab,no,f,white,bus,4.6,4.8,4.1,7.9,9
523,9.790554415,1,f,41,Retail,HR,empjs,no,m,white,bus,3,6.9,6.4,4.8,6
524,9.790554415,1,f,41,Retail,HR,empjs,no,m,white,bus,2.2,6.9,8,6.3,3.7
525,9.790554415,1,f,41,Retail,HR,empjs,no,m,white,bus,3,6.9,7.2,4.8,5.2
526,3.121149897,1,f,41,Consult,HR,youjs,no,f,white,bus,1.4,4.8,8.7,5.6,2.1
527,3.121149897,1,f,41,Consult,HR,youjs,no,f,white,bus,3,8.4,8,3.3,2.1
528,38.17659138,0,m,33,Retail,HR,empjs,my head,f,white,bus,2.2,7.6,6.4,4.8,7.5
529,30.02874743,1,f,22,Banks,HR,youjs,yes,f,white,bus,6.2,4.8,4.9,4.8,6.7
530,5.092402464,0,f,29,Retail,HR,empjs,my head,f,grey,bus,4.6,5.5,1.8,7.1,6.7
531,5.092402464,0,f,29,Retail,HR,empjs,my head,f,grey,bus,4.6,1,5.7,8.7,2.9
532,5.092402464,0,f,29,Retail,HR,empjs,my head,f,grey,bus,5.4,4.8,8,9.4,2.9
533,34.0698152,1,f,34,manufacture,Marketing,referal,no,m,grey,car,9.4,3.4,4.9,3.3,6
534,40.60780287,0,m,33,Retail,HR,empjs,no,f,white,car,4.6,6.2,8,7.1,5.2
535,40.60780287,0,m,33,Retail,HR,empjs,no,f,white,car,5.4,7.6,5.7,7.1,6
536,10.51334702,0,f,28,Agriculture,HR,friends,no,f,white,bus,6.2,5.5,3.3,6.3,8.3
537,33.93839836,1,f,27,Retail,HR,friends,my head,f,white,bus,5.4,3.4,3.3,8.7,8.3
538,33.93839836,1,f,27,Retail,HR,friends,my head,f,white,bus,6.2,6.2,7.2,3.3,3.7
539,10.7761807,1,f,35,transport,Commercial,empjs,no,f,white,car,7.8,5.5,1.8,5.6,8.3
540,59.86036961,1,f,27,Retail,HR,youjs,my head,m,white,bus,6.2,6.9,4.1,5.6,6
541,24.83778234,1,f,42,transport,HR,youjs,no,m,white,bus,5.4,4.8,4.1,4.8,6
542,33.87268994,0,f,22,Retail,manage,youjs,no,f,white,bus,6.2,9.1,4.9,3.3,2.9
543,53.58521561,0,f,40,RealEstate,HR,youjs,no,f,white,foot,3.8,8.4,8,4,4.4
544,53.58521561,0,f,40,RealEstate,HR,youjs,no,f,white,foot,4.6,9.1,4.9,3.3,2.9
545,1.971252567,0,m,31,Banks,IT,recNErab,no,m,grey,car,6.2,4.1,2.6,8.7,8.3
546,0.788501027,0,f,43,etc,HR,youjs,no,m,white,bus,3,6.2,8,7.1,4.4
547,57.62628337,0,f,23,etc,Sales,empjs,my head,f,white,bus,5.4,6.2,9.5,5.6,5.2
548,23.45790554,0,f,29,Retail,HR,youjs,my head,m,white,bus,7.8,5.5,5.7,4,5.2
549,23.45790554,0,f,29,Retail,HR,youjs,my head,m,white,bus,6.2,6.2,5.7,6.3,2.9
550,23.45790554,0,f,29,Retail,HR,youjs,my head,m,white,bus,7,6.2,5.7,4,3.7
551,46.9486653,0,f,22,State,HR,rabrecNErab,my head,f,white,car,4.6,9.1,6.4,5.6,6
552,15.40862423,1,f,44,State,HR,rabrecNErab,my head,f,grey,car,3.8,6.2,5.7,5.6,6.7
553,39.2936345,0,m,21,IT,IT,friends,my head,m,white,foot,3.8,5.5,5.7,7.9,3.7
554,47.6386037,0,m,40,IT,Sales,rabrecNErab,no,m,white,car,1.4,6.9,9.5,6.3,1.3
555,3.811088296,1,f,32,etc,Marketing,youjs,no,m,white,bus,3.8,6.2,6.4,4,6
556,66.7926078,0,m,31,Banks,etc,friends,no,m,white,bus,4.6,7.6,4.1,4,6
557,13.8973306,1,f,23,etc,HR,friends,my head,f,white,bus,4.6,8.4,6.4,2.5,2.1
558,108.550308,1,m,27,Building,HR,referal,no,m,white,car,3.8,6.2,8,5.6,6
559,86.66940452,0,f,25,manufacture,HR,youjs,my head,f,white,bus,4.6,7.6,9.5,2.5,1.3
560,86.66940452,0,f,25,manufacture,HR,youjs,my head,f,white,bus,5.4,5.5,7.2,5.6,2.9
561,18.33264887,1,m,39,Banks,Finan?,rabrecNErab,my head,m,white,bus,3.8,7.6,6.4,4.8,5.2
562,133.4209446,1,f,29,Retail,Sales,rabrecNErab,no,m,white,car,5.4,6.9,2.6,7.9,6.7
563,8.180698152,1,f,24,Consult,HR,youjs,no,f,white,bus,6.2,3.4,7.2,2.5,3.7
564,8.180698152,1,f,24,Consult,HR,youjs,no,f,white,bus,6.2,5.5,7.2,7.1,4.4
565,13.33880903,1,f,33,manufacture,HR,youjs,yes,m,white,car,9.4,5.5,1.8,4.8,6.7
566,55.78644764,1,f,27,Retail,Sales,friends,yes,m,white,bus,4.6,6.9,7.2,2.5,6.7
567,12.97741273,1,f,29,Consult,HR,advert,my head,f,white,foot,3.8,4.8,6.4,7.9,6.7
568,32.32854209,0,f,29,manufacture,HR,friends,no,f,white,bus,3.8,4.8,6.4,7.9,6.7
569,163.8110883,1,m,19,manufacture,HR,referal,no,m,white,car,4.6,5.5,6.4,7.9,6
570,31.96714579,1,m,29,Consult,HR,empjs,my head,m,white,bus,4.6,3.4,10,6.3,1
571,4.862422998,0,f,27,manufacture,HR,youjs,no,m,white,car,5.4,4.1,5.7,7.1,3.7
572,13.73305955,0,f,29,manufacture,HR,rabrecNErab,no,f,white,bus,6.2,3.4,4.9,7.9,7.5
573,51.94250513,0,m,33,PowerGeneration,etc,rabrecNErab,no,f,white,car,6.2,4.8,4.9,5.6,5.2
574,22.57084189,1,f,30,RealEstate,HR,rabrecNErab,no,m,grey,bus,7.8,3.4,4.9,5.6,5.2
575,19.44969199,0,f,31,etc,HR,empjs,my head,f,white,bus,7,2.6,4.1,8.7,5.2
576,73.98767967,0,m,33,Telecom,IT,friends,yes,m,white,car,7,6.2,3.3,6.3,7.5
577,8.739219713,0,m,34,manufacture,HR,youjs,my head,f,white,bus,9.4,7.6,1,4,5.2
578,48.45995893,1,f,34,Mining,manage,KA,no,f,white,bus,7,2.6,7.2,4.8,5.2
579,14.85010267,1,m,29,PowerGeneration,HR,rabrecNErab,no,f,white,bus,3.8,3.4,8,6.3,6
580,63.54004107,1,f,31,Building,Marketing,rabrecNErab,no,m,white,car,3.8,5.5,3.3,9.4,9
581,49.31416838,1,m,42,Consult,Consult,youjs,my head,m,white,bus,5.4,8.4,6.4,5.6,5.2
582,13.27310062,1,f,34,Mining,HR,empjs,no,m,white,car,6.2,4.8,4.1,5.6,6.7
583,17.83983573,1,f,39,Retail,HR,rabrecNErab,yes,m,white,car,6.2,7.6,4.1,2.5,4.4
584,114.1355236,1,f,38,Mining,Finan?,referal,no,m,white,bus,3.8,3.4,9.5,7.1,2.9
585,8.147843943,0,f,42,Banks,HR,rabrecNErab,no,f,white,bus,3.8,8.4,2.6,4.8,7.5
586,8.082135524,1,f,33,manufacture,HR,referal,my head,m,grey,car,7.8,6.9,2.6,4.8,8.3
587,26.94045175,1,f,44,transport,HR,referal,no,m,white,car,3.8,6.2,4.9,6.3,10
588,1.478439425,1,m,28,transport,Commercial,referal,no,m,white,bus,6.2,3.4,6.4,8.7,6
589,94.81724846,0,f,30.40033257,Retail,HR,advert,no,f,grey,bus,6.2,4.1,4.1,6.3,7.5
590,12.78028747,1,f,24,etc,HR,empjs,my head,f,white,bus,8.6,4.8,4.1,6.3,5.2
591,19.87679671,1,f,29,manufacture,HR,empjs,no,m,white,car,6.2,6.2,4.9,4.8,7.5
592,34.82546201,0,m,27,etc,Sales,youjs,yes,m,grey,bus,10,2.6,4.1,5.6,9
593,96.72279261,1,m,30,Retail,Sales,KA,no,m,white,car,6.2,7.6,4.9,4.8,8.3
594,12.12320329,1,f,39, HoReCa,HR,youjs,no,m,white,foot,3.8,6.9,5.7,5.6,3.7
595,10.64476386,1,f,26,Telecom,IT,youjs,my head,m,grey,bus,7,4.1,2.6,8.7,9
596,4.402464066,0,m,40,State,Consult,KA,no,m,grey,foot,7,6.2,4.1,6.3,9
597,2.36550308,0,f,28,Building,HR,empjs,my head,m,white,bus,7,6.9,2.6,4,5.2
598,17.51129363,0,f,39,transport,HR,youjs,no,f,white,bus,4.6,4.1,4.9,5.6,3.7
599,17.51129363,0,f,39,transport,HR,youjs,no,f,white,bus,6.2,4.8,5.7,4,2.9
600,18.16837782,0,f,24,Retail,HR,friends,my head,f,white,bus,5.4,4.8,4.9,7.1,6.7
601,18.16837782,0,f,24,Retail,HR,friends,my head,f,white,bus,4.6,1.9,8,6.3,6
602,10.38193018,0,f,34,etc,etc,empjs,my head,f,white,car,6.2,1,7.2,4.8,6
603,7.852156057,0,f,23,transport,HR,youjs,my head,f,white,bus,4.6,7.6,8,5.6,2.1
604,84.04106776,0,m,28,IT,HR,youjs,no,m,white,bus,2.2,5.5,7.2,4.8,3.7
605,8.213552361,0,f,30,transport,HR,youjs,no,m,white,bus,6.2,6.2,6.4,3.3,4.4
606,9.593429158,1,f,34,State,Teaching,referal,no,f,white,bus,7.8,7.6,3.3,2.5,7.5
607,43.92607803,1,f,32,transport,HR,rabrecNErab,my head,m,white,bus,6.2,4.8,2.6,5.6,9.8
608,82.75975359,0,f,20,Telecom,HR,recNErab,yes,f,white,foot,3.8,6.9,5.7,6.3,6.7
609,27.92607803,0,f,25,Consult,HR,empjs,no,f,white,bus,7,4.1,5.7,5.6,8.3
610,3.811088296,1,f,23,etc,HR,rabrecNErab,yes,m,white,bus,7,4.8,7.2,4.8,4.4
611,48.09856263,1,f,25,State,Consult,rabrecNErab,yes,f,white,bus,7,4.1,5.7,6.3,7.5
612,8.640657084,1,f,25,Retail,IT,empjs,no,f,grey,bus,7,2.6,6.4,7.9,5.2
613,30.68583162,0,f,37,IT,HR,empjs,my head,f,white,bus,5.4,6.9,5.7,5.6,6.7
614,26.34907598,0,m,36,transport,etc,empjs,no,m,grey,bus,3.8,8.4,5.7,6.3,6
615,18.13552361,0,f,23,PowerGeneration,HR,rabrecNErab,no,m,white,bus,7,5.5,4.1,4.8,6
616,7.227926078,0,f,26,State,HR,youjs,no,m,white,bus,7.8,6.2,3.3,7.1,6.7
617,23.2936345,1,f,32,Consult,HR,friends,no,f,white,car,6.2,6.2,7.2,3.3,2.9
618,100.238193,0,f,23,Retail,HR,rabrecNErab,no,m,white,car,5.4,5.5,5.7,4.8,9.8
619,36.00821355,0,f,45,transport,HR,recNErab,no,f,white,car,4.6,4.8,4.9,8.7,5.2
620,19.18685832,1,f,25,Consult,HR,empjs,my head,f,grey,bus,7,4.8,5.7,4.8,5.2
621,43.95893224,0,f,38,Retail,HR,friends,no,m,white,bus,7.8,7.6,2.6,5.6,7.5
622,90.15195072,0,f,20,Telecom,HR,referal,my head,f,white,bus,9.4,6.9,2.6,3.3,7.5
623,22.24229979,1,f,34,Retail,HR,empjs,no,m,white,car,7.8,4.1,2.6,4.8,4.4
624,33.57700205,0,f,24,IT,HR,empjs,no,m,white,bus,6.2,6.2,4.9,3.3,4.4
625,5.94661191,0,f,38,Retail,BusinessDevelopment,youjs,no,m,white,car,7,4.8,4.1,7.1,9
626,19.74537988,0,f,33,Pharma,HR,rabrecNErab,no,m,white,bus,5.4,6.9,4.1,4.8,6
627,26.02053388,1,m,25,Retail,IT,referal,no,m,white,car,2.2,7.6,5.7,7.9,6
628,25.36344969,0,f,32,manufacture,HR,KA,no,m,white,car,6.2,6.9,5.7,4.8,8.3
629,41.69199179,1,f,36,manufacture,Sales,KA,no,m,grey,car,8.6,4.8,1.8,7.1,8.3
630,23.55646817,1,f,32,etc,HR,youjs,my head,f,white,bus,5.4,6.9,7.2,7.9,6.7
631,80.49281314,1,f,25,Consult,HR,youjs,my head,f,white,bus,6.2,6.2,5.7,3.3,6.7
632,22.01232033,0,m,37,manufacture,etc,youjs,no,m,white,bus,3,8.4,5.7,5.6,6.7
633,42.38193018,1,f,26,Consult,BusinessDevelopment,empjs,my head,m,white,bus,9.4,6.9,3.3,3.3,6
634,33.41273101,0,m,32,Retail,HR,youjs,no,m,white,bus,4.6,2.6,6.4,8.7,6
635,64.52566735,0,f,25,etc,HR,KA,my head,m,white,foot,7.8,4.1,6.4,4,3.7
636,3.482546201,1,f,37,IT,HR,empjs,yes,f,white,bus,6.2,6.9,5.7,6.3,5.2
637,88.83778234,1,f,25,transport,HR,referal,my head,f,white,car,4.6,6.9,4.9,4,6
638,110.4887064,0,f,25,Pharma,HR,friends,my head,f,white,bus,10,1.9,2.6,7.1,9.8
639,14.06160164,0,f,56,Retail,HR,empjs,no,m,white,bus,4.6,6.2,4.9,5.6,6.7
640,11.99178645,1,m,24,State,Teaching,rabrecNErab,no,f,white,bus,6.2,4.1,5.7,5.6,3.7
641,101.5195072,0,f,32,IT,HR,rabrecNErab,no,f,white,bus,4.6,7.6,4.1,4.8,6
642,179.449692,0,f,24,Retail,HR,KA,no,f,white,bus,7,4.8,2.6,5.6,8.3
643,12.38603696,0,f,24,Pharma,HR,youjs,yes,f,white,bus,5.4,6.9,5.7,5.6,4.4
644,24.90349076,0,f,24,manufacture,HR,youjs,no,m,white,bus,3.8,7.6,8,4.8,2.9
645,61.99589322,0,m,31,Banks,HR,youjs,no,f,white,car,5.4,4.8,8.7,5.6,4.4
646,24.47638604,0,f,27,Building,HR,empjs,no,m,white,bus,8.6,5.5,4.9,3.3,3.7
647,63.70431211,0,f,37,manufacture,HR,KA,no,m,white,foot,6.2,6.9,3.3,7.1,6.7
648,5.388090349,1,f,38,Retail,HR,rabrecNErab,no,m,white,car,1.4,4.1,7.2,6.3,7.5
649,64.75564682,0,f,35,Consult,HR,friends,my head,f,white,foot,7,6.2,7.2,2.5,5.2
650,64.75564682,0,f,35,Consult,HR,friends,my head,f,white,foot,8.6,6.9,5.7,3.3,4.4
651,2.694045175,0,m,29,PowerGeneration,HR,friends,no,f,white,bus,7,5.5,8,5.6,8.3
652,2.39835729,0,m,25,Retail,Marketing,youjs,no,f,white,car,6.2,2.6,5.7,5.6,6.7
653,26.87474333,1,f,26,Consult,HR,youjs,my head,f,white,bus,8.6,4.1,4.9,5.6,5.2
654,144.7556468,0,f,27,manufacture,HR,referal,no,f,white,car,5.4,9.1,3.3,4.8,6
655,45.30595483,1,f,34,Retail,HR,youjs,no,f,white,bus,7,1.9,9.5,5.6,6
656,45.30595483,1,f,34,Retail,HR,youjs,no,f,white,bus,6.2,2.6,8.7,6.3,6
657,45.30595483,1,f,34,Retail,HR,youjs,no,f,white,bus,5.4,2.6,10,3.3,3.7
658,45.30595483,1,f,34,Retail,HR,youjs,no,f,white,bus,4.6,5.5,10,2.5,5.2
659,6.078028747,0,f,35, HoReCa,HR,youjs,no,f,white,bus,5.4,5.5,7.2,5.6,2.9
660,22.63655031,1,f,36,PowerGeneration,Accounting,empjs,no,f,white,bus,7.8,1.9,4.1,7.1,9
661,96.59137577,0,f,46,etc,Marketing,friends,no,m,white,bus,4.6,8.4,4.9,7.9,6
662,10.90759754,1,f,32,Building,HR,rabrecNErab,my head,m,white,car,7.8,5.5,4.9,6.3,9
663,16.95277207,0,f,38,Retail,HR,youjs,no,f,white,foot,7,1.9,9.5,5.6,6
664,16.95277207,0,f,38,Retail,HR,youjs,no,f,white,foot,6.2,2.6,8.7,6.3,6
665,16.95277207,0,f,38,Retail,HR,youjs,no,f,white,foot,5.4,2.6,10,3.3,3.7
666,16.95277207,0,f,38,Retail,HR,youjs,no,f,white,foot,4.6,5.5,10,2.5,5.2
667,61.2073922,0,f,25,etc,HR,youjs,no,f,white,bus,6.2,6.2,3.3,6.3,6.7
668,9.264887064,1,f,23,Retail,HR,youjs,no,f,white,bus,7,5.5,3.3,4.8,6.7
669,81.64271047,0,f,31,Retail,HR,youjs,yes,f,white,bus,4.6,5.5,7.2,3.3,2.9
670,81.64271047,0,f,31,Retail,HR,youjs,yes,f,white,bus,4.6,5.5,7.2,4.8,3.7
671,55.95071869,0,f,40,etc,HR,youjs,no,f,white,foot,3.8,8.4,8,4,4.4
672,55.95071869,0,f,40,etc,HR,youjs,no,f,white,foot,4.6,9.1,4.9,3.3,2.9
673,49.7412731,0,m,40,IT,Sales,friends,no,m,white,car,1.4,6.9,9.5,6.3,1.3
674,57.10061602,0,m,26,Building,HR,friends,my head,m,white,car,4.6,6.9,4.9,5.6,6.7
675,163.7782341,0,m,23,Retail,HR,empjs,no,f,white,car,4.6,6.2,8,7.1,5.2
676,163.7782341,0,m,23,Retail,HR,empjs,no,f,white,car,5.4,7.6,5.7,7.1,6
677,54.01232033,1,m,37,IT,IT,rabrecNErab,no,m,white,bus,7.8,4.8,2.6,5.6,9.8
678,23.75359343,0,f,34,Banks,HR,youjs,no,f,white,bus,3.8,6.9,7.2,5.6,5.2
679,1.412731006,1,f,29,Banks,HR,youjs,my head,f,white,bus,4.6,4.1,6.4,4.8,4.4
680,59.89322382,1,f,27,Retail,HR,youjs,my head,m,white,car,6.2,6.9,4.1,5.6,6
681,27.4661191,0,f,31,Consult,Marketing,rabrecNErab,no,m,white,foot,5.4,5.5,3.3,7.9,8.3
682,89.19917864,1,m,18,Retail,Sales,referal,my head,m,white,bus,7.8,5.5,2.6,7.1,7.5
683,47.21149897,0,f,31, HoReCa,HR,rabrecNErab,no,f,white,car,7,4.8,6.4,4,6.7
684,21.48665298,0,f,27,Retail,HR,empjs,my head,m,white,bus,5.4,7.6,6.4,4,4.4
685,8.344969199,0,f,35,etc,HR,rabrecNErab,no,f,white,bus,5.4,6.9,7.2,7.9,6.7
686,48.19712526,0,f,39,manufacture,HR,rabrecNErab,my head,f,white,bus,3,7.6,9.5,3.3,4.4
687,48.19712526,0,f,39,manufacture,HR,rabrecNErab,my head,f,white,bus,3,7.6,8,4,1.3
688,42.18480493,0,f,27,PowerGeneration,HR,youjs,no,m,white,bus,3,2.6,6.4,7.1,7.5
689,42.18480493,0,f,27,PowerGeneration,HR,youjs,no,m,white,bus,3,5.5,4.1,7.1,8.3
690,39.22792608,1,f,37,Retail,HR,friends,no,f,white,car,6.2,6.9,4.1,6.3,8.3
691,39.22792608,1,f,37,Retail,HR,friends,no,f,white,car,3.8,9.1,4.9,5.6,7.5
692,39.22792608,1,f,37,Retail,HR,friends,no,f,white,car,6.2,6.9,4.1,6.3,8.3
693,39.22792608,1,f,37,Retail,HR,friends,no,f,white,car,3.8,9.1,4.9,5.6,7.5
694,43.69609856,0,f,36,IT,HR,youjs,my head,f,white,bus,5.4,6.9,5.7,5.6,6.7
695,14.22587269,0,f,31,IT,HR,friends,my head,f,white,bus,6.2,6.2,5.7,3.3,6.7
696,33.90554415,0,f,23,Retail,HR,empjs,my head,f,white,bus,6.2,4.1,8,4,4.4
697,70.34086242,0,f,31,manufacture,HR,friends,my head,f,white,bus,1.4,7.6,8,5.6,1
698,39.88501027,0,m,22,etc,HR,youjs,no,f,white,bus,8.6,2.6,6.4,6.3,6.7
699,144.5913758,1,m,30,Retail,Finan?,friends,no,f,white,bus,8.6,2.6,4.9,7.1,7.5
