day_text,team_text,H_text,HR_text,S_text,ST_text,DU_text,ER_text,result_text,team_location,기온(°C),강수량(mm),습도(%),,,,지점,지점명,일시,기온(°C),강수량(mm),습도(%)
4.1,한화,13,0,0,10,1,2,패,서울,18.9,0,20,,,,108,서울,4.1,18.9,,20
4.1,LG,9,1,2,11,0,0,승,서울,18.9,,,,,,108,서울,4.2,17.5,,32
4.1,KIA,8,1,0,10,1,0,패,창원,,,,,,,108,서울,4.3,10.4,0,77
4.1,NC,9,2,0,9,1,1,승,창원,,,,,,,108,서울,4.4,16.3,,22
4.1,kt,11,2,2,7,0,0,승,인천,,,,,,,108,서울,4.5,14.1,,30
4.1,SK,10,1,0,7,1,1,패,인천,,,,,,,108,서울,4.6,21.4,,17
4.1,롯데,11,0,1,6,2,1,승,서울,,,,,,,108,서울,4.7,17.5,,54
4.1,키움,6,0,0,6,0,1,패,서울,,,,,,,108,서울,4.8,11.7,,74
4.1,두산,8,2,2,3,1,0,승,대구,,,,,,,108,서울,4.9,13,,81
4.1,삼성,8,0,1,6,2,2,패,대구,,,,,,,108,서울,4.10,14.8,,70
4.2,롯데,8,0,2,9,0,1,패,서울,,,,,,,108,서울,4.11,18.3,,20
4.2,키움,9,0,1,6,1,0,승,서울,,,,,,,108,서울,4.12,17.3,,34
4.2,한화,13,0,0,9,0,2,패,서울,,,,,,,108,서울,4.13,20.6,,56
4.2,LG,12,1,1,9,0,1,승,서울,,,,,,,108,서울,4.14,16.8,,54
4.2,KIA,8,1,1,8,0,0,승,창원,,,,,,,108,서울,4.15,18.6,,27
4.2,NC,7,1,1,5,1,0,패,창원,,,,,,,108,서울,4.16,16.8,0.5,59
4.2,kt,8,0,0,3,2,1,패,인천,,,,,,,108,서울,4.17,12.3,,40
4.2,SK,10,1,2,6,1,2,승,인천,,,,,,,108,서울,4.18,10.8,1.5,87
4.2,두산,12,1,1,6,1,1,패,대구,,,,,,,108,서울,4.19,15.5,,47
4.2,삼성,16,2,1,7,1,0,승,대구,,,,,,,108,서울,4.20,16,0,50
4.3,kt,7,1,0,9,0,0,승,인천,,,,,,,108,서울,4.21,16.5,,78
4.3,SK,8,0,1,4,0,1,패,인천,,,,,,,108,서울,4.22,12.3,,90
4.3,롯데,12,0,0,5,1,0,패,서울,,,,,,,108,서울,4.23,16.7,,17
4.3,키움,11,0,3,7,0,1,승,서울,,,,,,,108,서울,4.24,20.7,,28
4.5,LG,7,0,1,9,0,1,패,광주,,,,,,,108,서울,4.25,21.9,,22
4.5,KIA,6,1,0,10,2,0,승,광주,,,,,,,108,서울,4.26,27.1,,27
4.5,NC,5,0,0,9,1,0,패,서울,,,,,,,108,서울,4.27,19.4,,28
4.5,두산,6,0,2,5,0,0,승,서울,,,,,,,108,서울,4.28,20.7,,32
4.5,SK,4,0,1,12,0,2,패,부산,,,,,,,108,서울,4.29,18.9,,42
4.5,롯데,5,0,0,7,0,1,승,부산,,,,,,,108,서울,4.30,18.8,,35
4.5,삼성,10,0,0,6,1,0,패,수원,,,,,,,108,서울,5.1,22.9,,29
4.5,kt,11,1,2,6,1,3,승,수원,,,,,,,108,서울,5.2,22.2,0,67
4.5,키움,7,1,2,11,1,1,패,대전,,,,,,,108,서울,5.3,9.9,,75
4.5,한화,13,0,1,1,1,2,승,대전,,,,,,,108,서울,5.4,19.1,,39
4.6,NC,2,0,0,12,1,3,패,서울,,,,,,,108,서울,5.5,25.2,,27
4.6,두산,5,1,0,8,0,0,승,서울,,,,,,,108,서울,5.6,14.9,0,95
4.6,SK,1,0,0,2,1,1,패,부산,,,,,,,108,서울,5.7,21.1,,39
4.6,롯데,14,3,1,2,0,1,승,부산,,,,,,,108,서울,5.8,22.9,,27
4.6,삼성,14,0,2,3,1,2,승,수원,,,,,,,108,서울,5.9,20.9,,51
4.6,kt,7,3,0,6,0,2,패,수원,,,,,,,108,서울,5.10,14.8,,81
4.6,키움,6,0,0,12,0,0,승,대전,,,,,,,108,서울,5.11,20.8,,43
4.6,한화,11,2,1,5,1,1,패,대전,,,,,,,108,서울,5.12,22,,51
4.7,LG,11,2,2,9,0,0,승,광주,,,,,,,108,서울,5.13,25.1,,30
4.7,KIA,9,0,1,6,1,0,패,광주,,,,,,,108,서울,5.14,24.4,,34
4.7,NC,15,0,0,4,0,0,승,서울,,,,,,,108,서울,5.15,17.6,8.5,94
4.7,두산,10,0,0,9,1,0,패,서울,,,,,,,108,서울,5.16,19.7,,33
4.7,SK,12,3,2,5,0,0,승,부산,,,,,,,108,서울,5.17,26.1,,30
4.7,롯데,5,1,0,8,0,0,패,부산,,,,,,,108,서울,5.18,28.8,,18
4.7,삼성,9,1,3,4,0,1,승,수원,,,,,,,108,서울,5.19,29.4,,21
4.7,kt,4,0,0,9,0,1,패,수원,,,,,,,108,서울,5.20,27.6,,39
4.7,키움,7,2,1,4,1,0,승,대전,,,,,,,108,서울,5.21,28.6,,16
4.7,한화,12,2,0,10,0,1,패,대전,,,,,,,108,서울,5.22,28.5,,31
4.8,한화,5,1,0,9,1,1,패,창원,,,,,,,108,서울,5.23,25.5,,34
4.8,NC,9,1,3,6,2,0,승,창원,,,,,,,108,서울,5.24,18.7,,68
4.8,KIA,3,0,1,7,2,4,패,수원,,,,,,,108,서울,5.25,22.5,,61
4.8,kt,8,0,1,3,3,1,승,수원,,,,,,,108,서울,5.26,20.5,,68
4.8,LG,4,1,0,4,1,3,패,인천,,,,,,,108,서울,5.27,23.9,,52
4.8,SK,8,0,0,4,0,1,승,인천,,,,,,,108,서울,5.28,25.5,,43
4.8,삼성,10,3,0,8,1,0,승,부산,,,,,,,108,서울,5.29,25.3,,44
4.8,롯데,10,1,1,9,2,2,패,부산,,,,,,,108,서울,5.30,25.8,,43
4.8,키움,9,1,2,12,1,2,패,서울,,,,,,,108,서울,5.31,25.2,,52
4.8,두산,8,1,2,7,0,0,승,서울,,,,,,,108,서울,6.1,28.9,,27
4.9,삼성,11,1,1,9,1,0,패,부산,,,,,,,108,서울,6.2,27.6,,29
4.9,롯데,15,1,1,6,2,1,승,부산,,,,,,,108,서울,6.3,24.3,,33
4.9,한화,7,0,0,8,3,0,패,창원,,,,,,,108,서울,6.4,23.8,,55
4.9,NC,13,2,0,4,0,0,승,창원,,,,,,,108,서울,6.5,29.4,,39
4.9,KIA,9,0,3,9,0,0,승,수원,,,,,,,108,서울,6.6,23.8,,57
4.9,kt,11,0,2,7,1,3,패,수원,,,,,,,108,서울,6.7,24.7,,59
4.9,LG,8,1,0,5,3,0,패,인천,,,,,,,108,서울,6.8,25.3,,56
4.9,SK,5,3,0,7,1,1,승,인천,,,,,,,108,서울,6.9,28.5,,50
4.9,키움,16,0,2,9,1,1,무,서울,,,,,,,108,서울,6.10,26.6,,55
4.9,두산,13,2,0,11,2,0,무,서울,,,,,,,108,서울,6.11,24.9,,76
4.1,한화,6,0,0,12,0,1,승,창원,,,,,,,108,서울,6.12,25.9,,66
4.1,NC,2,0,2,9,0,0,패,창원,,,,,,,108,서울,6.13,27.6,,60
4.1,KIA,14,1,0,6,2,3,패,수원,,,,,,,108,서울,6.14,24.6,,57
4.1,kt,11,2,1,10,1,0,승,수원,,,,,,,108,서울,6.15,21.1,0,89
4.1,삼성,6,0,1,9,1,1,패,부산,,,,,,,108,서울,6.16,23.1,,62
4.1,롯데,11,1,2,6,1,0,승,부산,,,,,,,108,서울,6.17,27.4,,51
4.1,키움,8,0,0,10,0,0,승,서울,,,,,,,108,서울,6.18,26.9,,51
4.1,두산,10,0,0,4,0,0,패,서울,,,,,,,108,서울,6.19,26.9,,58
4.1,LG,10,2,1,6,0,1,패,인천,,,,,,,108,서울,6.20,28.8,,54
4.1,SK,9,2,0,5,1,1,승,인천,,,,,,,108,서울,6.21,27.8,,54
4.12,KIA,10,4,0,9,0,2,승,인천,,,,,,,108,서울,6.22,23.7,0.5,89
4.12,SK,7,2,3,11,0,0,패,인천,,,,,,,108,서울,6.23,26.5,,68
4.12,kt,7,2,1,6,0,1,패,서울,,,,,,,108,서울,6.24,25.1,,69
4.12,키움,11,1,0,5,0,0,승,서울,,,,,,,108,서울,6.25,25.8,,50
4.12,롯데,16,1,0,10,0,0,패,서울,,,,,,,108,서울,6.26,28.4,,45
4.12,LG,17,0,1,10,1,1,승,서울,,,,,,,108,서울,6.27,28,,35
4.12,NC,10,3,0,4,0,2,패,대구,,,,,,,108,서울,6.28,28.6,,42
4.12,삼성,18,2,0,8,1,1,승,대구,,,,,,,108,서울,6.29,26.7,,61
4.12,두산,9,2,0,7,1,2,승,대전,,,,,,,108,서울,6.30,26.1,,73
4.12,한화,9,0,0,7,3,0,패,대전,,,,,,,108,서울,7.1,23.6,4,92
4.13,KIA,6,0,0,10,2,0,패,인천,,,,,,,108,서울,7.2,26.7,,62
4.13,SK,7,1,2,8,1,1,승,인천,,,,,,,108,서울,7.3,26.3,,53
4.13,kt,13,1,2,11,0,2,승,서울,,,,,,,108,서울,7.4,21.4,3.5,93
4.13,키움,13,1,4,10,0,0,패,서울,,,,,,,108,서울,7.5,24,5.5,94
4.13,롯데,8,1,0,8,3,0,패,서울,,,,,,,108,서울,7.6,26.4,,59
4.13,LG,9,1,1,11,0,1,승,서울,,,,,,,108,서울,7.7,27.5,,59
4.13,NC,10,0,1,5,1,0,승,대구,,,,,,,108,서울,7.8,32.2,,48
4.13,삼성,5,0,1,6,1,0,패,대구,,,,,,,108,서울,7.9,30.3,,60
4.13,두산,15,1,0,6,0,0,승,대전,,,,,,,108,서울,7.10,30.2,,61
4.13,한화,15,0,1,12,1,2,패,대전,,,,,,,108,서울,7.11,30.2,,63
4.14,KIA,10,1,0,11,0,0,패,인천,,,,,,,108,서울,7.12,28.8,,54
4.14,SK,14,0,1,8,1,0,승,인천,,,,,,,108,서울,7.13,28.8,,64
4.14,kt,10,2,1,7,0,2,승,서울,,,,,,,108,서울,7.14,30.1,,57
4.14,키움,7,2,1,9,2,1,패,서울,,,,,,,108,서울,7.15,27.9,0,60
4.14,롯데,15,1,0,8,0,1,승,서울,,,,,,,108,서울,7.16,21,0,93
4.14,LG,8,0,0,10,0,1,패,서울,,,,,,,108,서울,7.17,22.8,,76
4.14,NC,8,2,2,16,1,2,패,대구,,,,,,,108,서울,7.18,28,,61
4.14,삼성,11,0,3,4,2,0,승,대구,,,,,,,108,서울,7.19,31.3,,49
4.14,두산,14,4,0,7,1,1,승,대전,,,,,,,108,서울,7.20,30.9,,59
4.14,한화,5,0,0,10,2,2,패,대전,,,,,,,108,서울,7.21,31.3,,55
4.15,LG,19,4,2,7,2,1,승,대전,,,,,,,108,서울,7.22,32.2,,60
4.15,한화,9,0,0,4,4,3,패,대전,,,,,,,108,서울,7.23,30.4,,65
4.15,롯데,4,0,0,13,0,1,패,창원,,,,,,,108,서울,7.24,29.4,,73
4.15,NC,9,0,2,10,1,1,승,창원,,,,,,,108,서울,7.25,30.8,,64
4.15,SK,9,2,1,9,2,0,승,수원,,,,,,,108,서울,7.26,29.9,,64
4.15,kt,7,0,0,8,1,2,패,수원,,,,,,,108,서울,7.27,28.4,,75
4.15,삼성,6,0,0,5,1,2,패,서울,,,,,,,108,서울,7.28,29.3,,61
4.15,두산,11,0,0,5,1,3,승,서울,,,,,,,108,서울,7.29,28.1,,76
4.15,키움,10,0,1,6,0,4,패,광주,,,,,,,108,서울,7.30,31.2,,53
4.15,KIA,13,1,3,4,2,1,승,광주,,,,,,,108,서울,7.31,30.4,,66
4.17,롯데,12,2,1,7,1,0,승,창원,,,,,,,108,서울,8.1,29.7,,63
4.17,NC,13,1,0,5,2,1,패,창원,,,,,,,108,서울,8.2,27.1,0,73
4.17,SK,11,1,0,7,2,4,승,수원,,,,,,,108,서울,8.3,33.3,,49
4.17,kt,9,0,1,8,1,1,패,수원,,,,,,,108,서울,8.4,35,,36
4.17,삼성,3,0,1,5,1,1,패,서울,,,,,,,108,서울,8.5,35.1,,46
4.17,두산,12,0,2,7,2,0,승,서울,,,,,,,108,서울,8.6,33.5,,55
4.17,키움,9,0,0,3,3,0,승,광주,,,,,,,108,서울,8.7,33.5,,45
4.17,KIA,11,1,0,5,0,0,패,광주,,,,,,,108,서울,8.8,33.1,,59
4.17,LG,10,2,1,11,0,3,승,대전,,,,,,,108,서울,8.9,32,,60
4.17,한화,7,0,1,11,2,0,패,대전,,,,,,,108,서울,8.10,31.6,,55
4.19,한화,8,1,0,11,0,1,패,부산,,,,,,,108,서울,8.11,34.7,,50
4.19,롯데,5,0,0,8,0,0,승,부산,,,,,,,108,서울,8.12,33.7,,60
4.19,NC,12,1,0,6,0,1,승,서울,,,,,,,108,서울,8.13,32.9,,56
4.19,LG,1,0,0,8,0,1,패,서울,,,,,,,108,서울,8.14,30.7,,70
4.19,두산,7,0,0,7,1,1,승,수원,,,,,,,108,서울,8.15,30.7,,64
4.19,kt,10,1,0,4,3,1,패,수원,,,,,,,108,서울,8.16,31,,63
4.19,삼성,10,1,0,7,1,0,패,광주,,,,,,,108,서울,8.17,33.5,,47
4.19,KIA,11,2,0,5,1,1,승,광주,,,,,,,108,서울,8.18,31.7,,58
4.19,키움,10,1,0,8,1,0,승,인천,,,,,,,108,서울,8.19,26.7,10.5,89
4.19,SK,7,1,1,9,0,1,패,인천,,,,,,,108,서울,8.20,33.5,,44
4.2,한화,10,1,0,3,1,1,패,부산,,,,,,,108,서울,8.21,34,,46
4.2,롯데,17,1,5,6,2,0,승,부산,,,,,,,108,서울,8.22,35.1,,42
4.2,NC,11,0,0,6,3,1,패,서울,,,,,,,108,서울,8.23,27.6,,80
4.2,LG,6,2,0,5,0,0,승,서울,,,,,,,108,서울,8.24,31.9,,49
4.2,두산,16,2,0,10,1,1,승,수원,,,,,,,108,서울,8.25,27.6,0.3,80
4.2,kt,8,2,4,13,0,1,패,수원,,,,,,,108,서울,8.26,27,,35
4.2,삼성,9,0,0,5,1,1,승,광주,,,,,,,108,서울,8.27,27.8,,38
4.2,KIA,7,0,2,6,2,1,패,광주,,,,,,,108,서울,8.28,19.5,0.5,81
4.2,키움,8,1,0,9,2,3,패,인천,,,,,,,108,서울,8.29,24.6,,50
4.2,SK,13,1,0,2,1,0,승,인천,,,,,,,108,서울,8.30,21.9,,59
4.21,한화,13,0,2,10,0,1,승,부산,,,,,,,108,서울,8.31,18.6,0,81
4.21,롯데,9,0,3,9,1,1,패,부산,,,,,,,108,서울,9.1,27.7,,44
4.21,NC,14,0,0,6,0,0,승,서울,,,,,,,108,서울,9.2,25.8,,62
4.21,LG,12,3,0,11,0,2,패,서울,,,,,,,108,서울,9.3,27.9,,59
4.21,두산,9,1,0,7,1,0,패,수원,,,,,,,108,서울,9.4,27.5,,68
4.21,kt,14,2,1,3,1,0,승,수원,,,,,,,108,서울,9.5,28.9,,53
4.21,삼성,15,1,0,7,1,0,승,광주,,,,,,,108,서울,9.6,26.6,,57
4.21,KIA,7,0,0,8,0,2,패,광주,,,,,,,108,서울,9.7,26,,64
4.21,키움,6,1,1,11,0,2,패,인천,,,,,,,108,서울,9.8,24.1,,67
4.21,SK,6,1,2,5,0,1,승,인천,,,,,,,108,서울,9.9,27.6,,49
4.22,한화,7,1,0,6,0,0,패,서울,,,,,,,108,서울,9.10,27.4,,51
4.22,두산,13,1,1,4,0,0,승,서울,,,,,,,108,서울,9.11,25.7,,63
4.22,KIA,10,2,0,10,0,2,패,부산,,,,,,,108,서울,9.12,26,,56
4.22,롯데,13,0,1,3,0,0,승,부산,,,,,,,108,서울,9.13,27.1,,59
4.22,kt,16,2,0,5,1,0,승,대구,,,,,,,108,서울,9.14,26.7,,55
4.22,삼성,9,1,0,2,1,0,패,대구,,,,,,,108,서울,9.15,26.1,,66
4.22,LG,5,1,0,6,1,1,패,서울,,,,,,,108,서울,9.16,26.1,,59
4.22,키움,14,2,0,6,2,0,승,서울,,,,,,,108,서울,9.17,26.7,,51
4.22,NC,8,1,0,8,1,0,승,인천,,,,,,,108,서울,9.18,24.8,,50
4.22,SK,9,1,0,8,1,2,패,인천,,,,,,,108,서울,9.19,23.2,,50
4.23,한화,6,1,0,9,0,0,패,서울,,,,,,,108,서울,9.20,24.3,,31
4.23,두산,7,1,2,5,1,0,승,서울,,,,,,,108,서울,9.21,23.2,,35
4.23,KIA,21,3,0,7,0,1,승,부산,,,,,,,108,서울,9.22,25.5,,35
4.23,롯데,14,2,2,7,1,4,패,부산,,,,,,,108,서울,9.23,24.4,,50
4.23,kt,12,1,2,5,1,0,승,대구,,,,,,,108,서울,9.24,24.9,,57
4.23,삼성,7,0,0,3,1,0,패,대구,,,,,,,108,서울,9.25,26.1,,45
4.23,LG,8,0,0,8,0,0,패,서울,,,,,,,108,서울,9.26,26.6,,52
4.23,키움,18,2,0,11,0,2,승,서울,,,,,,,108,서울,9.27,19.7,1.5,90
4.23,NC,6,1,0,7,0,3,패,인천,,,,,,,108,서울,9.28,20.7,,81
4.23,SK,13,0,0,7,1,0,승,인천,,,,,,,108,서울,9.29,21.7,,61
4.24,KIA,15,2,3,5,0,0,승,부산,,,,,,,108,서울,9.30,22.3,,62
4.24,롯데,8,3,0,10,0,1,패,부산,,,,,,,108,서울,10.1,23.6,,59
4.24,kt,6,0,0,6,1,1,패,대구,,,,,,,108,서울,10.2,16.7,6.5,93
4.24,삼성,10,1,0,3,0,0,승,대구,,,,,,,108,서울,10.3,25.2,,53
4.24,LG,10,1,1,8,0,0,승,서울,,,,,,,108,서울,10.4,26.1,,49
4.24,키움,11,0,2,6,0,1,패,서울,,,,,,,108,서울,10.5,23.3,,61
4.24,NC,5,2,0,6,1,0,패,인천,,,,,,,108,서울,10.6,20.4,,48
4.24,SK,9,1,1,7,0,0,승,인천,,,,,,,108,서울,10.7,20.3,0.5,73
4.24,한화,4,1,0,9,0,5,패,서울,,,,,,,108,서울,10.8,17.9,,39
4.24,두산,5,0,0,6,2,1,승,서울,,,,,,,108,서울,10.9,13.6,,39
4.26,KIA,7,0,1,11,0,1,패,대전,,,,,,,108,서울,10.10,17.2,,38
4.26,한화,6,1,0,5,1,0,승,대전,,,,,,,108,서울,10.11,18.3,,64
4.26,LG,7,0,2,8,0,0,승,대구,,,,,,,108,서울,10.12,17,,37
4.26,삼성,2,0,0,7,1,0,패,대구,,,,,,,108,서울,10.13,18.1,,39
4.26,롯데,5,0,1,8,0,0,패,수원,,,,,,,108,서울,10.14,20.4,,56
4.26,kt,7,1,0,4,2,0,승,수원,,,,,,,108,서울,10.15,22.6,,49
4.26,SK,13,0,0,6,1,1,패,서울,,,,,,,108,서울,10.16,17.2,,80
4.26,두산,7,1,1,6,2,1,승,서울,,,,,,,108,서울,10.17,18.9,,74
4.26,키움,9,0,0,10,1,0,패,창원,,,,,,,108,서울,10.18,20.7,,57
4.26,NC,11,0,0,3,1,0,승,창원,,,,,,,108,서울,10.19,20,,61
4.27,롯데,10,0,0,6,0,1,승,수원,,,,,,,108,서울,10.20,22.8,,47
4.27,kt,3,0,0,6,1,0,패,수원,,,,,,,108,서울,10.21,18.7,,57
4.27,SK,6,1,1,8,0,0,승,서울,,,,,,,108,서울,10.22,19.7,,58
4.27,두산,9,0,0,5,1,1,패,서울,,,,,,,108,서울,10.23,10.6,0.5,85
4.28,KIA,7,1,0,13,0,0,패,대전,,,,,,,108,서울,10.24,17.7,,49
4.28,한화,9,0,2,7,0,3,승,대전,,,,,,,108,서울,10.25,16.1,,73
4.28,LG,11,3,0,11,0,2,패,대구,,,,,,,108,서울,10.26,14.9,,79
4.28,삼성,7,1,2,9,0,0,승,대구,,,,,,,108,서울,10.27,17.9,,55
4.28,롯데,12,4,1,5,1,0,승,수원,,,,,,,108,서울,10.28,15.5,,44
4.28,kt,8,1,0,7,2,1,패,수원,,,,,,,108,서울,10.29,8.7,,33
4.28,SK,8,0,2,6,2,0,패,서울,,,,,,,108,서울,10.30,10.8,,24
4.28,두산,9,1,1,1,2,1,승,서울,,,,,,,112,인천,4.1,16.1,,39
4.28,키움,9,1,1,7,0,1,승,창원,,,,,,,112,인천,4.2,14.4,,59
4.28,NC,8,0,1,11,0,1,패,창원,,,,,,,112,인천,4.3,11.3,0,72
4.29,kt,7,0,1,5,1,2,패,서울,,,,,,,112,인천,4.4,14.3,,34
4.29,LG,10,1,0,8,0,0,승,서울,,,,,,,112,인천,4.5,11.3,,59
4.29,NC,9,2,0,8,1,0,승,부산,,,,,,,112,인천,4.6,18.1,,43
4.29,롯데,7,1,1,7,1,0,패,부산,,,,,,,112,인천,4.7,15.3,,76
4.29,두산,5,0,0,5,0,3,패,광주,,,,,,,112,인천,4.8,7.5,,98
4.29,KIA,7,0,0,9,0,0,승,광주,,,,,,,112,인천,4.9,11.1,,98
4.29,SK,10,0,0,5,0,2,승,서울,,,,,,,112,인천,4.10,11.2,,98
4.29,키움,7,0,1,7,1,0,패,서울,,,,,,,112,인천,4.11,14.5,,61
4.29,삼성,9,2,1,8,2,0,패,대전,,,,,,,112,인천,4.12,15.3,,51
4.29,한화,15,3,0,6,1,0,승,대전,,,,,,,112,인천,4.13,16.5,,92
4.3,kt,9,0,0,6,0,0,승,서울,,,,,,,112,인천,4.14,9.9,,98
4.3,LG,5,0,0,7,0,0,패,서울,,,,,,,112,인천,4.15,16.1,,52
4.3,NC,11,2,0,9,0,1,승,부산,,,,,,,112,인천,4.16,15.6,0.9,96
4.3,롯데,5,0,0,12,1,0,패,부산,,,,,,,112,인천,4.17,10.7,,79
4.3,두산,10,1,1,6,1,0,승,광주,,,,,,,112,인천,4.18,10.1,0.2,98
4.3,KIA,11,1,0,7,1,1,패,광주,,,,,,,112,인천,4.19,12.5,,75
4.3,SK,13,1,1,7,0,0,승,서울,,,,,,,112,인천,4.20,13.1,0,96
4.3,키움,5,0,1,7,1,1,패,서울,,,,,,,112,인천,4.21,15.6,,98
4.3,삼성,10,2,0,3,2,1,승,대전,,,,,,,112,인천,4.22,10.3,,98
4.3,한화,7,0,0,7,0,4,패,대전,,,,,,,112,인천,4.23,15,,42
,,,,,,,,,,,,,,,,112,인천,4.24,18.4,,41
team_text,번호,,,,,,,,,,,,,,,112,인천,4.25,18.7,,32
NC,1,,,,,,,,,,,,,,,112,인천,4.26,23.9,,51
두산,2,,,,,,,,,,,,,,,112,인천,4.27,19.8,,39
KT,3,,,,,,,,,,,,,,,112,인천,4.28,16.3,,57
LG,4,,,,,,,,,,,,,,,112,인천,4.29,14.9,,88
키움,5,,,,,,,,,,,,,,,112,인천,4.30,16.2,,61
KIA,6,,,,,,,,,,,,,,,112,인천,5.1,18.8,,63
롯데,7,,,,,,,,,,,,,,,112,인천,5.2,19.1,0,98
삼성,8,,,,,,,,,,,,,,,112,인천,5.3,10.2,,96
SK,9,,,,,,,,,,,,,,,112,인천,5.4,17.3,,46
한화,10,,,,,,,,,,,,,,,112,인천,5.5,21.7,,38
,,,,,,,,,,,,,,,,112,인천,5.6,12.7,0,98
,,,,,,,,,,,,,,,,112,인천,5.7,19,,62
,,,,,,,,,,,,,,,,112,인천,5.8,19.8,,57
,,,,,,,,,,,,,,,,112,인천,5.9,17.9,,76
,,,,,,,,,,,,,,,,112,인천,5.10,15.2,,98
,,,,,,,,,,,,,,,,112,인천,5.11,17.6,,69
,,,,,,,,,,,,,,,,112,인천,5.12,18.5,,86
,,,,,,,,,,,,,,,,112,인천,5.13,21.9,,47
,,,,,,,,,,,,,,,,112,인천,5.14,20.6,,51
,,,,,,,,,,,,,,,,112,인천,5.15,14.3,5.7,98
,,,,,,,,,,,,,,,,112,인천,5.16,16.5,,68
,,,,,,,,,,,,,,,,112,인천,5.17,21.9,,47
,,,,,,,,,,,,,,,,112,인천,5.18,25.7,,40
,,,,,,,,,,,,,,,,112,인천,5.19,26.7,,35
,,,,,,,,,,,,,,,,112,인천,5.20,25.3,,48
,,,,,,,,,,,,,,,,112,인천,5.21,27.2,,31
,,,,,,,,,,,,,,,,112,인천,5.22,26.2,,40
,,,,,,,,,,,,,,,,112,인천,5.23,20.6,,63
,,,,,,,,,,,,,,,,112,인천,5.24,16.1,,98
,,,,,,,,,,,,,,,,112,인천,5.25,21,,87
,,,,,,,,,,,,,,,,112,인천,5.26,19,,98
,,,,,,,,,,,,,,,,112,인천,5.27,21.9,,71
,,,,,,,,,,,,,,,,112,인천,5.28,23,,50
,,,,,,,,,,,,,,,,112,인천,5.29,22.8,,58
,,,,,,,,,,,,,,,,112,인천,5.30,23.1,,74
,,,,,,,,,,,,,,,,112,인천,5.31,21.6,,92
,,,,,,,,,,,,,,,,112,인천,6.1,26.3,,50
,,,,,,,,,,,,,,,,112,인천,6.2,23.6,,76
,,,,,,,,,,,,,,,,112,인천,6.3,22.2,,69
,,,,,,,,,,,,,,,,112,인천,6.4,20.7,,90
,,,,,,,,,,,,,,,,112,인천,6.5,26.5,,51
,,,,,,,,,,,,,,,,112,인천,6.6,21.3,,85
,,,,,,,,,,,,,,,,112,인천,6.7,21.5,,88
,,,,,,,,,,,,,,,,112,인천,6.8,21.6,,98
,,,,,,,,,,,,,,,,112,인천,6.9,26.1,,67
,,,,,,,,,,,,,,,,112,인천,6.10,22.5,,98
,,,,,,,,,,,,,,,,112,인천,6.11,23.2,,98
,,,,,,,,,,,,,,,,112,인천,6.12,23,,98
,,,,,,,,,,,,,,,,112,인천,6.13,23.8,,89
,,,,,,,,,,,,,,,,112,인천,6.14,22.5,,89
,,,,,,,,,,,,,,,,112,인천,6.15,20.4,0.1,98
,,,,,,,,,,,,,,,,112,인천,6.16,21,,98
,,,,,,,,,,,,,,,,112,인천,6.17,24.3,,85
,,,,,,,,,,,,,,,,112,인천,6.18,24.3,,84
,,,,,,,,,,,,,,,,112,인천,6.19,25.3,,87
,,,,,,,,,,,,,,,,112,인천,6.20,25.9,,82
,,,,,,,,,,,,,,,,112,인천,6.21,25.7,,82
,,,,,,,,,,,,,,,,112,인천,6.22,24,0,98
,,,,,,,,,,,,,,,,112,인천,6.23,23.3,,98
,,,,,,,,,,,,,,,,112,인천,6.24,24.8,,81
,,,,,,,,,,,,,,,,112,인천,6.25,24.6,,78
,,,,,,,,,,,,,,,,112,인천,6.26,24.6,,89
,,,,,,,,,,,,,,,,112,인천,6.27,26.8,,54
,,,,,,,,,,,,,,,,112,인천,6.28,25.9,,69
,,,,,,,,,,,,,,,,112,인천,6.29,24.1,,98
,,,,,,,,,,,,,,,,112,인천,6.30,23,,98
,,,,,,,,,,,,,,,,112,인천,7.1,23.3,4.4,98
,,,,,,,,,,,,,,,,112,인천,7.2,24.4,,98
,,,,,,,,,,,,,,,,112,인천,7.3,24.7,,89
,,,,,,,,,,,,,,,,112,인천,7.4,22,1.8,98
,,,,,,,,,,,,,,,,112,인천,7.5,22.1,0,98
,,,,,,,,,,,,,,,,112,인천,7.6,23.8,,94
,,,,,,,,,,,,,,,,112,인천,7.7,26.2,,75
,,,,,,,,,,,,,,,,112,인천,7.8,29.5,,78
,,,,,,,,,,,,,,,,112,인천,7.9,28,,77
,,,,,,,,,,,,,,,,112,인천,7.10,28.6,,80
,,,,,,,,,,,,,,,,112,인천,7.11,28.9,,81
,,,,,,,,,,,,,,,,112,인천,7.12,27.4,,73
,,,,,,,,,,,,,,,,112,인천,7.13,27.1,,90
,,,,,,,,,,,,,,,,112,인천,7.14,28.7,,81
,,,,,,,,,,,,,,,,112,인천,7.15,26.7,0,80
,,,,,,,,,,,,,,,,112,인천,7.16,21.6,0.7,98
,,,,,,,,,,,,,,,,112,인천,7.17,21.6,,98
,,,,,,,,,,,,,,,,112,인천,7.18,25.2,,98
,,,,,,,,,,,,,,,,112,인천,7.19,28.6,,88
,,,,,,,,,,,,,,,,112,인천,7.20,30.4,,83
,,,,,,,,,,,,,,,,112,인천,7.21,30.7,,78
,,,,,,,,,,,,,,,,112,인천,7.22,29,,93
,,,,,,,,,,,,,,,,112,인천,7.23,27.6,,98
,,,,,,,,,,,,,,,,112,인천,7.24,27.6,,98
,,,,,,,,,,,,,,,,112,인천,7.25,27.9,,98
,,,,,,,,,,,,,,,,112,인천,7.26,27.7,,98
,,,,,,,,,,,,,,,,112,인천,7.27,26.6,,98
,,,,,,,,,,,,,,,,112,인천,7.28,27.5,,98
,,,,,,,,,,,,,,,,112,인천,7.29,27.2,,98
,,,,,,,,,,,,,,,,112,인천,7.30,29.6,,92
,,,,,,,,,,,,,,,,112,인천,7.31,29,,98
,,,,,,,,,,,,,,,,112,인천,8.1,28.3,,98
,,,,,,,,,,,,,,,,112,인천,8.2,27.7,,98
,,,,,,,,,,,,,,,,112,인천,8.3,30.5,,82
,,,,,,,,,,,,,,,,112,인천,8.4,31.9,,83
,,,,,,,,,,,,,,,,112,인천,8.5,32.1,,89
,,,,,,,,,,,,,,,,112,인천,8.6,31.8,,83
,,,,,,,,,,,,,,,,112,인천,8.7,31.2,,66
,,,,,,,,,,,,,,,,112,인천,8.8,29.8,,92
,,,,,,,,,,,,,,,,112,인천,8.9,32.2,,78
,,,,,,,,,,,,,,,,112,인천,8.10,30.2,,88
,,,,,,,,,,,,,,,,112,인천,8.11,31.6,,77
,,,,,,,,,,,,,,,,112,인천,8.12,31.6,,77
,,,,,,,,,,,,,,,,112,인천,8.13,30.2,,98
,,,,,,,,,,,,,,,,112,인천,8.14,29.8,,98
,,,,,,,,,,,,,,,,112,인천,8.15,28.8,,78
,,,,,,,,,,,,,,,,112,인천,8.16,30.4,,87
,,,,,,,,,,,,,,,,112,인천,8.17,31.5,,74
,,,,,,,,,,,,,,,,112,인천,8.18,29.7,,74
,,,,,,,,,,,,,,,,112,인천,8.19,30,,86
,,,,,,,,,,,,,,,,112,인천,8.20,29.9,,89
,,,,,,,,,,,,,,,,112,인천,8.21,31.9,,59
,,,,,,,,,,,,,,,,112,인천,8.22,30.9,,87
,,,,,,,,,,,,,,,,112,인천,8.23,30.4,,81
,,,,,,,,,,,,,,,,112,인천,8.24,30,,62
,,,,,,,,,,,,,,,,112,인천,8.25,28,,98
,,,,,,,,,,,,,,,,112,인천,8.26,26.7,,50
,,,,,,,,,,,,,,,,112,인천,8.27,26.8,,45
,,,,,,,,,,,,,,,,112,인천,8.28,22.1,,67
,,,,,,,,,,,,,,,,112,인천,8.29,25.3,,55
,,,,,,,,,,,,,,,,112,인천,8.30,22.2,,74
,,,,,,,,,,,,,,,,112,인천,8.31,20.7,0,92
,,,,,,,,,,,,,,,,112,인천,9.1,26.8,,72
,,,,,,,,,,,,,,,,112,인천,9.2,25.8,,78
,,,,,,,,,,,,,,,,112,인천,9.3,26.3,,85
,,,,,,,,,,,,,,,,112,인천,9.4,26.3,,91
,,,,,,,,,,,,,,,,112,인천,9.5,27.7,,83
,,,,,,,,,,,,,,,,112,인천,9.6,25,,98
,,,,,,,,,,,,,,,,112,인천,9.7,25,,75
,,,,,,,,,,,,,,,,112,인천,9.8,24.5,,91
,,,,,,,,,,,,,,,,112,인천,9.9,25.2,,89
,,,,,,,,,,,,,,,,112,인천,9.10,25.4,,97
,,,,,,,,,,,,,,,,112,인천,9.11,24.4,,86
,,,,,,,,,,,,,,,,112,인천,9.12,26.6,,81
,,,,,,,,,,,,,,,,112,인천,9.13,26.1,,81
,,,,,,,,,,,,,,,,112,인천,9.14,25.6,,60
,,,,,,,,,,,,,,,,112,인천,9.15,24.5,,90
,,,,,,,,,,,,,,,,112,인천,9.16,24.7,,91
,,,,,,,,,,,,,,,,112,인천,9.17,26.2,,61
,,,,,,,,,,,,,,,,112,인천,9.18,25.1,,68
,,,,,,,,,,,,,,,,112,인천,9.19,24.1,,62
,,,,,,,,,,,,,,,,112,인천,9.20,24.4,,38
,,,,,,,,,,,,,,,,112,인천,9.21,22.9,,54
,,,,,,,,,,,,,,,,112,인천,9.22,23.6,,66
,,,,,,,,,,,,,,,,112,인천,9.23,23,,78
,,,,,,,,,,,,,,,,112,인천,9.24,23.4,,85
,,,,,,,,,,,,,,,,112,인천,9.25,23.5,,73
,,,,,,,,,,,,,,,,112,인천,9.26,26.7,,63
,,,,,,,,,,,,,,,,112,인천,9.27,19.9,0,98
,,,,,,,,,,,,,,,,112,인천,9.28,20.1,,98
,,,,,,,,,,,,,,,,112,인천,9.29,22,,81
,,,,,,,,,,,,,,,,112,인천,9.30,21.7,,93
,,,,,,,,,,,,,,,,112,인천,10.1,22.3,,92
,,,,,,,,,,,,,,,,112,인천,10.2,17,6.1,98
,,,,,,,,,,,,,,,,112,인천,10.3,23.6,,95
,,,,,,,,,,,,,,,,112,인천,10.4,26.2,,58
,,,,,,,,,,,,,,,,112,인천,10.5,23,,90
,,,,,,,,,,,,,,,,112,인천,10.6,19.7,,63
,,,,,,,,,,,,,,,,112,인천,10.7,19.9,0.1,94
,,,,,,,,,,,,,,,,112,인천,10.8,17.4,,61
,,,,,,,,,,,,,,,,112,인천,10.9,13.7,,43
,,,,,,,,,,,,,,,,112,인천,10.10,16.3,,49
,,,,,,,,,,,,,,,,112,인천,10.11,18.2,,89
,,,,,,,,,,,,,,,,112,인천,10.12,16.7,,48
,,,,,,,,,,,,,,,,112,인천,10.13,17.2,,60
,,,,,,,,,,,,,,,,112,인천,10.14,19,,93
,,,,,,,,,,,,,,,,112,인천,10.15,20.8,,86
,,,,,,,,,,,,,,,,112,인천,10.16,16.9,0,98
,,,,,,,,,,,,,,,,112,인천,10.17,18.4,,98
,,,,,,,,,,,,,,,,112,인천,10.18,18.2,,75
,,,,,,,,,,,,,,,,112,인천,10.19,18.6,,85
,,,,,,,,,,,,,,,,112,인천,10.20,21.4,,84
,,,,,,,,,,,,,,,,112,인천,10.21,18.8,,72
,,,,,,,,,,,,,,,,112,인천,10.22,18.4,,89
,,,,,,,,,,,,,,,,112,인천,10.23,11.2,0.7,98
,,,,,,,,,,,,,,,,112,인천,10.24,17.9,,63
,,,,,,,,,,,,,,,,112,인천,10.25,16.5,,84
,,,,,,,,,,,,,,,,112,인천,10.26,15.2,,95
,,,,,,,,,,,,,,,,112,인천,10.27,17.8,,60
,,,,,,,,,,,,,,,,112,인천,10.28,15.3,,51
,,,,,,,,,,,,,,,,112,인천,10.29,8.4,,35
,,,,,,,,,,,,,,,,112,인천,10.30,10.5,,23
,,,,,,,,,,,,,,,,119,수원,4.1,18.1,,22
,,,,,,,,,,,,,,,,119,수원,4.2,17.2,,36
,,,,,,,,,,,,,,,,119,수원,4.3,11.7,0,65
,,,,,,,,,,,,,,,,119,수원,4.4,16,,28
,,,,,,,,,,,,,,,,119,수원,4.5,13.4,,31
,,,,,,,,,,,,,,,,119,수원,4.6,21.6,,21
,,,,,,,,,,,,,,,,119,수원,4.7,14.9,,64
,,,,,,,,,,,,,,,,119,수원,4.8,9.9,,90
,,,,,,,,,,,,,,,,119,수원,4.9,15.6,,81
,,,,,,,,,,,,,,,,119,수원,4.10,11.7,,89
,,,,,,,,,,,,,,,,119,수원,4.11,17.4,,39
,,,,,,,,,,,,,,,,119,수원,4.12,17.9,,37
,,,,,,,,,,,,,,,,119,수원,4.13,20.3,,51
,,,,,,,,,,,,,,,,119,수원,4.14,14.7,,71
,,,,,,,,,,,,,,,,119,수원,4.15,18.4,,33
,,,,,,,,,,,,,,,,119,수원,4.16,15.9,0.7,73
,,,,,,,,,,,,,,,,119,수원,4.17,12.8,,40
,,,,,,,,,,,,,,,,119,수원,4.18,11.7,2.2,95
,,,,,,,,,,,,,,,,119,수원,4.19,14.7,,52
,,,,,,,,,,,,,,,,119,수원,4.20,16.3,0,60
,,,,,,,,,,,,,,,,119,수원,4.21,18,,81
,,,,,,,,,,,,,,,,119,수원,4.22,13.8,,96
,,,,,,,,,,,,,,,,119,수원,4.23,16.6,,24
,,,,,,,,,,,,,,,,119,수원,4.24,19.8,,30
,,,,,,,,,,,,,,,,119,수원,4.25,19.9,,21
,,,,,,,,,,,,,,,,119,수원,4.26,25.8,,35
,,,,,,,,,,,,,,,,119,수원,4.27,17.9,,40
,,,,,,,,,,,,,,,,119,수원,4.28,18.9,,40
,,,,,,,,,,,,,,,,119,수원,4.29,17.6,,55
,,,,,,,,,,,,,,,,119,수원,4.30,19.9,,38
,,,,,,,,,,,,,,,,119,수원,5.1,22.4,,38
,,,,,,,,,,,,,,,,119,수원,5.2,21.1,0,76
,,,,,,,,,,,,,,,,119,수원,5.3,10.6,0,84
,,,,,,,,,,,,,,,,119,수원,5.4,17.7,,39
,,,,,,,,,,,,,,,,119,수원,5.5,24.5,,31
,,,,,,,,,,,,,,,,119,수원,5.6,14.3,0,100
,,,,,,,,,,,,,,,,119,수원,5.7,18.6,,43
,,,,,,,,,,,,,,,,119,수원,5.8,22.1,,37
,,,,,,,,,,,,,,,,119,수원,5.9,21,,56
,,,,,,,,,,,,,,,,119,수원,5.10,15,,83
,,,,,,,,,,,,,,,,119,수원,5.11,19.7,,49
,,,,,,,,,,,,,,,,119,수원,5.12,21.9,,52
,,,,,,,,,,,,,,,,119,수원,5.13,22,,46
,,,,,,,,,,,,,,,,119,수원,5.14,21.9,,46
,,,,,,,,,,,,,,,,119,수원,5.15,18.7,14,100
,,,,,,,,,,,,,,,,119,수원,5.16,18.9,,44
,,,,,,,,,,,,,,,,119,수원,5.17,24.6,,28
,,,,,,,,,,,,,,,,119,수원,5.18,26.5,,38
,,,,,,,,,,,,,,,,119,수원,5.19,29,,27
,,,,,,,,,,,,,,,,119,수원,5.20,26.4,,39
,,,,,,,,,,,,,,,,119,수원,5.21,28.4,,21
,,,,,,,,,,,,,,,,119,수원,5.22,29,,20
,,,,,,,,,,,,,,,,119,수원,5.23,24.6,,35
,,,,,,,,,,,,,,,,119,수원,5.24,17.8,,79
,,,,,,,,,,,,,,,,119,수원,5.25,23.4,,64
,,,,,,,,,,,,,,,,119,수원,5.26,21.2,,64
,,,,,,,,,,,,,,,,119,수원,5.27,23.4,,45
,,,,,,,,,,,,,,,,119,수원,5.28,23.1,,45
,,,,,,,,,,,,,,,,119,수원,5.29,23.2,,48
,,,,,,,,,,,,,,,,119,수원,5.30,25.1,,37
,,,,,,,,,,,,,,,,119,수원,5.31,23.2,,67
,,,,,,,,,,,,,,,,119,수원,6.1,26.9,,41
,,,,,,,,,,,,,,,,119,수원,6.2,25.8,,40
,,,,,,,,,,,,,,,,119,수원,6.3,25.2,,39
,,,,,,,,,,,,,,,,119,수원,6.4,21.3,,66
,,,,,,,,,,,,,,,,119,수원,6.5,27.1,,49
,,,,,,,,,,,,,,,,119,수원,6.6,22.4,,64
,,,,,,,,,,,,,,,,119,수원,6.7,22.9,,65
,,,,,,,,,,,,,,,,119,수원,6.8,23.4,,61
,,,,,,,,,,,,,,,,119,수원,6.9,26.3,,53
,,,,,,,,,,,,,,,,119,수원,6.10,24.3,,68
,,,,,,,,,,,,,,,,119,수원,6.11,26.5,,74
,,,,,,,,,,,,,,,,119,수원,6.12,24.7,,78
,,,,,,,,,,,,,,,,119,수원,6.13,25.4,,70
,,,,,,,,,,,,,,,,119,수원,6.14,24,,67
,,,,,,,,,,,,,,,,119,수원,6.15,21.4,0.1,97
,,,,,,,,,,,,,,,,119,수원,6.16,22.1,,74
,,,,,,,,,,,,,,,,119,수원,6.17,26.6,,53
,,,,,,,,,,,,,,,,119,수원,6.18,26,,58
,,,,,,,,,,,,,,,,119,수원,6.19,26,,63
,,,,,,,,,,,,,,,,119,수원,6.20,29.5,,45
,,,,,,,,,,,,,,,,119,수원,6.21,27.7,,56
,,,,,,,,,,,,,,,,119,수원,6.22,23.9,0.8,93
,,,,,,,,,,,,,,,,119,수원,6.23,25.8,,76
,,,,,,,,,,,,,,,,119,수원,6.24,23.5,,79
,,,,,,,,,,,,,,,,119,수원,6.25,24.2,,59
,,,,,,,,,,,,,,,,119,수원,6.26,27.4,,48
,,,,,,,,,,,,,,,,119,수원,6.27,28.1,,47
,,,,,,,,,,,,,,,,119,수원,6.28,27.7,,53
,,,,,,,,,,,,,,,,119,수원,6.29,26.9,,65
,,,,,,,,,,,,,,,,119,수원,6.30,26.7,,80
,,,,,,,,,,,,,,,,119,수원,7.1,23.5,16.8,100
,,,,,,,,,,,,,,,,119,수원,7.2,25.6,,75
,,,,,,,,,,,,,,,,119,수원,7.3,25.6,,61
,,,,,,,,,,,,,,,,119,수원,7.4,23.3,1,100
,,,,,,,,,,,,,,,,119,수원,7.5,25.1,1.7,100
,,,,,,,,,,,,,,,,119,수원,7.6,24,,84
,,,,,,,,,,,,,,,,119,수원,7.7,27.1,,63
,,,,,,,,,,,,,,,,119,수원,7.8,31.2,,56
,,,,,,,,,,,,,,,,119,수원,7.9,29.5,,55
,,,,,,,,,,,,,,,,119,수원,7.10,29.3,,58
,,,,,,,,,,,,,,,,119,수원,7.11,30.9,,62
,,,,,,,,,,,,,,,,119,수원,7.12,27.4,,71
,,,,,,,,,,,,,,,,119,수원,7.13,27.5,,65
,,,,,,,,,,,,,,,,119,수원,7.14,29.1,,61
,,,,,,,,,,,,,,,,119,수원,7.15,27.8,0,58
,,,,,,,,,,,,,,,,119,수원,7.16,22.1,0.5,100
,,,,,,,,,,,,,,,,119,수원,7.17,22.1,,90
,,,,,,,,,,,,,,,,119,수원,7.18,26.9,,69
,,,,,,,,,,,,,,,,119,수원,7.19,31.3,,52
,,,,,,,,,,,,,,,,119,수원,7.20,31.7,,54
,,,,,,,,,,,,,,,,119,수원,7.21,30.4,,59
,,,,,,,,,,,,,,,,119,수원,7.22,32.4,,58
,,,,,,,,,,,,,,,,119,수원,7.23,30.7,,73
,,,,,,,,,,,,,,,,119,수원,7.24,30.5,,74
,,,,,,,,,,,,,,,,119,수원,7.25,30.3,,77
,,,,,,,,,,,,,,,,119,수원,7.26,29.7,,73
,,,,,,,,,,,,,,,,119,수원,7.27,28.8,0,84
,,,,,,,,,,,,,,,,119,수원,7.28,28.9,,67
,,,,,,,,,,,,,,,,119,수원,7.29,27.7,,90
,,,,,,,,,,,,,,,,119,수원,7.30,31,,68
,,,,,,,,,,,,,,,,119,수원,7.31,30.4,,70
,,,,,,,,,,,,,,,,119,수원,8.1,29.5,,69
,,,,,,,,,,,,,,,,119,수원,8.2,28.8,,83
,,,,,,,,,,,,,,,,119,수원,8.3,31,,61
,,,,,,,,,,,,,,,,119,수원,8.4,31.7,,70
,,,,,,,,,,,,,,,,119,수원,8.5,32.5,,64
,,,,,,,,,,,,,,,,119,수원,8.6,32.5,,64
,,,,,,,,,,,,,,,,119,수원,8.7,31.4,,52
,,,,,,,,,,,,,,,,119,수원,8.8,31.9,,62
,,,,,,,,,,,,,,,,119,수원,8.9,32.5,,65
,,,,,,,,,,,,,,,,119,수원,8.10,31,,58
,,,,,,,,,,,,,,,,119,수원,8.11,31.7,,59
,,,,,,,,,,,,,,,,119,수원,8.12,31.3,,64
,,,,,,,,,,,,,,,,119,수원,8.13,31.5,,63
,,,,,,,,,,,,,,,,119,수원,8.14,30.6,,73
,,,,,,,,,,,,,,,,119,수원,8.15,29.4,,67
,,,,,,,,,,,,,,,,119,수원,8.16,31.7,,53
,,,,,,,,,,,,,,,,119,수원,8.17,31.4,,57
,,,,,,,,,,,,,,,,119,수원,8.18,31.9,,55
,,,,,,,,,,,,,,,,119,수원,8.19,32.3,,65
,,,,,,,,,,,,,,,,119,수원,8.20,32.4,,58
,,,,,,,,,,,,,,,,119,수원,8.21,32.6,,41
,,,,,,,,,,,,,,,,119,수원,8.22,31.1,,61
,,,,,,,,,,,,,,,,119,수원,8.23,30.9,,67
,,,,,,,,,,,,,,,,119,수원,8.24,31.2,,52
,,,,,,,,,,,,,,,,119,수원,8.25,29.3,,67
,,,,,,,,,,,,,,,,119,수원,8.26,24.6,,58
,,,,,,,,,,,,,,,,119,수원,8.27,27.1,,44
,,,,,,,,,,,,,,,,119,수원,8.28,20.8,0.3,74
,,,,,,,,,,,,,,,,119,수원,8.29,24.3,,51
,,,,,,,,,,,,,,,,119,수원,8.30,22.5,,61
,,,,,,,,,,,,,,,,119,수원,8.31,21.7,,78
,,,,,,,,,,,,,,,,119,수원,9.1,28,,49
,,,,,,,,,,,,,,,,119,수원,9.2,25.3,,66
,,,,,,,,,,,,,,,,119,수원,9.3,27.3,,65
,,,,,,,,,,,,,,,,119,수원,9.4,28.5,,65
,,,,,,,,,,,,,,,,119,수원,9.5,28.2,,59
,,,,,,,,,,,,,,,,119,수원,9.6,25.7,,73
,,,,,,,,,,,,,,,,119,수원,9.7,25.4,,72
,,,,,,,,,,,,,,,,119,수원,9.8,23.8,,74
,,,,,,,,,,,,,,,,119,수원,9.9,24.8,,78
,,,,,,,,,,,,,,,,119,수원,9.10,26.1,,63
,,,,,,,,,,,,,,,,119,수원,9.11,25.7,,62
,,,,,,,,,,,,,,,,119,수원,9.12,26.4,,57
,,,,,,,,,,,,,,,,119,수원,9.13,26.3,,64
,,,,,,,,,,,,,,,,119,수원,9.14,25.5,,68
,,,,,,,,,,,,,,,,119,수원,9.15,25.3,,67
,,,,,,,,,,,,,,,,119,수원,9.16,24.5,,72
,,,,,,,,,,,,,,,,119,수원,9.17,24.3,,63
,,,,,,,,,,,,,,,,119,수원,9.18,23.9,,60
,,,,,,,,,,,,,,,,119,수원,9.19,23.4,0,53
,,,,,,,,,,,,,,,,119,수원,9.20,23.7,,33
,,,,,,,,,,,,,,,,119,수원,9.21,21.9,,48
,,,,,,,,,,,,,,,,119,수원,9.22,23.6,,45
,,,,,,,,,,,,,,,,119,수원,9.23,23.3,,58
,,,,,,,,,,,,,,,,119,수원,9.24,23.6,,62
,,,,,,,,,,,,,,,,119,수원,9.25,24.1,,60
,,,,,,,,,,,,,,,,119,수원,9.26,25.3,,65
,,,,,,,,,,,,,,,,119,수원,9.27,20.1,0.6,100
,,,,,,,,,,,,,,,,119,수원,9.28,21.8,,87
,,,,,,,,,,,,,,,,119,수원,9.29,20.7,,71
,,,,,,,,,,,,,,,,119,수원,9.30,21.5,,77
,,,,,,,,,,,,,,,,119,수원,10.1,21.4,,78
,,,,,,,,,,,,,,,,119,수원,10.2,17.4,0.5,95
,,,,,,,,,,,,,,,,119,수원,10.3,23.4,,78
,,,,,,,,,,,,,,,,119,수원,10.4,25.9,,52
,,,,,,,,,,,,,,,,119,수원,10.5,21.7,,77
,,,,,,,,,,,,,,,,119,수원,10.6,18.8,,60
,,,,,,,,,,,,,,,,119,수원,10.7,19.4,3,83
,,,,,,,,,,,,,,,,119,수원,10.8,17.7,,54
,,,,,,,,,,,,,,,,119,수원,10.9,12.8,,51
,,,,,,,,,,,,,,,,119,수원,10.10,15.9,,48
,,,,,,,,,,,,,,,,119,수원,10.11,17.1,,64
,,,,,,,,,,,,,,,,119,수원,10.12,16,,50
,,,,,,,,,,,,,,,,119,수원,10.13,16.1,,50
,,,,,,,,,,,,,,,,119,수원,10.14,19.2,,61
,,,,,,,,,,,,,,,,119,수원,10.15,20.4,,58
,,,,,,,,,,,,,,,,119,수원,10.16,16.2,0.5,100
,,,,,,,,,,,,,,,,119,수원,10.17,18.2,,80
,,,,,,,,,,,,,,,,119,수원,10.18,17,,83
,,,,,,,,,,,,,,,,119,수원,10.19,18.6,,70
,,,,,,,,,,,,,,,,119,수원,10.20,19.9,,57
,,,,,,,,,,,,,,,,119,수원,10.21,18.2,,61
,,,,,,,,,,,,,,,,119,수원,10.22,18.6,,66
,,,,,,,,,,,,,,,,119,수원,10.23,10.9,1,96
,,,,,,,,,,,,,,,,119,수원,10.24,17.9,,52
,,,,,,,,,,,,,,,,119,수원,10.25,15.5,,83
,,,,,,,,,,,,,,,,119,수원,10.26,15.3,,77
,,,,,,,,,,,,,,,,119,수원,10.27,17.1,,65
,,,,,,,,,,,,,,,,119,수원,10.28,14.8,,55
,,,,,,,,,,,,,,,,119,수원,10.29,9.3,,41
,,,,,,,,,,,,,,,,119,수원,10.30,9.8,,32
,,,,,,,,,,,,,,,,133,대전,4.1,21.8,,24
,,,,,,,,,,,,,,,,133,대전,4.2,21.9,,24
,,,,,,,,,,,,,,,,133,대전,4.3,14.4,0,61
,,,,,,,,,,,,,,,,133,대전,4.4,16.3,,60
,,,,,,,,,,,,,,,,133,대전,4.5,18.6,,21
,,,,,,,,,,,,,,,,133,대전,4.6,20.8,,17
,,,,,,,,,,,,,,,,133,대전,4.7,17.7,,61
,,,,,,,,,,,,,,,,133,대전,4.8,18.8,,55
,,,,,,,,,,,,,,,,133,대전,4.9,21,,48
,,,,,,,,,,,,,,,,133,대전,4.10,20.8,,53
,,,,,,,,,,,,,,,,133,대전,4.11,17.3,,35
,,,,,,,,,,,,,,,,133,대전,4.12,21.2,,27
,,,,,,,,,,,,,,,,133,대전,4.13,18.1,,82
,,,,,,,,,,,,,,,,133,대전,4.14,18.6,,42
,,,,,,,,,,,,,,,,133,대전,4.15,23.6,,20
,,,,,,,,,,,,,,,,133,대전,4.16,14.1,2.4,91
,,,,,,,,,,,,,,,,133,대전,4.17,14.3,,36
,,,,,,,,,,,,,,,,133,대전,4.18,14.2,,68
,,,,,,,,,,,,,,,,133,대전,4.19,18.5,,34
,,,,,,,,,,,,,,,,133,대전,4.20,16,,58
,,,,,,,,,,,,,,,,133,대전,4.21,16.5,,87
,,,,,,,,,,,,,,,,133,대전,4.22,21.3,,69
,,,,,,,,,,,,,,,,133,대전,4.23,19.7,,29
,,,,,,,,,,,,,,,,133,대전,4.24,22.8,,19
,,,,,,,,,,,,,,,,133,대전,4.25,25.1,,31
,,,,,,,,,,,,,,,,133,대전,4.26,26.1,,28
,,,,,,,,,,,,,,,,133,대전,4.27,12.3,2.5,95
,,,,,,,,,,,,,,,,133,대전,4.28,18.5,,58
,,,,,,,,,,,,,,,,133,대전,4.29,19,,35
,,,,,,,,,,,,,,,,133,대전,4.30,22.3,,37
,,,,,,,,,,,,,,,,133,대전,5.1,25.5,,31
,,,,,,,,,,,,,,,,133,대전,5.2,23,0,60
,,,,,,,,,,,,,,,,133,대전,5.3,11.6,0.2,84
,,,,,,,,,,,,,,,,133,대전,5.4,20.4,,27
,,,,,,,,,,,,,,,,133,대전,5.5,25.8,,29
,,,,,,,,,,,,,,,,133,대전,5.6,21.3,,78
,,,,,,,,,,,,,,,,133,대전,5.7,21.4,,33
,,,,,,,,,,,,,,,,133,대전,5.8,24.9,,33
,,,,,,,,,,,,,,,,133,대전,5.9,22.6,,47
,,,,,,,,,,,,,,,,133,대전,5.10,13.8,0.5,95
,,,,,,,,,,,,,,,,133,대전,5.11,21.7,,60
,,,,,,,,,,,,,,,,133,대전,5.12,24,,45
,,,,,,,,,,,,,,,,133,대전,5.13,21.8,,51
,,,,,,,,,,,,,,,,133,대전,5.14,25.4,,49
,,,,,,,,,,,,,,,,133,대전,5.15,24.2,0,67
,,,,,,,,,,,,,,,,133,대전,5.16,21.3,,21
,,,,,,,,,,,,,,,,133,대전,5.17,26,,37
,,,,,,,,,,,,,,,,133,대전,5.18,28,,32
,,,,,,,,,,,,,,,,133,대전,5.19,29.8,,18
,,,,,,,,,,,,,,,,133,대전,5.20,28.1,,23
,,,,,,,,,,,,,,,,133,대전,5.21,27.2,,27
,,,,,,,,,,,,,,,,133,대전,5.22,28.3,,26
,,,,,,,,,,,,,,,,133,대전,5.23,27.6,,37
,,,,,,,,,,,,,,,,133,대전,5.24,18.1,,81
,,,,,,,,,,,,,,,,133,대전,5.25,24.4,,57
,,,,,,,,,,,,,,,,133,대전,5.26,24.7,,62
,,,,,,,,,,,,,,,,133,대전,5.27,25.2,,47
,,,,,,,,,,,,,,,,133,대전,5.28,27,,41
,,,,,,,,,,,,,,,,133,대전,5.29,26.1,,34
,,,,,,,,,,,,,,,,133,대전,5.30,27.8,,50
,,,,,,,,,,,,,,,,133,대전,5.31,25.8,,46
,,,,,,,,,,,,,,,,133,대전,6.1,26.6,,44
,,,,,,,,,,,,,,,,133,대전,6.2,25.8,,53
,,,,,,,,,,,,,,,,133,대전,6.3,26.6,,34
,,,,,,,,,,,,,,,,133,대전,6.4,19.9,0.1,85
,,,,,,,,,,,,,,,,133,대전,6.5,28.8,,35
,,,,,,,,,,,,,,,,133,대전,6.6,21.7,,74
,,,,,,,,,,,,,,,,133,대전,6.7,25.4,,60
,,,,,,,,,,,,,,,,133,대전,6.8,24.9,,63
,,,,,,,,,,,,,,,,133,대전,6.9,29.5,,44
,,,,,,,,,,,,,,,,133,대전,6.10,29.1,,55
,,,,,,,,,,,,,,,,133,대전,6.11,28.6,,61
,,,,,,,,,,,,,,,,133,대전,6.12,26.8,,72
,,,,,,,,,,,,,,,,133,대전,6.13,28.6,,53
,,,,,,,,,,,,,,,,133,대전,6.14,28.3,,56
,,,,,,,,,,,,,,,,133,대전,6.15,22.4,0.8,93
,,,,,,,,,,,,,,,,133,대전,6.16,24.5,,63
,,,,,,,,,,,,,,,,133,대전,6.17,28.2,,46
,,,,,,,,,,,,,,,,133,대전,6.18,29.2,,48
,,,,,,,,,,,,,,,,133,대전,6.19,29.4,,41
,,,,,,,,,,,,,,,,133,대전,6.20,28.4,0,59
,,,,,,,,,,,,,,,,133,대전,6.21,30.1,,57
,,,,,,,,,,,,,,,,133,대전,6.22,24.7,0,87
,,,,,,,,,,,,,,,,133,대전,6.23,29.7,,59
,,,,,,,,,,,,,,,,133,대전,6.24,24.1,,77
,,,,,,,,,,,,,,,,133,대전,6.25,26.6,,52
,,,,,,,,,,,,,,,,133,대전,6.26,27.3,,60
,,,,,,,,,,,,,,,,133,대전,6.27,25.9,0,59
,,,,,,,,,,,,,,,,133,대전,6.28,27.9,,59
,,,,,,,,,,,,,,,,133,대전,6.29,27.7,,66
,,,,,,,,,,,,,,,,133,대전,6.30,28.5,,71
,,,,,,,,,,,,,,,,133,대전,7.1,24.4,0.5,97
,,,,,,,,,,,,,,,,133,대전,7.2,25.4,,81
,,,,,,,,,,,,,,,,133,대전,7.3,22.9,0.4,97
,,,,,,,,,,,,,,,,133,대전,7.4,24.2,0.1,97
,,,,,,,,,,,,,,,,133,대전,7.5,28.7,,80
,,,,,,,,,,,,,,,,133,대전,7.6,24.3,2.2,97
,,,,,,,,,,,,,,,,133,대전,7.7,28.6,,77
,,,,,,,,,,,,,,,,133,대전,7.8,30.9,,63
,,,,,,,,,,,,,,,,133,대전,7.9,30.8,,68
,,,,,,,,,,,,,,,,133,대전,7.10,31,,66
,,,,,,,,,,,,,,,,133,대전,7.11,29.4,,63
,,,,,,,,,,,,,,,,133,대전,7.12,27.9,,76
,,,,,,,,,,,,,,,,133,대전,7.13,29.7,,64
,,,,,,,,,,,,,,,,133,대전,7.14,28.1,,68
,,,,,,,,,,,,,,,,133,대전,7.15,27.3,,66
,,,,,,,,,,,,,,,,133,대전,7.16,24,,87
,,,,,,,,,,,,,,,,133,대전,7.17,24.6,,73
,,,,,,,,,,,,,,,,133,대전,7.18,27.5,,66
,,,,,,,,,,,,,,,,133,대전,7.19,30.2,,67
,,,,,,,,,,,,,,,,133,대전,7.20,29.2,,71
,,,,,,,,,,,,,,,,133,대전,7.21,30,,69
,,,,,,,,,,,,,,,,133,대전,7.22,31.8,,64
,,,,,,,,,,,,,,,,133,대전,7.23,32.1,,67
,,,,,,,,,,,,,,,,133,대전,7.24,32.1,,68
,,,,,,,,,,,,,,,,133,대전,7.25,31.9,,65
,,,,,,,,,,,,,,,,133,대전,7.26,33,,58
,,,,,,,,,,,,,,,,133,대전,7.27,31.2,,67
,,,,,,,,,,,,,,,,133,대전,7.28,30.8,,55
,,,,,,,,,,,,,,,,133,대전,7.29,30.6,0,80
,,,,,,,,,,,,,,,,133,대전,7.30,31.1,,73
,,,,,,,,,,,,,,,,133,대전,7.31,32.7,,65
,,,,,,,,,,,,,,,,133,대전,8.1,30.3,,69
,,,,,,,,,,,,,,,,133,대전,8.2,28.9,,82
,,,,,,,,,,,,,,,,133,대전,8.3,32.4,,59
,,,,,,,,,,,,,,,,133,대전,8.4,33.5,,55
,,,,,,,,,,,,,,,,133,대전,8.5,34,,57
,,,,,,,,,,,,,,,,133,대전,8.6,33.1,,62
,,,,,,,,,,,,,,,,133,대전,8.7,30,0,82
,,,,,,,,,,,,,,,,133,대전,8.8,33.1,,60
,,,,,,,,,,,,,,,,133,대전,8.9,26.8,5.9,92
,,,,,,,,,,,,,,,,133,대전,8.10,32.7,,62
,,,,,,,,,,,,,,,,133,대전,8.11,34.4,,56
,,,,,,,,,,,,,,,,133,대전,8.12,34.6,,56
,,,,,,,,,,,,,,,,133,대전,8.13,34,,54
,,,,,,,,,,,,,,,,133,대전,8.14,31.5,,72
,,,,,,,,,,,,,,,,133,대전,8.15,31.7,,59
,,,,,,,,,,,,,,,,133,대전,8.16,33.9,,48
,,,,,,,,,,,,,,,,133,대전,8.17,33.1,,51
,,,,,,,,,,,,,,,,133,대전,8.18,32.7,,62
,,,,,,,,,,,,,,,,133,대전,8.19,33.2,,55
,,,,,,,,,,,,,,,,133,대전,8.20,34.5,,44
,,,,,,,,,,,,,,,,133,대전,8.21,33.6,,48
,,,,,,,,,,,,,,,,133,대전,8.22,34.4,,49
,,,,,,,,,,,,,,,,133,대전,8.23,30.4,,66
,,,,,,,,,,,,,,,,133,대전,8.24,32.8,,49
,,,,,,,,,,,,,,,,133,대전,8.25,31.2,,55
,,,,,,,,,,,,,,,,133,대전,8.26,19.7,,82
,,,,,,,,,,,,,,,,133,대전,8.27,25,,59
,,,,,,,,,,,,,,,,133,대전,8.28,21.3,,74
,,,,,,,,,,,,,,,,133,대전,8.29,22.4,,64
,,,,,,,,,,,,,,,,133,대전,8.30,19.9,0.2,89
,,,,,,,,,,,,,,,,133,대전,8.31,23.6,,63
,,,,,,,,,,,,,,,,133,대전,9.1,29.8,,43
,,,,,,,,,,,,,,,,133,대전,9.2,22.4,0,87
,,,,,,,,,,,,,,,,133,대전,9.3,28.7,,67
,,,,,,,,,,,,,,,,133,대전,9.4,28,,73
,,,,,,,,,,,,,,,,133,대전,9.5,28.2,,72
,,,,,,,,,,,,,,,,133,대전,9.6,26.2,,73
,,,,,,,,,,,,,,,,133,대전,9.7,25.8,0,64
,,,,,,,,,,,,,,,,133,대전,9.8,23.8,3.3,84
,,,,,,,,,,,,,,,,133,대전,9.9,26.9,,63
,,,,,,,,,,,,,,,,133,대전,9.10,26.7,,69
,,,,,,,,,,,,,,,,133,대전,9.11,25.7,,64
,,,,,,,,,,,,,,,,133,대전,9.12,25.3,,65
,,,,,,,,,,,,,,,,133,대전,9.13,27.4,,61
,,,,,,,,,,,,,,,,133,대전,9.14,27.4,,58
,,,,,,,,,,,,,,,,133,대전,9.15,26.3,,58
,,,,,,,,,,,,,,,,133,대전,9.16,22.4,0.3,93
,,,,,,,,,,,,,,,,133,대전,9.17,20.4,,97
,,,,,,,,,,,,,,,,133,대전,9.18,18.3,,87
,,,,,,,,,,,,,,,,133,대전,9.19,21.5,,67
,,,,,,,,,,,,,,,,133,대전,9.20,22.4,,51
,,,,,,,,,,,,,,,,133,대전,9.21,21.8,,58
,,,,,,,,,,,,,,,,133,대전,9.22,23.2,,62
,,,,,,,,,,,,,,,,133,대전,9.23,23.9,,60
,,,,,,,,,,,,,,,,133,대전,9.24,24.5,,60
,,,,,,,,,,,,,,,,133,대전,9.25,23.5,,75
,,,,,,,,,,,,,,,,133,대전,9.26,24.9,,72
,,,,,,,,,,,,,,,,133,대전,9.27,23.6,,87
,,,,,,,,,,,,,,,,133,대전,9.28,23.6,,80
,,,,,,,,,,,,,,,,133,대전,9.29,19.6,,76
,,,,,,,,,,,,,,,,133,대전,9.30,18.1,0,95
,,,,,,,,,,,,,,,,133,대전,10.1,20.3,0,89
,,,,,,,,,,,,,,,,133,대전,10.2,22.6,,83
,,,,,,,,,,,,,,,,133,대전,10.3,24.7,,85
,,,,,,,,,,,,,,,,133,대전,10.4,24.6,,69
,,,,,,,,,,,,,,,,133,대전,10.5,22.6,,80
,,,,,,,,,,,,,,,,133,대전,10.6,19.9,,60
,,,,,,,,,,,,,,,,133,대전,10.7,18.9,0,81
,,,,,,,,,,,,,,,,133,대전,10.8,17.6,,67
,,,,,,,,,,,,,,,,133,대전,10.9,12.9,,60
,,,,,,,,,,,,,,,,133,대전,10.10,14.8,,69
,,,,,,,,,,,,,,,,133,대전,10.11,17.6,,62
,,,,,,,,,,,,,,,,133,대전,10.12,17,,53
,,,,,,,,,,,,,,,,133,대전,10.13,16.2,,55
,,,,,,,,,,,,,,,,133,대전,10.14,19,,65
,,,,,,,,,,,,,,,,133,대전,10.15,21.6,,53
,,,,,,,,,,,,,,,,133,대전,10.16,16.8,0.1,96
,,,,,,,,,,,,,,,,133,대전,10.17,18.6,,77
,,,,,,,,,,,,,,,,133,대전,10.18,18.4,,83
,,,,,,,,,,,,,,,,133,대전,10.19,20.3,,68
,,,,,,,,,,,,,,,,133,대전,10.20,20.1,,64
,,,,,,,,,,,,,,,,133,대전,10.21,16.6,,75
,,,,,,,,,,,,,,,,133,대전,10.22,19.1,,73
,,,,,,,,,,,,,,,,133,대전,10.23,13.2,0.1,85
,,,,,,,,,,,,,,,,133,대전,10.24,17.7,,62
,,,,,,,,,,,,,,,,133,대전,10.25,16.6,,78
,,,,,,,,,,,,,,,,133,대전,10.26,14.7,,81
,,,,,,,,,,,,,,,,133,대전,10.27,16.6,,74
,,,,,,,,,,,,,,,,133,대전,10.28,13.9,,91
,,,,,,,,,,,,,,,,133,대전,10.29,9.8,,71
,,,,,,,,,,,,,,,,133,대전,10.30,9.8,,45
,,,,,,,,,,,,,,,,143,대구,4.1,20,,27
,,,,,,,,,,,,,,,,143,대구,4.2,21.6,,37
,,,,,,,,,,,,,,,,143,대구,4.3,10.3,2,93
,,,,,,,,,,,,,,,,143,대구,4.4,12.4,,69
,,,,,,,,,,,,,,,,143,대구,4.5,19.7,,16
,,,,,,,,,,,,,,,,143,대구,4.6,18.2,0,32
,,,,,,,,,,,,,,,,143,대구,4.7,17.3,,65
,,,,,,,,,,,,,,,,143,대구,4.8,22.8,,19
,,,,,,,,,,,,,,,,143,대구,4.9,24.8,,20
,,,,,,,,,,,,,,,,143,대구,4.10,13.1,0,64
,,,,,,,,,,,,,,,,143,대구,4.11,12.1,,49
,,,,,,,,,,,,,,,,143,대구,4.12,18.6,,31
,,,,,,,,,,,,,,,,143,대구,4.13,16.5,,87
,,,,,,,,,,,,,,,,143,대구,4.14,21.8,,30
,,,,,,,,,,,,,,,,143,대구,4.15,20.5,,38
,,,,,,,,,,,,,,,,143,대구,4.16,18.2,0,63
,,,,,,,,,,,,,,,,143,대구,4.17,16.9,,32
,,,,,,,,,,,,,,,,143,대구,4.18,19.7,,29
,,,,,,,,,,,,,,,,143,대구,4.19,19.9,,20
,,,,,,,,,,,,,,,,143,대구,4.20,20.3,,31
,,,,,,,,,,,,,,,,143,대구,4.21,16.5,,84
,,,,,,,,,,,,,,,,143,대구,4.22,26.4,,31
,,,,,,,,,,,,,,,,143,대구,4.23,20.8,,17
,,,,,,,,,,,,,,,,143,대구,4.24,18.3,,26
,,,,,,,,,,,,,,,,143,대구,4.25,25.2,,26
,,,,,,,,,,,,,,,,143,대구,4.26,18.2,,55
,,,,,,,,,,,,,,,,143,대구,4.27,9.7,4.5,98
,,,,,,,,,,,,,,,,143,대구,4.28,14.4,,64
,,,,,,,,,,,,,,,,143,대구,4.29,21.5,,37
,,,,,,,,,,,,,,,,143,대구,4.30,25.5,,31
,,,,,,,,,,,,,,,,143,대구,5.1,24.7,,39
,,,,,,,,,,,,,,,,143,대구,5.2,23.2,,55
,,,,,,,,,,,,,,,,143,대구,5.3,15.2,,63
,,,,,,,,,,,,,,,,143,대구,5.4,22.6,,20
,,,,,,,,,,,,,,,,143,대구,5.5,24.1,,32
,,,,,,,,,,,,,,,,143,대구,5.6,22.6,,72
,,,,,,,,,,,,,,,,143,대구,5.7,23.7,,25
,,,,,,,,,,,,,,,,143,대구,5.8,22.1,,37
,,,,,,,,,,,,,,,,143,대구,5.9,23.1,,42
,,,,,,,,,,,,,,,,143,대구,5.10,12.2,1,98
,,,,,,,,,,,,,,,,143,대구,5.11,22.2,,45
,,,,,,,,,,,,,,,,143,대구,5.12,25.1,,33
,,,,,,,,,,,,,,,,143,대구,5.13,18.9,,58
,,,,,,,,,,,,,,,,143,대구,5.14,20.6,,57
,,,,,,,,,,,,,,,,143,대구,5.15,23.6,,69
,,,,,,,,,,,,,,,,143,대구,5.16,21.8,,22
,,,,,,,,,,,,,,,,143,대구,5.17,26.2,,28
,,,,,,,,,,,,,,,,143,대구,5.18,28.6,,29
,,,,,,,,,,,,,,,,143,대구,5.19,26.5,,23
,,,,,,,,,,,,,,,,143,대구,5.20,24.2,,33
,,,,,,,,,,,,,,,,143,대구,5.21,24.1,,34
,,,,,,,,,,,,,,,,143,대구,5.22,24.3,,37
,,,,,,,,,,,,,,,,143,대구,5.23,28.2,,31
,,,,,,,,,,,,,,,,143,대구,5.24,19.5,,88
,,,,,,,,,,,,,,,,143,대구,5.25,27,,45
,,,,,,,,,,,,,,,,143,대구,5.26,26.3,,49
,,,,,,,,,,,,,,,,143,대구,5.27,26.2,,48
,,,,,,,,,,,,,,,,143,대구,5.28,28.4,,30
,,,,,,,,,,,,,,,,143,대구,5.29,27.4,,36
,,,,,,,,,,,,,,,,143,대구,5.30,30.4,,32
,,,,,,,,,,,,,,,,143,대구,5.31,29.9,,32
,,,,,,,,,,,,,,,,143,대구,6.1,22.6,,35
,,,,,,,,,,,,,,,,143,대구,6.2,27.2,,30
,,,,,,,,,,,,,,,,143,대구,6.3,28.4,,27
,,,,,,,,,,,,,,,,143,대구,6.4,20.5,0,79
,,,,,,,,,,,,,,,,143,대구,6.5,22.7,,58
,,,,,,,,,,,,,,,,143,대구,6.6,19.1,,84
,,,,,,,,,,,,,,,,143,대구,6.7,26.8,,56
,,,,,,,,,,,,,,,,143,대구,6.8,23.7,,79
,,,,,,,,,,,,,,,,143,대구,6.9,24.7,,66
,,,,,,,,,,,,,,,,143,대구,6.10,30.1,,35
,,,,,,,,,,,,,,,,143,대구,6.11,28.6,,55
,,,,,,,,,,,,,,,,143,대구,6.12,25.5,,72
,,,,,,,,,,,,,,,,143,대구,6.13,24,0,66
,,,,,,,,,,,,,,,,143,대구,6.14,26.8,,55
,,,,,,,,,,,,,,,,143,대구,6.15,25.1,,63
,,,,,,,,,,,,,,,,143,대구,6.16,26.6,,47
,,,,,,,,,,,,,,,,143,대구,6.17,30.2,,33
,,,,,,,,,,,,,,,,143,대구,6.18,29.5,,32
,,,,,,,,,,,,,,,,143,대구,6.19,31.2,,29
,,,,,,,,,,,,,,,,143,대구,6.20,26.9,0,62
,,,,,,,,,,,,,,,,143,대구,6.21,24.8,,68
,,,,,,,,,,,,,,,,143,대구,6.22,22.6,0.1,83
,,,,,,,,,,,,,,,,143,대구,6.23,30.4,,45
,,,,,,,,,,,,,,,,143,대구,6.24,24.8,,73
,,,,,,,,,,,,,,,,143,대구,6.25,28.1,,32
,,,,,,,,,,,,,,,,143,대구,6.26,29.8,,33
,,,,,,,,,,,,,,,,143,대구,6.27,21.4,0.4,83
,,,,,,,,,,,,,,,,143,대구,6.28,25.3,,52
,,,,,,,,,,,,,,,,143,대구,6.29,26,,63
,,,,,,,,,,,,,,,,143,대구,6.30,29.4,,57
,,,,,,,,,,,,,,,,143,대구,7.1,25.3,1,87
,,,,,,,,,,,,,,,,143,대구,7.2,23.9,1.5,92
,,,,,,,,,,,,,,,,143,대구,7.3,20.4,8.5,94
,,,,,,,,,,,,,,,,143,대구,7.4,22.1,,87
,,,,,,,,,,,,,,,,143,대구,7.5,30.6,,59
,,,,,,,,,,,,,,,,143,대구,7.6,24.1,0,90
,,,,,,,,,,,,,,,,143,대구,7.7,25.1,0,67
,,,,,,,,,,,,,,,,143,대구,7.8,30.7,,51
,,,,,,,,,,,,,,,,143,대구,7.9,31.7,0,54
,,,,,,,,,,,,,,,,143,대구,7.10,32.3,,32
,,,,,,,,,,,,,,,,143,대구,7.11,25.4,2,90
,,,,,,,,,,,,,,,,143,대구,7.12,27.7,,70
,,,,,,,,,,,,,,,,143,대구,7.13,30.5,,53
,,,,,,,,,,,,,,,,143,대구,7.14,25.3,,67
,,,,,,,,,,,,,,,,143,대구,7.15,26.1,,62
,,,,,,,,,,,,,,,,143,대구,7.16,22.1,0,92
,,,,,,,,,,,,,,,,143,대구,7.17,30.1,,48
,,,,,,,,,,,,,,,,143,대구,7.18,28.8,,53
,,,,,,,,,,,,,,,,143,대구,7.19,25.6,,71
,,,,,,,,,,,,,,,,143,대구,7.20,27,,59
,,,,,,,,,,,,,,,,143,대구,7.21,27.6,,57
,,,,,,,,,,,,,,,,143,대구,7.22,29.4,,52
,,,,,,,,,,,,,,,,143,대구,7.23,32.8,,41
,,,,,,,,,,,,,,,,143,대구,7.24,27,3.5,78
,,,,,,,,,,,,,,,,143,대구,7.25,28.1,,77
,,,,,,,,,,,,,,,,143,대구,7.26,33.3,,51
,,,,,,,,,,,,,,,,143,대구,7.27,32.3,,57
,,,,,,,,,,,,,,,,143,대구,7.28,34.6,,38
,,,,,,,,,,,,,,,,143,대구,7.29,34.2,,54
,,,,,,,,,,,,,,,,143,대구,7.30,31.9,,61
,,,,,,,,,,,,,,,,143,대구,7.31,32.6,,60
,,,,,,,,,,,,,,,,143,대구,8.1,29.3,,63
,,,,,,,,,,,,,,,,143,대구,8.2,25.9,0,83
,,,,,,,,,,,,,,,,143,대구,8.3,24.8,0.3,88
,,,,,,,,,,,,,,,,143,대구,8.4,30.3,,62
,,,,,,,,,,,,,,,,143,대구,8.5,33,,46
,,,,,,,,,,,,,,,,143,대구,8.6,33.1,,50
,,,,,,,,,,,,,,,,143,대구,8.7,32.9,,54
,,,,,,,,,,,,,,,,143,대구,8.8,30.2,,62
,,,,,,,,,,,,,,,,143,대구,8.9,29.7,,55
,,,,,,,,,,,,,,,,143,대구,8.10,34.3,,46
,,,,,,,,,,,,,,,,143,대구,8.11,35.9,,39
,,,,,,,,,,,,,,,,143,대구,8.12,36.2,,35
,,,,,,,,,,,,,,,,143,대구,8.13,36,,35
,,,,,,,,,,,,,,,,143,대구,8.14,34.5,,48
,,,,,,,,,,,,,,,,143,대구,8.15,32.1,,60
,,,,,,,,,,,,,,,,143,대구,8.16,31.7,,42
,,,,,,,,,,,,,,,,143,대구,8.17,29.8,,58
,,,,,,,,,,,,,,,,143,대구,8.18,32.6,,48
,,,,,,,,,,,,,,,,143,대구,8.19,31.6,,47
,,,,,,,,,,,,,,,,143,대구,8.20,30.9,,43
,,,,,,,,,,,,,,,,143,대구,8.21,31.8,,43
,,,,,,,,,,,,,,,,143,대구,8.22,30.7,,57
,,,,,,,,,,,,,,,,143,대구,8.23,30.2,,48
,,,,,,,,,,,,,,,,143,대구,8.24,30.6,,45
,,,,,,,,,,,,,,,,143,대구,8.25,35.1,,31
,,,,,,,,,,,,,,,,143,대구,8.26,19.4,0,87
,,,,,,,,,,,,,,,,143,대구,8.27,24.5,,47
,,,,,,,,,,,,,,,,143,대구,8.28,19.7,0.5,92
,,,,,,,,,,,,,,,,143,대구,8.29,24.3,,43
,,,,,,,,,,,,,,,,143,대구,8.30,23.5,,55
,,,,,,,,,,,,,,,,143,대구,8.31,26.7,,32
,,,,,,,,,,,,,,,,143,대구,9.1,28.9,,44
,,,,,,,,,,,,,,,,143,대구,9.2,19.5,3.5,93
,,,,,,,,,,,,,,,,143,대구,9.3,22.7,0,94
,,,,,,,,,,,,,,,,143,대구,9.4,23,0.1,92
,,,,,,,,,,,,,,,,143,대구,9.5,24.8,0.5,90
,,,,,,,,,,,,,,,,143,대구,9.6,26.7,,68
,,,,,,,,,,,,,,,,143,대구,9.7,27.2,,60
,,,,,,,,,,,,,,,,143,대구,9.8,27.3,,52
,,,,,,,,,,,,,,,,143,대구,9.9,26.3,,65
,,,,,,,,,,,,,,,,143,대구,9.10,23.7,,73
,,,,,,,,,,,,,,,,143,대구,9.11,24.8,,69
,,,,,,,,,,,,,,,,143,대구,9.12,21.6,,81
,,,,,,,,,,,,,,,,143,대구,9.13,24.8,,60
,,,,,,,,,,,,,,,,143,대구,9.14,26.3,,57
,,,,,,,,,,,,,,,,143,대구,9.15,26.5,,63
,,,,,,,,,,,,,,,,143,대구,9.16,22.2,0.5,89
,,,,,,,,,,,,,,,,143,대구,9.17,20.6,0,91
,,,,,,,,,,,,,,,,143,대구,9.18,18.7,0,87
,,,,,,,,,,,,,,,,143,대구,9.19,21.3,,53
,,,,,,,,,,,,,,,,143,대구,9.20,21.3,,46
,,,,,,,,,,,,,,,,143,대구,9.21,21.2,,59
,,,,,,,,,,,,,,,,143,대구,9.22,21.3,,73
,,,,,,,,,,,,,,,,143,대구,9.23,23.3,,63
,,,,,,,,,,,,,,,,143,대구,9.24,24.9,,57
,,,,,,,,,,,,,,,,143,대구,9.25,24.3,,72
,,,,,,,,,,,,,,,,143,대구,9.26,24.6,,77
,,,,,,,,,,,,,,,,143,대구,9.27,27.6,,73
,,,,,,,,,,,,,,,,143,대구,9.28,20.8,0.5,90
,,,,,,,,,,,,,,,,143,대구,9.29,19.1,,67
,,,,,,,,,,,,,,,,143,대구,9.30,17.8,0.5,93
,,,,,,,,,,,,,,,,143,대구,10.1,20.8,,86
,,,,,,,,,,,,,,,,143,대구,10.2,25.1,,75
,,,,,,,,,,,,,,,,143,대구,10.3,25.9,,79
,,,,,,,,,,,,,,,,143,대구,10.4,22,,71
,,,,,,,,,,,,,,,,143,대구,10.5,21.7,,76
,,,,,,,,,,,,,,,,143,대구,10.6,22.4,,65
,,,,,,,,,,,,,,,,143,대구,10.7,18.1,0,82
,,,,,,,,,,,,,,,,143,대구,10.8,20.1,,68
,,,,,,,,,,,,,,,,143,대구,10.9,16.6,,50
,,,,,,,,,,,,,,,,143,대구,10.10,16.9,,67
,,,,,,,,,,,,,,,,143,대구,10.11,18.7,,52
,,,,,,,,,,,,,,,,143,대구,10.12,18.5,,58
,,,,,,,,,,,,,,,,143,대구,10.13,17.5,,63
,,,,,,,,,,,,,,,,143,대구,10.14,19.8,,58
,,,,,,,,,,,,,,,,143,대구,10.15,20.6,,60
,,,,,,,,,,,,,,,,143,대구,10.16,14.9,4.5,95
,,,,,,,,,,,,,,,,143,대구,10.17,21.5,,66
,,,,,,,,,,,,,,,,143,대구,10.18,20,,71
,,,,,,,,,,,,,,,,143,대구,10.19,18.9,,76
,,,,,,,,,,,,,,,,143,대구,10.20,19,,74
,,,,,,,,,,,,,,,,143,대구,10.21,16.3,,71
,,,,,,,,,,,,,,,,143,대구,10.22,18.8,,69
,,,,,,,,,,,,,,,,143,대구,10.23,14.5,,62
,,,,,,,,,,,,,,,,143,대구,10.24,16.1,,58
,,,,,,,,,,,,,,,,143,대구,10.25,18.1,,83
,,,,,,,,,,,,,,,,143,대구,10.26,17.4,,62
,,,,,,,,,,,,,,,,143,대구,10.27,16.9,,65
,,,,,,,,,,,,,,,,143,대구,10.28,15.6,,83
,,,,,,,,,,,,,,,,143,대구,10.29,14.1,,71
,,,,,,,,,,,,,,,,143,대구,10.30,10.8,,44
,,,,,,,,,,,,,,,,155,창원,4.1,16.1,,65
,,,,,,,,,,,,,,,,155,창원,4.2,16.7,,70
,,,,,,,,,,,,,,,,155,창원,4.3,13.6,3.7,95
,,,,,,,,,,,,,,,,155,창원,4.4,11.4,,84
,,,,,,,,,,,,,,,,155,창원,4.5,16.2,,48
,,,,,,,,,,,,,,,,155,창원,4.6,14,0,67
,,,,,,,,,,,,,,,,155,창원,4.7,16.3,,74
,,,,,,,,,,,,,,,,155,창원,4.8,19.5,,35
,,,,,,,,,,,,,,,,155,창원,4.9,20,,42
,,,,,,,,,,,,,,,,155,창원,4.10,15.3,,66
,,,,,,,,,,,,,,,,155,창원,4.11,11.1,,61
,,,,,,,,,,,,,,,,155,창원,4.12,13,,63
,,,,,,,,,,,,,,,,155,창원,4.13,14.8,,94
,,,,,,,,,,,,,,,,155,창원,4.14,24.4,,25
,,,,,,,,,,,,,,,,155,창원,4.15,14.2,,58
,,,,,,,,,,,,,,,,155,창원,4.16,14.8,1.9,90
,,,,,,,,,,,,,,,,155,창원,4.17,17,,30
,,,,,,,,,,,,,,,,155,창원,4.18,16.5,,57
,,,,,,,,,,,,,,,,155,창원,4.19,16.2,,32
,,,,,,,,,,,,,,,,155,창원,4.20,16.6,,37
,,,,,,,,,,,,,,,,155,창원,4.21,16.4,,84
,,,,,,,,,,,,,,,,155,창원,4.22,19.1,,67
,,,,,,,,,,,,,,,,155,창원,4.23,16.7,,50
,,,,,,,,,,,,,,,,155,창원,4.24,17.8,,35
,,,,,,,,,,,,,,,,155,창원,4.25,19,,29
,,,,,,,,,,,,,,,,155,창원,4.26,19.8,,58
,,,,,,,,,,,,,,,,155,창원,4.27,11.4,0.6,90
,,,,,,,,,,,,,,,,155,창원,4.28,14.2,,82
,,,,,,,,,,,,,,,,155,창원,4.29,17.2,,53
,,,,,,,,,,,,,,,,155,창원,4.30,19.5,,44
,,,,,,,,,,,,,,,,155,창원,5.1,20.3,,57
,,,,,,,,,,,,,,,,155,창원,5.2,21.3,,74
,,,,,,,,,,,,,,,,155,창원,5.3,15.7,,60
,,,,,,,,,,,,,,,,155,창원,5.4,23.7,,9
,,,,,,,,,,,,,,,,155,창원,5.5,20.4,,19
,,,,,,,,,,,,,,,,155,창원,5.6,17.5,,94
,,,,,,,,,,,,,,,,155,창원,5.7,21.4,,53
,,,,,,,,,,,,,,,,155,창원,5.8,20.1,,32
,,,,,,,,,,,,,,,,155,창원,5.9,19.7,,73
,,,,,,,,,,,,,,,,155,창원,5.10,13.4,0.1,90
,,,,,,,,,,,,,,,,155,창원,5.11,16.7,,75
,,,,,,,,,,,,,,,,155,창원,5.12,21.7,,32
,,,,,,,,,,,,,,,,155,창원,5.13,19,,64
,,,,,,,,,,,,,,,,155,창원,5.14,19.8,,62
,,,,,,,,,,,,,,,,155,창원,5.15,21.6,0,89
,,,,,,,,,,,,,,,,155,창원,5.16,21.6,,29
,,,,,,,,,,,,,,,,155,창원,5.17,21.4,,30
,,,,,,,,,,,,,,,,155,창원,5.18,22.7,,29
,,,,,,,,,,,,,,,,155,창원,5.19,23.4,,53
,,,,,,,,,,,,,,,,155,창원,5.20,22.2,,58
,,,,,,,,,,,,,,,,155,창원,5.21,23.1,,44
,,,,,,,,,,,,,,,,155,창원,5.22,22,,58
,,,,,,,,,,,,,,,,155,창원,5.23,22.9,,63
,,,,,,,,,,,,,,,,155,창원,5.24,20.3,0,93
,,,,,,,,,,,,,,,,155,창원,5.25,23.7,,56
,,,,,,,,,,,,,,,,155,창원,5.26,24.4,,59
,,,,,,,,,,,,,,,,155,창원,5.27,22.8,,51
,,,,,,,,,,,,,,,,155,창원,5.28,23.4,,67
,,,,,,,,,,,,,,,,155,창원,5.29,23.4,,67
,,,,,,,,,,,,,,,,155,창원,5.30,23.2,,61
,,,,,,,,,,,,,,,,155,창원,5.31,26.3,,46
,,,,,,,,,,,,,,,,155,창원,6.1,24,,47
,,,,,,,,,,,,,,,,155,창원,6.2,21.3,,59
,,,,,,,,,,,,,,,,155,창원,6.3,25.2,,50
,,,,,,,,,,,,,,,,155,창원,6.4,17.9,0.1,90
,,,,,,,,,,,,,,,,155,창원,6.5,24.3,,56
,,,,,,,,,,,,,,,,155,창원,6.6,20.1,0,85
,,,,,,,,,,,,,,,,155,창원,6.7,21.8,,81
,,,,,,,,,,,,,,,,155,창원,6.8,22.8,,82
,,,,,,,,,,,,,,,,155,창원,6.9,22.7,,82
,,,,,,,,,,,,,,,,155,창원,6.10,23.3,,75
,,,,,,,,,,,,,,,,155,창원,6.11,26.6,,74
,,,,,,,,,,,,,,,,155,창원,6.12,22.4,,95
,,,,,,,,,,,,,,,,155,창원,6.13,22.5,,82
,,,,,,,,,,,,,,,,155,창원,6.14,22.9,,83
,,,,,,,,,,,,,,,,155,창원,6.15,23.8,0,84
,,,,,,,,,,,,,,,,155,창원,6.16,26.9,,58
,,,,,,,,,,,,,,,,155,창원,6.17,26,,63
,,,,,,,,,,,,,,,,155,창원,6.18,24.2,,73
,,,,,,,,,,,,,,,,155,창원,6.19,26.7,,77
,,,,,,,,,,,,,,,,155,창원,6.20,23.1,0,95
,,,,,,,,,,,,,,,,155,창원,6.21,23.2,,92
,,,,,,,,,,,,,,,,155,창원,6.22,22.3,1,96
,,,,,,,,,,,,,,,,155,창원,6.23,24,,79
,,,,,,,,,,,,,,,,155,창원,6.24,25.7,0,91
,,,,,,,,,,,,,,,,155,창원,6.25,25.5,,67
,,,,,,,,,,,,,,,,155,창원,6.26,27.6,,60
,,,,,,,,,,,,,,,,155,창원,6.27,22.1,0,88
,,,,,,,,,,,,,,,,155,창원,6.28,22.9,,70
,,,,,,,,,,,,,,,,155,창원,6.29,23.7,,78
,,,,,,,,,,,,,,,,155,창원,6.30,25.4,,82
,,,,,,,,,,,,,,,,155,창원,7.1,24.5,4.8,95
,,,,,,,,,,,,,,,,155,창원,7.2,23.2,0.3,97
,,,,,,,,,,,,,,,,155,창원,7.3,21.4,12.1,97
,,,,,,,,,,,,,,,,155,창원,7.4,24.9,0,96
,,,,,,,,,,,,,,,,155,창원,7.5,26.4,0.4,95
,,,,,,,,,,,,,,,,155,창원,7.6,27.4,,90
,,,,,,,,,,,,,,,,155,창원,7.7,28.2,,81
,,,,,,,,,,,,,,,,155,창원,7.8,25.8,,86
,,,,,,,,,,,,,,,,155,창원,7.9,28,,72
,,,,,,,,,,,,,,,,155,창원,7.10,28.9,,79
,,,,,,,,,,,,,,,,155,창원,7.11,25.4,0.1,97
,,,,,,,,,,,,,,,,155,창원,7.12,25.2,,95
,,,,,,,,,,,,,,,,155,창원,7.13,29.6,,79
,,,,,,,,,,,,,,,,155,창원,7.14,27.2,,75
,,,,,,,,,,,,,,,,155,창원,7.15,25.7,,79
,,,,,,,,,,,,,,,,155,창원,7.16,24.5,0,96
,,,,,,,,,,,,,,,,155,창원,7.17,28.1,,76
,,,,,,,,,,,,,,,,155,창원,7.18,27.8,,77
,,,,,,,,,,,,,,,,155,창원,7.19,26.7,,79
,,,,,,,,,,,,,,,,155,창원,7.20,26.7,,73
,,,,,,,,,,,,,,,,155,창원,7.21,25.6,,77
,,,,,,,,,,,,,,,,155,창원,7.22,25.9,,74
,,,,,,,,,,,,,,,,155,창원,7.23,27.8,,75
,,,,,,,,,,,,,,,,155,창원,7.24,29.8,,82
,,,,,,,,,,,,,,,,155,창원,7.25,26.2,0.1,96
,,,,,,,,,,,,,,,,155,창원,7.26,30.7,,78
,,,,,,,,,,,,,,,,155,창원,7.27,30.6,,80
,,,,,,,,,,,,,,,,155,창원,7.28,30.6,,82
,,,,,,,,,,,,,,,,155,창원,7.29,31.1,,80
,,,,,,,,,,,,,,,,155,창원,7.30,31.8,,74
,,,,,,,,,,,,,,,,155,창원,7.31,31.1,,76
,,,,,,,,,,,,,,,,155,창원,8.1,25.1,,96
,,,,,,,,,,,,,,,,155,창원,8.2,23.1,23,96
,,,,,,,,,,,,,,,,155,창원,8.3,28.4,,83
,,,,,,,,,,,,,,,,155,창원,8.4,28.8,,78
,,,,,,,,,,,,,,,,155,창원,8.5,28.6,,80
,,,,,,,,,,,,,,,,155,창원,8.6,30.1,,75
,,,,,,,,,,,,,,,,155,창원,8.7,30.5,,75
,,,,,,,,,,,,,,,,155,창원,8.8,27.2,,85
,,,,,,,,,,,,,,,,155,창원,8.9,28.9,,75
,,,,,,,,,,,,,,,,155,창원,8.10,29.9,,74
,,,,,,,,,,,,,,,,155,창원,8.11,31.6,,78
,,,,,,,,,,,,,,,,155,창원,8.12,33.2,,70
,,,,,,,,,,,,,,,,155,창원,8.13,32.5,,64
,,,,,,,,,,,,,,,,155,창원,8.14,32.9,,66
,,,,,,,,,,,,,,,,155,창원,8.15,30.3,,74
,,,,,,,,,,,,,,,,155,창원,8.16,29.6,,79
,,,,,,,,,,,,,,,,155,창원,8.17,28.8,,78
,,,,,,,,,,,,,,,,155,창원,8.18,29.8,,71
,,,,,,,,,,,,,,,,155,창원,8.19,29.7,,75
,,,,,,,,,,,,,,,,155,창원,8.20,31,,67
,,,,,,,,,,,,,,,,155,창원,8.21,31.7,,63
,,,,,,,,,,,,,,,,155,창원,8.22,29.8,,71
,,,,,,,,,,,,,,,,155,창원,8.23,28.9,,73
,,,,,,,,,,,,,,,,155,창원,8.24,30.1,,62
,,,,,,,,,,,,,,,,155,창원,8.25,30.6,,70
,,,,,,,,,,,,,,,,155,창원,8.26,20.3,0.1,88
,,,,,,,,,,,,,,,,155,창원,8.27,25.2,,52
,,,,,,,,,,,,,,,,155,창원,8.28,19.1,0.5,87
,,,,,,,,,,,,,,,,155,창원,8.29,24.3,0,51
,,,,,,,,,,,,,,,,155,창원,8.30,23.5,,64
,,,,,,,,,,,,,,,,155,창원,8.31,27.4,,40
,,,,,,,,,,,,,,,,155,창원,9.1,26.3,,68
,,,,,,,,,,,,,,,,155,창원,9.2,19.1,13.2,96
,,,,,,,,,,,,,,,,155,창원,9.3,23.6,,93
,,,,,,,,,,,,,,,,155,창원,9.4,25.8,,88
,,,,,,,,,,,,,,,,155,창원,9.5,24.3,0.8,96
,,,,,,,,,,,,,,,,155,창원,9.6,25.4,,91
,,,,,,,,,,,,,,,,155,창원,9.7,24.8,0,93
,,,,,,,,,,,,,,,,155,창원,9.8,24.9,,72
,,,,,,,,,,,,,,,,155,창원,9.9,24.9,,80
,,,,,,,,,,,,,,,,155,창원,9.10,24.7,,84
,,,,,,,,,,,,,,,,155,창원,9.11,24.5,,83
,,,,,,,,,,,,,,,,155,창원,9.12,21.9,,84
,,,,,,,,,,,,,,,,155,창원,9.13,24.8,,78
,,,,,,,,,,,,,,,,155,창원,9.14,23.7,,81
,,,,,,,,,,,,,,,,155,창원,9.15,24.1,,85
,,,,,,,,,,,,,,,,155,창원,9.16,23.9,,83
,,,,,,,,,,,,,,,,155,창원,9.17,20.7,1.3,94
,,,,,,,,,,,,,,,,155,창원,9.18,20.8,,84
,,,,,,,,,,,,,,,,155,창원,9.19,21.8,,66
,,,,,,,,,,,,,,,,155,창원,9.20,21.7,,52
,,,,,,,,,,,,,,,,155,창원,9.21,21.9,,58
,,,,,,,,,,,,,,,,155,창원,9.22,21.9,,75
,,,,,,,,,,,,,,,,155,창원,9.23,22,,75
,,,,,,,,,,,,,,,,155,창원,9.24,22.5,,73
,,,,,,,,,,,,,,,,155,창원,9.25,23.3,,79
,,,,,,,,,,,,,,,,155,창원,9.26,23,0,94
,,,,,,,,,,,,,,,,155,창원,9.27,25.8,,90
,,,,,,,,,,,,,,,,155,창원,9.28,20.4,1.1,96
,,,,,,,,,,,,,,,,155,창원,9.29,18.9,,82
,,,,,,,,,,,,,,,,155,창원,9.30,18.4,,91
,,,,,,,,,,,,,,,,155,창원,10.1,20.8,,93
,,,,,,,,,,,,,,,,155,창원,10.2,23,,92
,,,,,,,,,,,,,,,,155,창원,10.3,25.5,,90
,,,,,,,,,,,,,,,,155,창원,10.4,23.8,,66
,,,,,,,,,,,,,,,,155,창원,10.5,22.5,,83
,,,,,,,,,,,,,,,,155,창원,10.6,21,,82
,,,,,,,,,,,,,,,,155,창원,10.7,19.4,0,82
,,,,,,,,,,,,,,,,155,창원,10.8,18.1,0.1,87
,,,,,,,,,,,,,,,,155,창원,10.9,15,,60
,,,,,,,,,,,,,,,,155,창원,10.10,17.4,,69
,,,,,,,,,,,,,,,,155,창원,10.11,15.9,,70
,,,,,,,,,,,,,,,,155,창원,10.12,17.7,,71
,,,,,,,,,,,,,,,,155,창원,10.13,17.2,,75
,,,,,,,,,,,,,,,,155,창원,10.14,18.1,,75
,,,,,,,,,,,,,,,,155,창원,10.15,20.4,,59
,,,,,,,,,,,,,,,,155,창원,10.16,15.6,1.8,96
,,,,,,,,,,,,,,,,155,창원,10.17,21.2,,81
,,,,,,,,,,,,,,,,155,창원,10.18,18.5,,83
,,,,,,,,,,,,,,,,155,창원,10.19,19.1,,80
,,,,,,,,,,,,,,,,155,창원,10.20,20.4,,69
,,,,,,,,,,,,,,,,155,창원,10.21,16.7,,70
,,,,,,,,,,,,,,,,155,창원,10.22,18.9,,72
,,,,,,,,,,,,,,,,155,창원,10.23,15.4,,65
,,,,,,,,,,,,,,,,155,창원,10.24,15.8,,63
,,,,,,,,,,,,,,,,155,창원,10.25,18.5,,83
,,,,,,,,,,,,,,,,155,창원,10.26,18.3,,56
,,,,,,,,,,,,,,,,155,창원,10.27,17.1,,67
,,,,,,,,,,,,,,,,155,창원,10.28,15,,87
,,,,,,,,,,,,,,,,155,창원,10.29,13.7,,75
,,,,,,,,,,,,,,,,155,창원,10.30,11.2,,42
,,,,,,,,,,,,,,,,156,광주,4.1,20.6,,22
,,,,,,,,,,,,,,,,156,광주,4.2,20.4,,45
,,,,,,,,,,,,,,,,156,광주,4.3,13.5,0.3,98
,,,,,,,,,,,,,,,,156,광주,4.4,15.4,,69
,,,,,,,,,,,,,,,,156,광주,4.5,17.2,,18
,,,,,,,,,,,,,,,,156,광주,4.6,11.5,0.9,72
,,,,,,,,,,,,,,,,156,광주,4.7,16.4,,71
,,,,,,,,,,,,,,,,156,광주,4.8,21.2,,30
,,,,,,,,,,,,,,,,156,광주,4.9,21.7,,28
,,,,,,,,,,,,,,,,156,광주,4.10,22.8,,29
,,,,,,,,,,,,,,,,156,광주,4.11,17,,58
,,,,,,,,,,,,,,,,156,광주,4.12,17.9,,57
,,,,,,,,,,,,,,,,156,광주,4.13,19.7,,84
,,,,,,,,,,,,,,,,156,광주,4.14,20.1,,47
,,,,,,,,,,,,,,,,156,광주,4.15,20.6,,39
,,,,,,,,,,,,,,,,156,광주,4.16,16.9,3.9,91
,,,,,,,,,,,,,,,,156,광주,4.17,14.7,,49
,,,,,,,,,,,,,,,,156,광주,4.18,16.2,,52
,,,,,,,,,,,,,,,,156,광주,4.19,19.2,,41
,,,,,,,,,,,,,,,,156,광주,4.20,18.4,,42
,,,,,,,,,,,,,,,,156,광주,4.21,15.9,,94
,,,,,,,,,,,,,,,,156,광주,4.22,22.2,,52
,,,,,,,,,,,,,,,,156,광주,4.23,20,,48
,,,,,,,,,,,,,,,,156,광주,4.24,21.1,,35
,,,,,,,,,,,,,,,,156,광주,4.25,23.8,,35
,,,,,,,,,,,,,,,,156,광주,4.26,22.3,,60
,,,,,,,,,,,,,,,,156,광주,4.27,12.4,1.7,98
,,,,,,,,,,,,,,,,156,광주,4.28,17.9,,59
,,,,,,,,,,,,,,,,156,광주,4.29,19.9,,31
,,,,,,,,,,,,,,,,156,광주,4.30,21.9,,43
,,,,,,,,,,,,,,,,156,광주,5.1,23,,47
,,,,,,,,,,,,,,,,156,광주,5.2,18.2,1.8,94
,,,,,,,,,,,,,,,,156,광주,5.3,13.9,,67
,,,,,,,,,,,,,,,,156,광주,5.4,20.8,,44
,,,,,,,,,,,,,,,,156,광주,5.5,21,0,43
,,,,,,,,,,,,,,,,156,광주,5.6,22.5,,81
,,,,,,,,,,,,,,,,156,광주,5.7,19.9,,19
,,,,,,,,,,,,,,,,156,광주,5.8,21.5,,39
,,,,,,,,,,,,,,,,156,광주,5.9,16.7,0,84
,,,,,,,,,,,,,,,,156,광주,5.10,14.2,0.9,99
,,,,,,,,,,,,,,,,156,광주,5.11,21.8,,59
,,,,,,,,,,,,,,,,156,광주,5.12,24,,48
,,,,,,,,,,,,,,,,156,광주,5.13,22.1,,53
,,,,,,,,,,,,,,,,156,광주,5.14,23,,45
,,,,,,,,,,,,,,,,156,광주,5.15,23.2,,79
,,,,,,,,,,,,,,,,156,광주,5.16,20.3,,29
,,,,,,,,,,,,,,,,156,광주,5.17,26.5,,29
,,,,,,,,,,,,,,,,156,광주,5.18,28.2,,37
,,,,,,,,,,,,,,,,156,광주,5.19,27,,23
,,,,,,,,,,,,,,,,156,광주,5.20,27.4,,39
,,,,,,,,,,,,,,,,156,광주,5.21,27.6,,28
,,,,,,,,,,,,,,,,156,광주,5.22,28.2,,30
,,,,,,,,,,,,,,,,156,광주,5.23,26.2,,37
,,,,,,,,,,,,,,,,156,광주,5.24,19.7,,69
,,,,,,,,,,,,,,,,156,광주,5.25,25.9,,43
,,,,,,,,,,,,,,,,156,광주,5.26,24.2,,57
,,,,,,,,,,,,,,,,156,광주,5.27,25.1,,53
,,,,,,,,,,,,,,,,156,광주,5.28,26.4,,42
,,,,,,,,,,,,,,,,156,광주,5.29,24.1,,55
,,,,,,,,,,,,,,,,156,광주,5.30,27.1,,49
,,,,,,,,,,,,,,,,156,광주,5.31,24.3,,41
,,,,,,,,,,,,,,,,156,광주,6.1,24.8,,61
,,,,,,,,,,,,,,,,156,광주,6.2,24.7,,59
,,,,,,,,,,,,,,,,156,광주,6.3,25.6,,50
,,,,,,,,,,,,,,,,156,광주,6.4,17.1,0,95
,,,,,,,,,,,,,,,,156,광주,6.5,24.4,,63
,,,,,,,,,,,,,,,,156,광주,6.6,20.6,0,86
,,,,,,,,,,,,,,,,156,광주,6.7,24.3,,66
,,,,,,,,,,,,,,,,156,광주,6.8,25,,65
,,,,,,,,,,,,,,,,156,광주,6.9,25.7,0,73
,,,,,,,,,,,,,,,,156,광주,6.10,26.8,,60
,,,,,,,,,,,,,,,,156,광주,6.11,26.5,,75
,,,,,,,,,,,,,,,,156,광주,6.12,26.2,,77
,,,,,,,,,,,,,,,,156,광주,6.13,26.9,,62
,,,,,,,,,,,,,,,,156,광주,6.14,26.1,,53
,,,,,,,,,,,,,,,,156,광주,6.15,22.4,0.2,92
,,,,,,,,,,,,,,,,156,광주,6.16,23,,65
,,,,,,,,,,,,,,,,156,광주,6.17,29,,45
,,,,,,,,,,,,,,,,156,광주,6.18,25.7,,65
,,,,,,,,,,,,,,,,156,광주,6.19,29.6,,49
,,,,,,,,,,,,,,,,156,광주,6.20,22.8,1.9,99
,,,,,,,,,,,,,,,,156,광주,6.21,27.5,,78
,,,,,,,,,,,,,,,,156,광주,6.22,22.2,0.1,99
,,,,,,,,,,,,,,,,156,광주,6.23,28,,72
,,,,,,,,,,,,,,,,156,광주,6.24,23.7,,77
,,,,,,,,,,,,,,,,156,광주,6.25,25.6,,56
,,,,,,,,,,,,,,,,156,광주,6.26,27.7,,50
,,,,,,,,,,,,,,,,156,광주,6.27,22.2,0,76
,,,,,,,,,,,,,,,,156,광주,6.28,24.6,,69
,,,,,,,,,,,,,,,,156,광주,6.29,23.8,,86
,,,,,,,,,,,,,,,,156,광주,6.30,25.4,,86
,,,,,,,,,,,,,,,,156,광주,7.1,23.5,23.4,99
,,,,,,,,,,,,,,,,156,광주,7.2,22.8,0.7,99
,,,,,,,,,,,,,,,,156,광주,7.3,21,2.2,99
,,,,,,,,,,,,,,,,156,광주,7.4,27.3,0,97
,,,,,,,,,,,,,,,,156,광주,7.5,27,2.7,98
,,,,,,,,,,,,,,,,156,광주,7.6,27.7,,94
,,,,,,,,,,,,,,,,156,광주,7.7,29,,85
,,,,,,,,,,,,,,,,156,광주,7.8,29.2,,78
,,,,,,,,,,,,,,,,156,광주,7.9,30.3,,74
,,,,,,,,,,,,,,,,156,광주,7.10,28.8,,84
,,,,,,,,,,,,,,,,156,광주,7.11,27.1,,88
,,,,,,,,,,,,,,,,156,광주,7.12,25.9,,89
,,,,,,,,,,,,,,,,156,광주,7.13,29.2,,77
,,,,,,,,,,,,,,,,156,광주,7.14,27.9,,61
,,,,,,,,,,,,,,,,156,광주,7.15,27,,68
,,,,,,,,,,,,,,,,156,광주,7.16,24.3,,90
,,,,,,,,,,,,,,,,156,광주,7.17,27.3,,73
,,,,,,,,,,,,,,,,156,광주,7.18,29.2,,62
,,,,,,,,,,,,,,,,156,광주,7.19,29.8,,62
,,,,,,,,,,,,,,,,156,광주,7.20,30.3,,58
,,,,,,,,,,,,,,,,156,광주,7.21,30.8,,61
,,,,,,,,,,,,,,,,156,광주,7.22,30.1,,70
,,,,,,,,,,,,,,,,156,광주,7.23,31.6,,64
,,,,,,,,,,,,,,,,156,광주,7.24,32.1,,69
,,,,,,,,,,,,,,,,156,광주,7.25,31.7,,66
,,,,,,,,,,,,,,,,156,광주,7.26,32.1,,66
,,,,,,,,,,,,,,,,156,광주,7.27,30.2,,72
,,,,,,,,,,,,,,,,156,광주,7.28,32.1,,64
,,,,,,,,,,,,,,,,156,광주,7.29,32.5,,67
,,,,,,,,,,,,,,,,156,광주,7.30,33,,63
,,,,,,,,,,,,,,,,156,광주,7.31,32.5,,60
,,,,,,,,,,,,,,,,156,광주,8.1,32.9,,59
,,,,,,,,,,,,,,,,156,광주,8.2,28.6,,89
,,,,,,,,,,,,,,,,156,광주,8.3,25.5,5.4,99
,,,,,,,,,,,,,,,,156,광주,8.4,31.1,0,69
,,,,,,,,,,,,,,,,156,광주,8.5,32.7,,69
,,,,,,,,,,,,,,,,156,광주,8.6,32,0.1,75
,,,,,,,,,,,,,,,,156,광주,8.7,26.4,1,97
,,,,,,,,,,,,,,,,156,광주,8.8,27.2,3.1,98
,,,,,,,,,,,,,,,,156,광주,8.9,28.4,,92
,,,,,,,,,,,,,,,,156,광주,8.10,32.9,,73
,,,,,,,,,,,,,,,,156,광주,8.11,35.5,,49
,,,,,,,,,,,,,,,,156,광주,8.12,33.3,,58
,,,,,,,,,,,,,,,,156,광주,8.13,33.4,,61
,,,,,,,,,,,,,,,,156,광주,8.14,31.5,,72
,,,,,,,,,,,,,,,,156,광주,8.15,31.3,,68
,,,,,,,,,,,,,,,,156,광주,8.16,31.5,,66
,,,,,,,,,,,,,,,,156,광주,8.17,32,,70
,,,,,,,,,,,,,,,,156,광주,8.18,32.8,,56
,,,,,,,,,,,,,,,,156,광주,8.19,32,,55
,,,,,,,,,,,,,,,,156,광주,8.20,32.3,,61
,,,,,,,,,,,,,,,,156,광주,8.21,32.6,,58
,,,,,,,,,,,,,,,,156,광주,8.22,32.3,,58
,,,,,,,,,,,,,,,,156,광주,8.23,26.9,1.6,97
,,,,,,,,,,,,,,,,156,광주,8.24,33.6,,42
,,,,,,,,,,,,,,,,156,광주,8.25,31,,64
,,,,,,,,,,,,,,,,156,광주,8.26,23.3,9.4,99
,,,,,,,,,,,,,,,,156,광주,8.27,23.9,0,71
,,,,,,,,,,,,,,,,156,광주,8.28,23.2,,69
,,,,,,,,,,,,,,,,156,광주,8.29,24.6,,51
,,,,,,,,,,,,,,,,156,광주,8.30,22.7,0,75
,,,,,,,,,,,,,,,,156,광주,8.31,26.5,,69
,,,,,,,,,,,,,,,,156,광주,9.1,28.4,,62
,,,,,,,,,,,,,,,,156,광주,9.2,23.2,,90
,,,,,,,,,,,,,,,,156,광주,9.3,29.3,,61
,,,,,,,,,,,,,,,,156,광주,9.4,29.4,,72
,,,,,,,,,,,,,,,,156,광주,9.5,28.7,,61
,,,,,,,,,,,,,,,,156,광주,9.6,26,,70
,,,,,,,,,,,,,,,,156,광주,9.7,24.9,,89
,,,,,,,,,,,,,,,,156,광주,9.8,27.4,,54
,,,,,,,,,,,,,,,,156,광주,9.9,25.9,,62
,,,,,,,,,,,,,,,,156,광주,9.10,25,1.8,75
,,,,,,,,,,,,,,,,156,광주,9.11,25.2,,81
,,,,,,,,,,,,,,,,156,광주,9.12,26.3,,63
,,,,,,,,,,,,,,,,156,광주,9.13,27.6,,71
,,,,,,,,,,,,,,,,156,광주,9.14,25.2,,78
,,,,,,,,,,,,,,,,156,광주,9.15,26.8,,67
,,,,,,,,,,,,,,,,156,광주,9.16,21.8,0.3,99
,,,,,,,,,,,,,,,,156,광주,9.17,21.1,3.8,99
,,,,,,,,,,,,,,,,156,광주,9.18,19.8,1.5,99
,,,,,,,,,,,,,,,,156,광주,9.19,22.8,,65
,,,,,,,,,,,,,,,,156,광주,9.20,24.3,,43
,,,,,,,,,,,,,,,,156,광주,9.21,22.4,,50
,,,,,,,,,,,,,,,,156,광주,9.22,23.7,,54
,,,,,,,,,,,,,,,,156,광주,9.23,23.6,,62
,,,,,,,,,,,,,,,,156,광주,9.24,25.6,,60
,,,,,,,,,,,,,,,,156,광주,9.25,25.4,,67
,,,,,,,,,,,,,,,,156,광주,9.26,25.2,0,89
,,,,,,,,,,,,,,,,156,광주,9.27,27.4,,81
,,,,,,,,,,,,,,,,156,광주,9.28,21.3,0.8,99
,,,,,,,,,,,,,,,,156,광주,9.29,21.5,,89
,,,,,,,,,,,,,,,,156,광주,9.30,19,1,99
,,,,,,,,,,,,,,,,156,광주,10.1,21.3,1,99
,,,,,,,,,,,,,,,,156,광주,10.2,24.7,,91
,,,,,,,,,,,,,,,,156,광주,10.3,24.7,,94
,,,,,,,,,,,,,,,,156,광주,10.4,25.8,,77
,,,,,,,,,,,,,,,,156,광주,10.5,22.8,,85
,,,,,,,,,,,,,,,,156,광주,10.6,21.5,,58
,,,,,,,,,,,,,,,,156,광주,10.7,17.5,5.9,99
,,,,,,,,,,,,,,,,156,광주,10.8,18.9,,69
,,,,,,,,,,,,,,,,156,광주,10.9,14.8,,46
,,,,,,,,,,,,,,,,156,광주,10.10,16.7,,62
,,,,,,,,,,,,,,,,156,광주,10.11,17.9,,58
,,,,,,,,,,,,,,,,156,광주,10.12,17.9,,46
,,,,,,,,,,,,,,,,156,광주,10.13,17.4,,63
,,,,,,,,,,,,,,,,156,광주,10.14,22.2,,43
,,,,,,,,,,,,,,,,156,광주,10.15,21.8,,56
,,,,,,,,,,,,,,,,156,광주,10.16,16,5.7,99
,,,,,,,,,,,,,,,,156,광주,10.17,20.2,,81
,,,,,,,,,,,,,,,,156,광주,10.18,20,,73
,,,,,,,,,,,,,,,,156,광주,10.19,20.5,,79
,,,,,,,,,,,,,,,,156,광주,10.20,20.1,,76
,,,,,,,,,,,,,,,,156,광주,10.21,17.7,0,76
,,,,,,,,,,,,,,,,156,광주,10.22,20,,70
,,,,,,,,,,,,,,,,156,광주,10.23,16.9,,75
,,,,,,,,,,,,,,,,156,광주,10.24,18.2,,65
,,,,,,,,,,,,,,,,156,광주,10.25,17.3,,78
,,,,,,,,,,,,,,,,156,광주,10.26,16.4,0,71
,,,,,,,,,,,,,,,,156,광주,10.27,17.3,,78
,,,,,,,,,,,,,,,,156,광주,10.28,14.9,,80
,,,,,,,,,,,,,,,,156,광주,10.29,10.9,,61
,,,,,,,,,,,,,,,,156,광주,10.30,11.8,,38
,,,,,,,,,,,,,,,,159,부산,4.1,17.7,,47
,,,,,,,,,,,,,,,,159,부산,4.2,15.9,,79
,,,,,,,,,,,,,,,,159,부산,4.3,13.2,,89
,,,,,,,,,,,,,,,,159,부산,4.4,12.6,,74
,,,,,,,,,,,,,,,,159,부산,4.5,15.5,,59
,,,,,,,,,,,,,,,,159,부산,4.6,15.5,0,60
,,,,,,,,,,,,,,,,159,부산,4.7,13.8,,88
,,,,,,,,,,,,,,,,159,부산,4.8,18.8,,34
,,,,,,,,,,,,,,,,159,부산,4.9,18.5,,47
,,,,,,,,,,,,,,,,159,부산,4.10,14.2,,71
,,,,,,,,,,,,,,,,159,부산,4.11,10.9,,58
,,,,,,,,,,,,,,,,159,부산,4.12,14,,61
,,,,,,,,,,,,,,,,159,부산,4.13,14.6,0.3,98
,,,,,,,,,,,,,,,,159,부산,4.14,18.4,,73
,,,,,,,,,,,,,,,,159,부산,4.15,14.8,,63
,,,,,,,,,,,,,,,,159,부산,4.16,16.3,0.2,86
,,,,,,,,,,,,,,,,159,부산,4.17,18.1,,34
,,,,,,,,,,,,,,,,159,부산,4.18,16,,56
,,,,,,,,,,,,,,,,159,부산,4.19,15.1,,60
,,,,,,,,,,,,,,,,159,부산,4.20,16.1,,55
,,,,,,,,,,,,,,,,159,부산,4.21,17.7,,85
,,,,,,,,,,,,,,,,159,부산,4.22,16.9,,81
,,,,,,,,,,,,,,,,159,부산,4.23,17,,47
,,,,,,,,,,,,,,,,159,부산,4.24,17.1,,44
,,,,,,,,,,,,,,,,159,부산,4.25,19,,30
,,,,,,,,,,,,,,,,159,부산,4.26,18.6,,56
,,,,,,,,,,,,,,,,159,부산,4.27,11.5,0.8,94
,,,,,,,,,,,,,,,,159,부산,4.28,14.5,,75
,,,,,,,,,,,,,,,,159,부산,4.29,16.4,,51
,,,,,,,,,,,,,,,,159,부산,4.30,18,,64
,,,,,,,,,,,,,,,,159,부산,5.1,19.8,,69
,,,,,,,,,,,,,,,,159,부산,5.2,20.6,,75
,,,,,,,,,,,,,,,,159,부산,5.3,16.6,,61
,,,,,,,,,,,,,,,,159,부산,5.4,23.8,,17
,,,,,,,,,,,,,,,,159,부산,5.5,19.6,,34
,,,,,,,,,,,,,,,,159,부산,5.6,17,,98
,,,,,,,,,,,,,,,,159,부산,5.7,22.1,,45
,,,,,,,,,,,,,,,,159,부산,5.8,19.4,,39
,,,,,,,,,,,,,,,,159,부산,5.9,19.1,,70
,,,,,,,,,,,,,,,,159,부산,5.10,13.3,0.1,91
,,,,,,,,,,,,,,,,159,부산,5.11,16.3,,75
,,,,,,,,,,,,,,,,159,부산,5.12,20.5,,44
,,,,,,,,,,,,,,,,159,부산,5.13,18,,59
,,,,,,,,,,,,,,,,159,부산,5.14,18.1,,60
,,,,,,,,,,,,,,,,159,부산,5.15,20.3,0,94
,,,,,,,,,,,,,,,,159,부산,5.16,17.1,,76
,,,,,,,,,,,,,,,,159,부산,5.17,20.1,,50
,,,,,,,,,,,,,,,,159,부산,5.18,21.4,,50
,,,,,,,,,,,,,,,,159,부산,5.19,24.5,,35
,,,,,,,,,,,,,,,,159,부산,5.20,22.3,,59
,,,,,,,,,,,,,,,,159,부산,5.21,22.2,,47
,,,,,,,,,,,,,,,,159,부산,5.22,22.7,,33
,,,,,,,,,,,,,,,,159,부산,5.23,20,,84
,,,,,,,,,,,,,,,,159,부산,5.24,19,0.3,99
,,,,,,,,,,,,,,,,159,부산,5.25,21.3,,64
,,,,,,,,,,,,,,,,159,부산,5.26,22.1,,67
,,,,,,,,,,,,,,,,159,부산,5.27,22,,53
,,,,,,,,,,,,,,,,159,부산,5.28,23.4,,56
,,,,,,,,,,,,,,,,159,부산,5.29,21.1,,69
,,,,,,,,,,,,,,,,159,부산,5.30,22.8,,63
,,,,,,,,,,,,,,,,159,부산,5.31,23.6,,65
,,,,,,,,,,,,,,,,159,부산,6.1,20.9,,50
,,,,,,,,,,,,,,,,159,부산,6.2,20.8,,63
,,,,,,,,,,,,,,,,159,부산,6.3,22.4,,52
,,,,,,,,,,,,,,,,159,부산,6.4,19,1,90
,,,,,,,,,,,,,,,,159,부산,6.5,21.8,,67
,,,,,,,,,,,,,,,,159,부산,6.6,19.7,,85
,,,,,,,,,,,,,,,,159,부산,6.7,22.2,,80
,,,,,,,,,,,,,,,,159,부산,6.8,21.3,,85
,,,,,,,,,,,,,,,,159,부산,6.9,22.8,,77
,,,,,,,,,,,,,,,,159,부산,6.10,22.4,,82
,,,,,,,,,,,,,,,,159,부산,6.11,24.6,,77
,,,,,,,,,,,,,,,,159,부산,6.12,21.4,0.1,98
,,,,,,,,,,,,,,,,159,부산,6.13,22.2,,80
,,,,,,,,,,,,,,,,159,부산,6.14,22.3,,83
,,,,,,,,,,,,,,,,159,부산,6.15,23.1,,84
,,,,,,,,,,,,,,,,159,부산,6.16,24.8,,71
,,,,,,,,,,,,,,,,159,부산,6.17,23.6,,67
,,,,,,,,,,,,,,,,159,부산,6.18,22.7,,80
,,,,,,,,,,,,,,,,159,부산,6.19,24.7,,79
,,,,,,,,,,,,,,,,159,부산,6.20,22.8,0.3,93
,,,,,,,,,,,,,,,,159,부산,6.21,23.7,,79
,,,,,,,,,,,,,,,,159,부산,6.22,21.8,1.5,97
,,,,,,,,,,,,,,,,159,부산,6.23,24.4,,80
,,,,,,,,,,,,,,,,159,부산,6.24,24,0.1,94
,,,,,,,,,,,,,,,,159,부산,6.25,24.2,,64
,,,,,,,,,,,,,,,,159,부산,6.26,23.7,,75
,,,,,,,,,,,,,,,,159,부산,6.27,20.9,0.1,94
,,,,,,,,,,,,,,,,159,부산,6.28,22.9,,68
,,,,,,,,,,,,,,,,159,부산,6.29,22.9,,77
,,,,,,,,,,,,,,,,159,부산,6.30,24,,83
,,,,,,,,,,,,,,,,159,부산,7.1,23.5,5.8,98
,,,,,,,,,,,,,,,,159,부산,7.2,23.2,0.4,99
,,,,,,,,,,,,,,,,159,부산,7.3,21.5,7,98
,,,,,,,,,,,,,,,,159,부산,7.4,21.2,0,99
,,,,,,,,,,,,,,,,159,부산,7.5,25.3,0,97
,,,,,,,,,,,,,,,,159,부산,7.6,25.1,,93
,,,,,,,,,,,,,,,,159,부산,7.7,25.6,,85
,,,,,,,,,,,,,,,,159,부산,7.8,25,,85
,,,,,,,,,,,,,,,,159,부산,7.9,27.4,,67
,,,,,,,,,,,,,,,,159,부산,7.10,26.1,,81
,,,,,,,,,,,,,,,,159,부산,7.11,24.9,0,97
,,,,,,,,,,,,,,,,159,부산,7.12,24.9,,93
,,,,,,,,,,,,,,,,159,부산,7.13,26.6,,81
,,,,,,,,,,,,,,,,159,부산,7.14,25.6,,74
,,,,,,,,,,,,,,,,159,부산,7.15,24.9,,75
,,,,,,,,,,,,,,,,159,부산,7.16,24.1,0,97
,,,,,,,,,,,,,,,,159,부산,7.17,27.3,,72
,,,,,,,,,,,,,,,,159,부산,7.18,24.5,,90
,,,,,,,,,,,,,,,,159,부산,7.19,25.9,,75
,,,,,,,,,,,,,,,,159,부산,7.20,25.6,,69
,,,,,,,,,,,,,,,,159,부산,7.21,24.9,,73
,,,,,,,,,,,,,,,,159,부산,7.22,25.7,,74
,,,,,,,,,,,,,,,,159,부산,7.23,26.2,,78
,,,,,,,,,,,,,,,,159,부산,7.24,27.9,,88
,,,,,,,,,,,,,,,,159,부산,7.25,26.5,0.8,95
,,,,,,,,,,,,,,,,159,부산,7.26,28.9,,82
,,,,,,,,,,,,,,,,159,부산,7.27,29.1,,80
,,,,,,,,,,,,,,,,159,부산,7.28,28.3,,83
,,,,,,,,,,,,,,,,159,부산,7.29,29.1,,82
,,,,,,,,,,,,,,,,159,부산,7.30,29,,83
,,,,,,,,,,,,,,,,159,부산,7.31,29.5,,74
,,,,,,,,,,,,,,,,159,부산,8.1,25.2,4.7,90
,,,,,,,,,,,,,,,,159,부산,8.2,26.1,,75
,,,,,,,,,,,,,,,,159,부산,8.3,28.4,,80
,,,,,,,,,,,,,,,,159,부산,8.4,29.2,,71
,,,,,,,,,,,,,,,,159,부산,8.5,29,,76
,,,,,,,,,,,,,,,,159,부산,8.6,30.2,,78
,,,,,,,,,,,,,,,,159,부산,8.7,30.8,,67
,,,,,,,,,,,,,,,,159,부산,8.8,29.8,,75
,,,,,,,,,,,,,,,,159,부산,8.9,28.5,,71
,,,,,,,,,,,,,,,,159,부산,8.10,30.6,,67
,,,,,,,,,,,,,,,,159,부산,8.11,32,,69
,,,,,,,,,,,,,,,,159,부산,8.12,31.4,,77
,,,,,,,,,,,,,,,,159,부산,8.13,32.5,,60
,,,,,,,,,,,,,,,,159,부산,8.14,32.8,,64
,,,,,,,,,,,,,,,,159,부산,8.15,25.3,33.9,97
,,,,,,,,,,,,,,,,159,부산,8.16,29.4,,70
,,,,,,,,,,,,,,,,159,부산,8.17,29.4,,70
,,,,,,,,,,,,,,,,159,부산,8.18,29.5,,69
,,,,,,,,,,,,,,,,159,부산,8.19,29.6,,62
,,,,,,,,,,,,,,,,159,부산,8.20,29.6,,64
,,,,,,,,,,,,,,,,159,부산,8.21,30.2,,68
,,,,,,,,,,,,,,,,159,부산,8.22,29,,69
,,,,,,,,,,,,,,,,159,부산,8.23,28.4,,60
,,,,,,,,,,,,,,,,159,부산,8.24,28.8,,58
,,,,,,,,,,,,,,,,159,부산,8.25,30.1,,73
,,,,,,,,,,,,,,,,159,부산,8.26,21.4,0,82
,,,,,,,,,,,,,,,,159,부산,8.27,24.1,,55
,,,,,,,,,,,,,,,,159,부산,8.28,19.3,3.3,93
,,,,,,,,,,,,,,,,159,부산,8.29,23.4,,56
,,,,,,,,,,,,,,,,159,부산,8.30,24,,55
,,,,,,,,,,,,,,,,159,부산,8.31,27.8,,39
,,,,,,,,,,,,,,,,159,부산,9.1,25.8,,82
,,,,,,,,,,,,,,,,159,부산,9.2,19.8,10.4,98
,,,,,,,,,,,,,,,,159,부산,9.3,25.9,,80
,,,,,,,,,,,,,,,,159,부산,9.4,26.4,,82
,,,,,,,,,,,,,,,,159,부산,9.5,25.1,,86
,,,,,,,,,,,,,,,,159,부산,9.6,25.7,,76
,,,,,,,,,,,,,,,,159,부산,9.7,25.6,0,79
,,,,,,,,,,,,,,,,159,부산,9.8,24.6,,69
,,,,,,,,,,,,,,,,159,부산,9.9,25,,79
,,,,,,,,,,,,,,,,159,부산,9.10,24.7,,79
,,,,,,,,,,,,,,,,159,부산,9.11,24.6,,74
,,,,,,,,,,,,,,,,159,부산,9.12,21.3,,89
,,,,,,,,,,,,,,,,159,부산,9.13,23.9,,72
,,,,,,,,,,,,,,,,159,부산,9.14,24,,76
,,,,,,,,,,,,,,,,159,부산,9.15,24.2,,79
,,,,,,,,,,,,,,,,159,부산,9.16,24.1,,86
,,,,,,,,,,,,,,,,159,부산,9.17,21.3,6,97
,,,,,,,,,,,,,,,,159,부산,9.18,21.2,0,79
,,,,,,,,,,,,,,,,159,부산,9.19,20.4,0,79
,,,,,,,,,,,,,,,,159,부산,9.20,21.3,,51
,,,,,,,,,,,,,,,,159,부산,9.21,21.4,,61
,,,,,,,,,,,,,,,,159,부산,9.22,21.7,,73
,,,,,,,,,,,,,,,,159,부산,9.23,22,,74
,,,,,,,,,,,,,,,,159,부산,9.24,22.8,,67
,,,,,,,,,,,,,,,,159,부산,9.25,23.4,,74
,,,,,,,,,,,,,,,,159,부산,9.26,24.5,0,78
,,,,,,,,,,,,,,,,159,부산,9.27,26,,80
,,,,,,,,,,,,,,,,159,부산,9.28,21.9,1.4,98
,,,,,,,,,,,,,,,,159,부산,9.29,18.8,,80
,,,,,,,,,,,,,,,,159,부산,9.30,17.9,,96
,,,,,,,,,,,,,,,,159,부산,10.1,20.8,,89
,,,,,,,,,,,,,,,,159,부산,10.2,23.2,0,86
,,,,,,,,,,,,,,,,159,부산,10.3,25.8,,80
,,,,,,,,,,,,,,,,159,부산,10.4,22.7,,73
,,,,,,,,,,,,,,,,159,부산,10.5,23.3,,73
,,,,,,,,,,,,,,,,159,부산,10.6,22.1,,74
,,,,,,,,,,,,,,,,159,부산,10.7,19.9,,76
,,,,,,,,,,,,,,,,159,부산,10.8,19.5,0.3,96
,,,,,,,,,,,,,,,,159,부산,10.9,16.1,,59
,,,,,,,,,,,,,,,,159,부산,10.10,17.3,,66
,,,,,,,,,,,,,,,,159,부산,10.11,17.3,,71
,,,,,,,,,,,,,,,,159,부산,10.12,19.2,,52
,,,,,,,,,,,,,,,,159,부산,10.13,18.9,,66
,,,,,,,,,,,,,,,,159,부산,10.14,19.3,,58
,,,,,,,,,,,,,,,,159,부산,10.15,19.6,,63
,,,,,,,,,,,,,,,,159,부산,10.16,17.6,6.5,98
,,,,,,,,,,,,,,,,159,부산,10.17,21.2,,78
,,,,,,,,,,,,,,,,159,부산,10.18,20.6,,75
,,,,,,,,,,,,,,,,159,부산,10.19,19.6,,78
,,,,,,,,,,,,,,,,159,부산,10.20,20.2,,73
,,,,,,,,,,,,,,,,159,부산,10.21,17.2,,69
,,,,,,,,,,,,,,,,159,부산,10.22,18.5,,71
,,,,,,,,,,,,,,,,159,부산,10.23,14.9,,68
,,,,,,,,,,,,,,,,159,부산,10.24,15.8,,61
,,,,,,,,,,,,,,,,159,부산,10.25,19.9,,86
,,,,,,,,,,,,,,,,159,부산,10.26,18.5,0,55
,,,,,,,,,,,,,,,,159,부산,10.27,17.3,,65
,,,,,,,,,,,,,,,,159,부산,10.28,15.5,,95
,,,,,,,,,,,,,,,,159,부산,10.29,14.6,,75
,,,,,,,,,,,,,,,,159,부산,10.30,13.8,,47
