day_text,team_text,H_text,HR_text,S_text,ST_text,DU_text,ER_text,result_text,location,temp,rain,humidity,,,,,,,,,
4.7,키움 히어로즈,8,1,0,6,1,2,1,서울,10.2,0,23,,,,,,키움히어로즈,,,
4.8,키움 히어로즈,18,0,3,3,1,1,0,서울,13.7,0,50,,,행 레이블,평균 : H_text,평균 : HR_text,평균 : S_text,평균 : ST_text,평균 : ER_text,평균 : DU_text
4.11,키움 히어로즈,3,1,0,8,0,0,0,서울,15.9,0,52,,,5-15,9.284090909,0.965909091,0.681818182,7.647727273,0.693181818,0.829545455
4.12,키움 히어로즈,6,1,1,1,1,1,1,서울,10.3,0,35,,,15-25,9.576200418,1.014613779,0.807933194,7.223382046,0.734864301,0.707724426
4.13,키움 히어로즈,3,0,1,9,0,0,0,서울,11.6,0,50,,,25-35,10.03717472,1.117100372,0.897769517,6.975836431,0.643122677,0.804832714
4.14,키움 히어로즈,3,0,1,5,1,0,0,대구,22.5,0,18,,,35-45,11.6,1,0.8,5.6,0.8,0.8
4.15,키움 히어로즈,10,3,2,10,1,1,1,대구,24.8,0,16,,,총합계,9.785585586,1.06036036,0.841441441,7.12972973,0.687387387,0.764864865
4.17,키움 히어로즈,3,1,0,14,0,0,0,서울,18.3,0,25,,,,,,,,,
4.18,키움 히어로즈,11,0,1,7,0,1,1,서울,19.6,0,23,,,,,,,,,
4.19,키움 히어로즈,3,0,1,7,2,0,0,서울,19.2,0,28,,,,,,,,,
4.2,키움 히어로즈,9,0,3,9,1,0,1,서울,22.3,0,32,,,,,,,,,
4.24,키움 히어로즈,12,0,2,11,0,2,1,서울,25.9,0,33,,,,,,,,,
4.26,키움 히어로즈,11,1,1,9,0,3,1,서울,14.3,0,34,,,,,,,,,
4.27,키움 히어로즈,18,3,1,2,3,1,1,대전,21.8,0,22,,,,,,,,,
4.28,키움 히어로즈,8,2,1,3,0,1,1,대전,24.7,0,20,,,,,,,,,
4.29,키움 히어로즈,7,1,2,9,1,2,0,대전,20.2,0,42,,,,,,,,,
5.1,키움 히어로즈,3,0,1,1,2,2,0,서울,26.6,0,31,,,,,,,,,
5.2,키움 히어로즈,11,3,0,4,0,0,1,서울,25.5,0,43,,,,,,,,,
5.3,키움 히어로즈,7,0,3,5,0,0,0,서울,23.3,0,39,,,,,,,,,
5.5,키움 히어로즈,10,0,0,4,0,1,0,광주,22.8,0,38,,,,,,,,,
5.6,키움 히어로즈,11,2,0,5,0,1,0,광주,24,0,28,,,,,,,,,
5.8,키움 히어로즈,6,1,0,7,0,1,0,서울,26.6,0,19,,,,,,,,,
5.9,키움 히어로즈,13,2,5,5,0,0,1,서울,25,0,38,,,,,,,,,
5.1,키움 히어로즈,6,0,0,5,2,0,1,서울,24.4,0,35,,,,,,,,,
5.11,키움 히어로즈,12,2,1,5,0,1,1,인천,17.9,0,64,,,,,,,,,
5.12,키움 히어로즈,7,0,2,7,0,1,0,인천,17.9,0,59,,,,,,,,,
5.13,키움 히어로즈,3,1,0,13,1,1,0,대전,20.5,0,43,,,,,,,,,
5.15,키움 히어로즈,11,3,0,5,1,0,1,부산,21.5,0,62,,,,,,,,,
5.16,키움 히어로즈,8,1,0,5,1,1,1,부산,19.9,0,70,,,,,,,,,
5.17,키움 히어로즈,12,1,1,5,1,0,1,부산,21.8,0,32,,,,,,,,,
5.18,키움 히어로즈,13,1,0,4,0,1,1,서울,22,0,31,,,,,,,,,
5.19,키움 히어로즈,16,2,2,5,0,0,1,서울,23.6,0,21,,,,,,,,,
5.2,키움 히어로즈,7,2,1,7,0,0,1,서울,25.3,0,35,,,,,,,,,
5.22,키움 히어로즈,6,0,1,7,0,0,1,서울,26.6,0,27,,,,,,,,,
5.23,키움 히어로즈,12,2,3,6,1,0,1,서울,25.7,0,24,,,,,,,,,
5.24,키움 히어로즈,4,0,5,5,1,0,0,서울,22,0,47,,,,,,,,,
5.25,키움 히어로즈,8,0,0,15,1,0,0,서울,23.9,0,36,,,,,,,,,
5.26,키움 히어로즈,4,1,1,11,0,1,0,서울,22.8,0,40,,,,,,,,,
5.27,키움 히어로즈,8,1,1,8,0,0,0,서울,21.1,0,57,,,,,,,,,
5.29,키움 히어로즈,10,0,2,5,1,0,1,서울,23.9,0,32,,,,,,,,,
5.3,키움 히어로즈,7,0,3,7,1,1,0,서울,22.5,0,37,,,,,,,,,
5.31,키움 히어로즈,12,2,2,1,1,0,1,서울,23.6,0,44,,,,,,,,,
6.1,키움 히어로즈,8,1,0,7,1,2,0,부산,20.6,0,61,,,,,,,,,
6.2,키움 히어로즈,4,0,0,5,2,0,0,부산,21.3,0,59,,,,,,,,,
6.3,키움 히어로즈,7,1,3,4,1,0,1,부산,21.2,0,67,,,,,,,,,
6.5,키움 히어로즈,7,0,1,7,1,0,0,서울,24.2,0,57,,,,,,,,,
6.6,키움 히어로즈,6,2,2,3,0,0,1,서울,25.2,0,49,,,,,,,,,
6.7,키움 히어로즈,9,1,2,7,2,0,0,서울,26.3,0,51,,,,,,,,,
6.9,키움 히어로즈,11,0,2,3,0,0,1,대전,27.9,0,53,,,,,,,,,
6.1,키움 히어로즈,5,0,2,5,0,0,0,대전,29.1,0,50,,,,,,,,,
6.12,키움 히어로즈,19,2,1,8,0,1,1,서울,21.6,0.1,73,,,,,,,,,
6.13,키움 히어로즈,13,1,4,7,1,2,1,서울,27.3,0,43,,,,,,,,,
6.14,키움 히어로즈,10,3,1,8,0,0,0,서울,29.5,0,33,,,,,,,,,
6.16,키움 히어로즈,8,1,1,4,1,0,0,서울,24.5,0,60,,,,,,,,,
6.17,키움 히어로즈,9,1,0,5,1,1,1,서울,27.5,0,31,,,,,,,,,
6.19,키움 히어로즈,8,0,1,5,1,0,0,서울,27.2,0,37,,,,,,,,,
6.2,키움 히어로즈,5,1,2,10,0,1,1,서울,28.6,0,36,,,,,,,,,
6.21,키움 히어로즈,3,0,0,4,1,2,0,서울,30.3,0,39,,,,,,,,,
6.22,키움 히어로즈,3,0,2,9,1,0,0,서울,25.9,0,51,,,,,,,,,
6.23,키움 히어로즈,8,1,2,7,0,0,0,서울,28.9,0,47,,,,,,,,,
6.24,키움 히어로즈,9,0,3,6,2,1,1,서울,31.4,0,37,,,,,,,,,
6.26,키움 히어로즈,14,1,1,4,0,0,1,서울,27.3,0,37,,,,,,,,,
6.27,키움 히어로즈,9,0,6,4,0,1,1,서울,28,0,41,,,,,,,,,
6.28,키움 히어로즈,7,0,0,6,0,2,0,서울,27.4,0,46,,,,,,,,,
6.29,키움 히어로즈,5,0,0,6,0,1,0,대구,28.1,0,49,,,,,,,,,
7.1일,키움 히어로즈,7,0,0,7,1,2,0,대구,28.6,0,46,,,,,,,,,
7.3화,키움 히어로즈,7,1,1,8,0,1,1,서울,21,16.5,92,,,,,,,,,
7.4수,키움 히어로즈,11,1,3,6,0,0,1,서울,24.9,0,76,,,,,,,,,
7.7토,키움 히어로즈,16,1,3,1,0,0,1,서울,29.2,0,47,,,,,,,,,
7.8일,키움 히어로즈,9,0,1,12,1,1,0,서울,28.7,0,55,,,,,,,,,
7.11수,키움 히어로즈,10,2,0,9,1,0,1,인천,22.8,0,91,,,,,,,,,
7.12목,키움 히어로즈,6,1,0,8,0,1,0,인천,26.4,0,78,,,,,,,,,
7.13금,키움 히어로즈,12,0,3,1,0,1,1,서울,28.6,0,65,,,,,,,,,
7.17화,키움 히어로즈,9,0,4,4,0,0,1,서울,27.9,0,63,,,,,,,,,
7.18수,키움 히어로즈,7,0,2,4,2,2,0,서울,27.6,0,81,,,,,,,,,
7.19목,키움 히어로즈,6,0,2,7,0,0,1,서울,23.4,0,85,,,,,,,,,
7.24화,키움 히어로즈,8,1,0,5,0,0,1,광주,30.8,0,67,,,,,,,,,
7.25수,키움 히어로즈,6,0,2,6,0,0,0,광주,31.5,0,63,,,,,,,,,
7.26목,키움 히어로즈,4,0,0,7,1,1,0,광주,31.4,0,59,,,,,,,,,
7.27금,키움 히어로즈,11,0,2,7,1,1,0,서울,30.1,0,59,,,,,,,,,
7.28토,키움 히어로즈,3,0,1,8,0,0,0,서울,31.4,0,55,,,,,,,,,
7.29일,키움 히어로즈,10,0,0,6,1,0,0,서울,31.7,0,57,,,,,,,,,
7.31화,키움 히어로즈,12,3,0,9,1,2,1,인천,29.1,0,77,,,,,,,,,
8.1,키움 히어로즈,6,3,0,8,0,1,0,인천,32.7,0,0,,,,,,,,,
8.2,키움 히어로즈,6,1,0,12,0,1,0,인천,33.6,0,0,,,,,,,,,
8.3,키움 히어로즈,6,1,0,5,0,1,0,서울,34.4,0,0,,,,,,,,,
8.4,키움 히어로즈,6,1,0,8,0,1,1,서울,35.5,0,0,,,,,,,,,
8.5,키움 히어로즈,10,1,1,4,0,1,1,서울,34.7,0,0,,,,,,,,,
8.7,키움 히어로즈,4,1,3,6,0,0,0,광주,31.1,0,0,,,,,,,,,
8.8,키움 히어로즈,1,0,1,9,0,0,0,광주,31.1,0,0,,,,,,,,,
8.9,키움 히어로즈,3,0,0,10,0,0,0,광주,29.6,0,0,,,,,,,,,
8.1,키움 히어로즈,5,0,0,12,0,0,0,서울,28.3,0,0,,,,,,,,,
8.11,키움 히어로즈,8,0,3,0,0,1,1,서울,30.1,0,0,,,,,,,,,
8.16,키움 히어로즈,11,0,1,10,0,0,1,서울,28.5,0,0,,,,,,,,,
8.17,키움 히어로즈,7,0,1,9,0,1,1,부산,29.9,0,0,,,,,,,,,
8.18,키움 히어로즈,10,0,0,6,2,0,0,부산,29.2,0,0,,,,,,,,,
8.19,키움 히어로즈,5,0,0,5,0,1,0,부산,29.4,0,0,,,,,,,,,
8.22,키움 히어로즈,7,0,1,7,1,0,1,서울,23.2,0,0,,,,,,,,,
8.23,키움 히어로즈,8,0,0,6,2,0,0,서울,24.4,0,0,,,,,,,,,
8.24,키움 히어로즈,8,0,1,7,0,0,1,서울,24.9,0,0,,,,,,,,,
8.25,키움 히어로즈,10,0,1,4,2,1,0,서울,28.2,0,0,,,,,,,,,
8.26,키움 히어로즈,6,1,3,5,2,0,1,서울,31.6,0,0,,,,,,,,,
8.29,키움 히어로즈,12,1,1,13,1,1,0,대전,28.2,0,0,,,,,,,,,
8.31,키움 히어로즈,10,0,5,7,0,0,1,대구,26,0,0,,,,,,,,,
9.1토,키움 히어로즈,7,2,1,8,0,0,0,대구,26.8,0,57,,,,,,,,,
9.2일,키움 히어로즈,7,1,1,9,0,0,0,대구,28.7,0,44,,,,,,,,,
9.6목,키움 히어로즈,5,0,0,4,1,0,0,서울,25.1,0,36,,,,,,,,,
9.7금,키움 히어로즈,6,1,1,6,1,2,1,서울,25.2,0,45,,,,,,,,,
9.8토,키움 히어로즈,9,2,2,8,0,2,0,인천,20.8,0,76,,,,,,,,,
9.9일,키움 히어로즈,3,0,0,8,2,0,0,인천,22.6,0,80,,,,,,,,,
9.10월,키움 히어로즈,11,2,0,11,1,0,0,대구,22,0,72,,,,,,,,,
9.12수,키움 히어로즈,3,0,4,9,0,1,0,서울,22,0,74,,,,,,,,,
9.13목,키움 히어로즈,10,0,4,7,0,0,1,서울,19.1,0.5,89,,,,,,,,,
9.14금,키움 히어로즈,8,1,4,11,1,0,0,서울,20.2,0,56,,,,,,,,,
9.15토,키움 히어로즈,7,3,0,7,1,0,1,서울,23.9,0,53,,,,,,,,,
9.16일,키움 히어로즈,7,0,4,15,0,2,0,서울,21.6,0,58,,,,,,,,,
9.18화,키움 히어로즈,5,0,3,11,0,0,1,서울,22.1,0,62,,,,,,,,,
9.19수,키움 히어로즈,9,2,2,9,0,0,1,서울,22.9,0,48,,,,,,,,,
9.20목,키움 히어로즈,8,1,2,7,0,1,1,서울,22.5,0,58,,,,,,,,,
9.21금,키움 히어로즈,7,1,0,5,0,1,0,대전,22.2,0,61,,,,,,,,,
9.22토,키움 히어로즈,8,0,1,3,1,0,1,서울,23.6,0,36,,,,,,,,,
9.23일,키움 히어로즈,3,0,0,4,0,2,0,서울,24.6,0,38,,,,,,,,,
9.26수,키움 히어로즈,8,1,0,6,2,1,0,서울,23.4,0,52,,,,,,,,,
9.27목,키움 히어로즈,6,0,1,8,0,1,0,서울,21.5,0,54,,,,,,,,,
9.28금,키움 히어로즈,15,2,0,5,2,0,1,서울,18.5,0,75,,,,,,,,,
9.29토,키움 히어로즈,7,2,6,11,1,0,1,대전,17.5,0,60,,,,,,,,,
9.30일,키움 히어로즈,7,0,3,8,1,0,0,서울,18.5,0,53,,,,,,,,,
10.1월,키움 히어로즈,7,1,1,5,0,0,1,서울,20.9,0,58,,,,,,,,,
10.2화,키움 히어로즈,3,0,1,9,0,0,0,서울,22.2,0,53,,,,,,,,,
10.5금,키움 히어로즈,6,1,0,4,1,1,0,서울,20.8,0,48,,,,,,,,,
4.2화,키움 히어로즈,4,1,0,4,3,1,1,서울,7.7,0,78,,,,,,,,,
4.3수,키움 히어로즈,12,3,0,11,2,1,0,서울,11.3,0,45,,,,,,,,,
4.4목,키움 히어로즈,7,1,2,6,0,1,1,서울,18.1,0,26,,,,,,,,,
4.5금,키움 히어로즈,8,0,0,7,2,1,1,서울,17.6,0,33,,,,,,,,,
4.7일,키움 히어로즈,10,0,1,4,0,0,1,서울,8.1,0,44,,,,,,,,,
4.9화,키움 히어로즈,6,0,0,11,1,0,0,서울,7.2,0,50,,,,,,,,,
4.10수,키움 히어로즈,2,0,0,8,1,0,0,서울,7,0,36,,,,,,,,,
4.11목,키움 히어로즈,7,0,1,9,0,0,1,서울,7.5,0,33,,,,,,,,,
4.12금,키움 히어로즈,5,1,2,5,0,1,1,대구,12.2,0,23,,,,,,,,,
4.13토,키움 히어로즈,8,1,2,9,1,0,0,대구,18.9,0,21,,,,,,,,,
4.14일,키움 히어로즈,9,2,0,8,0,0,0,대구,17.6,0,13,,,,,,,,,
4.16화,키움 히어로즈,9,2,1,0,1,0,1,서울,14.3,0,73,,,,,,,,,
4.17수,키움 히어로즈,8,1,2,10,0,0,1,서울,17.2,0,52,,,,,,,,,
4.18목,키움 히어로즈,25,1,0,7,3,0,1,서울,14.1,0,20,,,,,,,,,
4.19금,키움 히어로즈,4,1,3,6,1,0,1,창원,11.3,0,43,,,,,,,,,
4.21일,키움 히어로즈,12,1,0,7,2,0,1,창원,14.6,0,24,,,,,,,,,
4.24수,키움 히어로즈,13,1,2,9,1,0,1,서울,14.7,0,52,,,,,,,,,
4.25목,키움 히어로즈,8,1,2,6,3,1,0,서울,10,0,74,,,,,,,,,
4.30화,키움 히어로즈,8,0,1,8,1,0,1,서울,16.1,0,36,,,,,,,,,
5.1수,키움 히어로즈,10,4,1,5,1,2,1,대구,14.2,0,48,,,,,,,,,
5.2목,키움 히어로즈,10,0,2,5,0,1,1,대구,16.4,0,55,,,,,,,,,
5.3금,키움 히어로즈,4,1,0,10,1,0,1,서울,14.4,0,55,,,,,,,,,
5.4토,키움 히어로즈,7,2,0,5,0,2,0,서울,18.4,0,33,,,,,,,,,
5.5일,키움 히어로즈,11,2,2,5,2,1,0,서울,18,0,27,,,,,,,,,
5.7화,키움 히어로즈,11,1,0,3,1,2,1,서울,23.1,0,35,,,,,,,,,
5.8수,키움 히어로즈,10,0,1,6,0,0,1,서울,23.8,0,20,,,,,,,,,
5.10금,키움 히어로즈,12,0,0,9,1,0,0,서울,13.9,0,83,,,,,,,,,
5.11토,키움 히어로즈,7,1,1,3,0,0,1,서울,23.9,0,25,,,,,,,,,
5.12일,키움 히어로즈,9,0,0,6,3,0,1,서울,21.5,0,58,,,,,,,,,
5.14화,키움 히어로즈,7,1,0,7,0,1,0,서울,23,0,44,,,,,,,,,
5.15수,키움 히어로즈,20,2,3,6,0,0,1,서울,21.9,0,48,,,,,,,,,
5.16목,키움 히어로즈,10,1,0,8,0,1,1,서울,27.5,0,24,,,,,,,,,
5.21화,키움 히어로즈,17,1,3,5,0,2,1,서울,23.2,0,15,,,,,,,,,
5.22수,키움 히어로즈,12,0,1,7,1,0,1,서울,24.1,0,50,,,,,,,,,
5.23목,키움 히어로즈,6,0,1,13,0,0,0,서울,26,0,47,,,,,,,,,
5.24금,키움 히어로즈,4,0,1,10,1,0,0,서울,25.5,0,41,,,,,,,,,
5.25토,키움 히어로즈,9,1,1,10,1,0,1,서울,28.7,0,37,,,,,,,,,
5.26일,키움 히어로즈,14,0,0,4,2,0,1,서울,24.7,0,45,,,,,,,,,
5.29수,키움 히어로즈,8,1,1,10,0,1,1,창원,21.2,0,77,,,,,,,,,
5.30목,키움 히어로즈,2,1,0,9,0,3,0,창원,22.9,0,46,,,,,,,,,
5.31금,키움 히어로즈,14,1,0,8,1,0,1,서울,24.8,0,40,,,,,,,,,
6.1토,키움 히어로즈,8,0,0,9,2,2,0,서울,25.8,0,32,,,,,,,,,
6.2일,키움 히어로즈,7,1,0,6,0,2,0,서울,27.4,0,46,,,,,,,,,
6.4화,키움 히어로즈,5,2,0,9,0,0,1,서울,27,0,45,,,,,,,,,
6.6목,키움 히어로즈,18,1,4,5,0,0,1,서울,28.7,0,36,,,,,,,,,
6.7금,키움 히어로즈,12,3,2,3,0,1,1,서울,28.5,0,34,,,,,,,,,
6.8토,키움 히어로즈,10,2,0,7,0,0,0,서울,29.5,0,48,,,,,,,,,
6.9일,키움 히어로즈,10,0,1,8,0,5,0,서울,31.4,0,21,,,,,,,,,
6.12수,키움 히어로즈,9,1,1,4,0,0,0,부산,22.8,0,80,,,,,,,,,
6.13목,키움 히어로즈,5,0,0,12,0,1,0,부산,22.8,0,76,,,,,,,,,
6.14금,키움 히어로즈,7,1,0,8,2,0,0,서울,27,0,54,,,,,,,,,
6.15토,키움 히어로즈,5,0,0,7,3,2,0,서울,27.6,0,45,,,,,,,,,
6.16일,키움 히어로즈,11,0,1,8,1,1,0,서울,24.4,0,58,,,,,,,,,
6.21금,키움 히어로즈,8,0,0,4,2,1,0,서울,29.6,0,49,,,,,,,,,
6.22토,키움 히어로즈,5,1,1,7,0,0,1,서울,25.7,0,66,,,,,,,,,
6.23일,키움 히어로즈,8,1,0,4,0,2,1,서울,25,0,52,,,,,,,,,
6.25화,키움 히어로즈,6,0,0,8,0,0,0,서울,25.9,0,60,,,,,,,,,
6.26수,키움 히어로즈,7,1,3,6,0,1,1,서울,27.4,0,52,,,,,,,,,
6.27목,키움 히어로즈,8,0,0,4,1,1,0,서울,27.6,0,57,,,,,,,,,
6.28금,키움 히어로즈,13,0,1,8,1,1,0,대전,28.8,0,69,,,,,,,,,
6.29토,키움 히어로즈,13,2,1,9,1,1,1,대전,30.5,0,60,,,,,,,,,
6.30일,키움 히어로즈,6,2,0,9,0,0,1,대전,31.1,0,56,,,,,,,,,
7.2화,키움 히어로즈,6,0,1,8,0,1,0,창원,26.1,0,83,,,,,,,,,
7.3수,키움 히어로즈,9,0,0,14,1,2,0,창원,25.4,0,83,,,,,,,,,
7.5금,키움 히어로즈,13,2,4,6,1,1,1,서울,29.1,0,60,,,,,,,,,
7.6토,키움 히어로즈,11,0,1,2,2,2,1,서울,29.2,0,57,,,,,,,,,
7.7일,키움 히어로즈,16,2,2,8,1,2,1,서울,25,0,82,,,,,,,,,
7.9화,키움 히어로즈,7,1,0,3,0,1,1,서울,24.9,0,81,,,,,,,,,
7.10수,키움 히어로즈,8,0,0,3,0,1,0,서울,26,0,79,,,,,,,,,
7.16화,키움 히어로즈,9,2,0,7,2,1,0,인천,25.8,0,88,,,,,,,,,
7.17수,키움 히어로즈,13,3,0,7,0,1,0,인천,23.6,0,99,,,,,,,,,
7.23화,키움 히어로즈,11,3,0,7,0,2,1,서울,26.2,0,88,,,,,,,,,
7.24수,키움 히어로즈,10,1,1,6,0,0,1,서울,26.6,0,58,,,,,,,,,
7.25목,키움 히어로즈,6,2,1,7,0,1,0,서울,29.4,0,51,,,,,,,,,
7.26금,키움 히어로즈,11,0,0,6,1,2,0,대구,32.8,0,38,,,,,,,,,
7.27토,키움 히어로즈,11,2,1,6,0,0,0,대구,31.7,0,40,,,,,,,,,
7.28일,키움 히어로즈,13,1,3,8,0,1,1,대구,29,0,74,,,,,,,,,
7.30화,키움 히어로즈,7,1,0,5,2,0,0,서울,26.8,0,70,,,,,,,,,
7.31수,키움 히어로즈,8,2,0,8,1,0,1,서울,26.8,0,72,,,,,,,,,
8.1목,키움 히어로즈,7,1,0,6,0,1,1,서울,31.5,0,57,,,,,,,,,
8.2금,키움 히어로즈,12,0,5,11,0,4,1,광주,30.1,0,69,,,,,,,,,
8.4일,키움 히어로즈,3,0,1,11,0,0,0,광주,30.3,0,68,,,,,,,,,
8.6화,키움 히어로즈,4,0,2,6,0,1,0,서울,27.3,0,68,,,,,,,,,
8.7수,키움 히어로즈,12,1,0,4,2,0,0,서울,31.9,0,65,,,,,,,,,
8.8목,키움 히어로즈,7,1,1,5,1,1,0,서울,31.8,0,64,,,,,,,,,
8.10토,키움 히어로즈,12,2,1,4,1,1,1,서울,29.1,0,72,,,,,,,,,
8.11일,키움 히어로즈,8,2,0,6,1,1,0,서울,32.2,0,55,,,,,,,,,
8.15목,키움 히어로즈,12,4,1,11,0,0,1,부산,29.2,0,57,,,,,,,,,
8.16금,키움 히어로즈,10,1,0,9,0,0,0,부산,30.8,0,53,,,,,,,,,
8.17토,키움 히어로즈,9,0,0,4,3,0,0,대구,34.6,0,33,,,,,,,,,
8.18일,키움 히어로즈,10,1,1,6,1,0,1,대구,35.7,0,35,,,,,,,,,
8.20화,키움 히어로즈,8,1,0,11,1,1,0,서울,30.8,0,49,,,,,,,,,
8.21수,키움 히어로즈,10,2,2,4,0,2,1,서울,32.1,0,43,,,,,,,,,
8.22목,키움 히어로즈,11,1,0,6,2,1,1,서울,31.8,0,54,,,,,,,,,
8.23금,키움 히어로즈,9,0,0,5,2,2,0,서울,26.9,0,73,,,,,,,,,
8.24토,키움 히어로즈,6,0,2,5,1,0,1,서울,30.2,0,30,,,,,,,,,
8.25일,키움 히어로즈,8,0,0,7,1,0,0,서울,30.7,0,29,,,,,,,,,
8.27화,키움 히어로즈,5,0,1,5,0,1,1,서울,27.8,0,55,,,,,,,,,
8.28수,키움 히어로즈,8,1,1,9,1,0,1,서울,28.8,0,51,,,,,,,,,
8.30금,키움 히어로즈,11,1,3,7,1,1,1,광주,27.8,0,67,,,,,,,,,
8.31토,키움 히어로즈,8,1,1,7,0,1,0,대전,27.3,0,61,,,,,,,,,
9.1일,키움 히어로즈,11,1,3,7,1,0,1,대전,26.4,0,64,,,,,,,,,
9.3화,키움 히어로즈,13,0,1,11,0,0,0,서울,25.5,0,29,,,,,,,,,
9.4수,키움 히어로즈,8,0,2,9,1,1,1,서울,26,0,35,,,,,,,,,
9.5목,키움 히어로즈,9,0,1,10,1,2,1,창원,24,0,54,,,,,,,,,
9.7토,키움 히어로즈,13,1,3,6,0,0,1,서울,25.8,0,44,,,,,,,,,
9.8일,키움 히어로즈,8,3,0,5,0,0,1,서울,26.1,0,42,,,,,,,,,
9.11수,키움 히어로즈,11,0,0,7,3,1,0,서울,20.7,0,90,,,,,,,,,
9.14토,키움 히어로즈,9,2,0,7,0,2,1,인천,24.1,0,86,,,,,,,,,
9.15일,키움 히어로즈,10,3,2,5,0,1,1,인천,25.8,0,56,,,,,,,,,
9.16월,키움 히어로즈,8,1,1,8,0,0,1,창원,24,0,60,,,,,,,,,
9.17화,키움 히어로즈,12,1,1,9,0,0,1,부산,24.7,0,49,,,,,,,,,
9.19목,키움 히어로즈,6,1,4,9,2,0,1,광주,27.8,0,44,,,,,,,,,
9.20금,키움 히어로즈,11,2,1,5,1,0,1,광주,27.2,0,57,,,,,,,,,
9.21토,키움 히어로즈,10,1,1,9,0,2,0,서울,25.7,0,62,,,,,,,,,
9.22일,키움 히어로즈,7,1,7,2,1,0,1,서울,24.3,0,47,,,,,,,,,
9.25수,키움 히어로즈,7,0,0,9,1,1,0,서울,21.4,0,44,,,,,,,,,
9.28토,키움 히어로즈,9,1,1,8,0,1,1,서울,18.5,0.1,79,,,,,,,,,
9.29일,키움 히어로즈,12,4,1,6,0,0,1,서울,19,0,83,,,,,,,,,
10.1화,키움 히어로즈,4,1,0,8,0,0,0,창원,24,0,74,,,,,,,,,
10.2수,키움 히어로즈,6,0,1,5,2,1,1,창원,22.6,0,71,,,,,,,,,
10.3목,키움 히어로즈,8,1,0,9,0,1,0,인천,18.3,0,68,,,,,,,,,
10.4금,키움 히어로즈,15,0,3,13,0,1,1,광주,22.5,0,38,,,,,,,,,
10.5토,키움 히어로즈,1,0,3,12,0,0,0,대전,21.6,0,70,,,,,,,,,
10.8화,키움 히어로즈,8,1,1,5,1,0,1,서울,19.3,0.5,84,,,,,,,,,
10.9수,키움 히어로즈,5,0,2,8,0,1,1,서울,23.6,0,49,,,,,,,,,
10.11금,키움 히어로즈,10,1,0,12,2,0,0,서울,17.2,0,43,,,,,,,,,
10.12토,키움 히어로즈,8,0,1,2,1,0,0,서울,18.8,0,57,,,,,,,,,
10.14월,키움 히어로즈,8,2,0,13,1,0,0,서울,20.5,0,58,,,,,,,,,
4.1화,키움 히어로즈,13,2,0,8,1,1,1,서울,19.2,0,25,,,,,,,,,
4.2수,키움 히어로즈,10,2,0,3,1,2,0,서울,18.7,0,21,,,,,,,,,
4.3목,키움 히어로즈,8,0,1,7,2,0,1,서울,10.1,0,61,,,,,,,,,
4.4금,키움 히어로즈,4,0,2,10,1,0,0,창원,12.2,0,34,,,,,,,,,
4.5토,키움 히어로즈,8,2,0,5,0,0,1,창원,12.8,0,22,,,,,,,,,
4.6일,키움 히어로즈,10,2,1,5,2,0,0,창원,13,0,33,,,,,,,,,
4.8화,키움 히어로즈,13,2,2,8,3,1,0,서울,17.2,0,27,,,,,,,,,
4.9수,키움 히어로즈,12,4,1,10,0,2,1,서울,13.1,0,75,,,,,,,,,
4.10목,키움 히어로즈,11,1,0,4,1,0,1,서울,17.6,0,56,,,,,,,,,
4.11금,키움 히어로즈,9,1,1,4,1,1,1,대전,18,0,53,,,,,,,,,
4.12토,키움 히어로즈,10,3,1,6,0,0,1,대전,17.9,0,60,,,,,,,,,
4.13일,키움 히어로즈,6,1,0,4,0,2,1,대전,19.8,0,32,,,,,,,,,
4.15화,키움 히어로즈,11,1,2,7,1,2,1,서울,15.7,0,71,,,,,,,,,
4.16수,키움 히어로즈,9,1,0,5,0,0,1,서울,18.6,0,63,,,,,,,,,
4.22화,키움 히어로즈,14,0,0,9,0,0,1,서울,20.4,0,24,,,,,,,,,
4.23수,키움 히어로즈,8,1,0,2,0,2,0,서울,22.8,0,32,,,,,,,,,
4.24목,키움 히어로즈,11,2,0,2,0,0,1,서울,23.2,0,22,,,,,,,,,
4.25금,키움 히어로즈,8,1,0,12,0,1,0,서울,23.1,0,22,,,,,,,,,
4.26토,키움 히어로즈,16,3,0,3,0,0,1,서울,20.6,0,35,,,,,,,,,
4.27일,키움 히어로즈,6,0,0,6,1,0,0,서울,16.9,0,70,,,,,,,,,
4.29화,키움 히어로즈,13,0,2,5,1,0,1,서울,16.8,0,62,,,,,,,,,
4.30수,키움 히어로즈,5,0,2,5,0,1,0,서울,19.8,0,54,,,,,,,,,
5.1목,키움 히어로즈,8,1,0,10,0,0,1,서울,20,0,45,,,,,,,,,
5.3토,키움 히어로즈,7,1,1,5,2,1,1,광주,20.1,0,24,,,,,,,,,
5.4일,키움 히어로즈,14,3,1,3,0,2,0,광주,16.2,0,50,,,,,,,,,
5.5월,키움 히어로즈,14,3,3,7,2,0,1,광주,15.3,0,23,,,,,,,,,
5.6화,키움 히어로즈,7,1,0,6,1,0,0,서울,16.7,0,29,,,,,,,,,
5.7수,키움 히어로즈,6,2,0,8,0,0,0,서울,18.9,0,37,,,,,,,,,
5.8목,키움 히어로즈,8,2,1,7,1,1,1,서울,16.1,0,73,,,,,,,,,
5.9금,키움 히어로즈,9,1,2,8,0,1,1,서울,23,0,31,,,,,,,,,
5.10토,키움 히어로즈,7,0,1,6,0,2,0,서울,25.8,0,35,,,,,,,,,
5.11일,키움 히어로즈,12,3,1,2,2,0,1,서울,21.1,0.3,59,,,,,,,,,
5.16금,키움 히어로즈,7,1,2,6,2,1,0,부산,19.9,0,72,,,,,,,,,
5.17토,키움 히어로즈,13,0,0,3,0,1,1,부산,20.6,0,62,,,,,,,,,
5.18일,키움 히어로즈,11,1,0,10,0,3,0,부산,21,0,71,,,,,,,,,
5.20화,키움 히어로즈,8,2,0,3,2,0,1,서울,27.5,0,30,,,,,,,,,
5.21수,키움 히어로즈,11,1,0,8,1,1,0,서울,22.6,0,57,,,,,,,,,
5.22목,키움 히어로즈,9,0,0,4,3,2,0,서울,26.4,0,37,,,,,,,,,
5.23금,키움 히어로즈,6,1,1,5,0,0,0,대구,24.8,0,49,,,,,,,,,
5.24토,키움 히어로즈,6,1,1,7,0,0,0,대구,28.9,0,41,,,,,,,,,
5.25일,키움 히어로즈,5,1,0,11,0,2,0,대구,22,0,60,,,,,,,,,
5.27화,키움 히어로즈,15,3,2,4,2,0,1,서울,27,0,40,,,,,,,,,
5.28수,키움 히어로즈,7,2,0,2,2,0,1,서울,26.9,0,59,,,,,,,,,
5.29목,키움 히어로즈,7,1,4,10,0,0,0,서울,28.7,0,33,,,,,,,,,
5.30금,키움 히어로즈,13,2,2,7,2,0,1,서울,29.6,0,36,,,,,,,,,
5.31토,키움 히어로즈,12,1,1,10,1,0,0,서울,29.3,0,46,,,,,,,,,
6.1일,키움 히어로즈,13,2,2,7,0,0,1,서울,26.3,0,63,,,,,,,,,
6.3화,키움 히어로즈,9,1,0,9,0,0,0,창원,19.5,0,89,,,,,,,,,
6.4수,키움 히어로즈,8,1,0,6,0,1,0,창원,22.9,0,58,,,,,,,,,
6.5목,키움 히어로즈,8,1,3,8,0,1,0,창원,21.5,0,70,,,,,,,,,
6.6금,키움 히어로즈,20,7,0,5,0,1,1,서울,28.8,0,51,,,,,,,,,
6.7토,키움 히어로즈,13,4,2,7,0,1,1,서울,25.8,0,55,,,,,,,,,
6.8일,키움 히어로즈,12,1,2,8,0,2,0,서울,22.5,0,72,,,,,,,,,
6.12목,키움 히어로즈,13,0,2,8,0,0,1,서울,21.9,0,74,,,,,,,,,
6.17화,키움 히어로즈,11,2,3,5,2,1,1,광주,22.4,0,63,,,,,,,,,
6.18수,키움 히어로즈,13,2,2,5,1,0,1,광주,26,0,43,,,,,,,,,
6.19목,키움 히어로즈,8,1,0,11,1,0,0,광주,27.2,0,49,,,,,,,,,
6.20금,키움 히어로즈,7,2,1,9,0,0,1,서울,26,0.2,77,,,,,,,,,
6.21토,키움 히어로즈,7,1,0,4,0,0,1,서울,25.7,0,73,,,,,,,,,
6.22일,키움 히어로즈,16,1,0,3,1,0,1,서울,27.3,0,63,,,,,,,,,
6.24화,키움 히어로즈,8,0,1,9,0,1,1,대구,28.2,0,37,,,,,,,,,
6.25수,키움 히어로즈,5,2,0,7,2,6,0,대구,29.5,0,38,,,,,,,,,
6.26목,키움 히어로즈,21,5,2,10,0,1,1,대구,30.5,0,35,,,,,,,,,
6.27금,키움 히어로즈,8,1,0,8,2,1,0,서울,26.3,0,59,,,,,,,,,
6.28토,키움 히어로즈,14,0,0,10,0,1,1,서울,25,0,64,,,,,,,,,
6.29일,키움 히어로즈,13,0,1,3,3,0,1,서울,28.2,0,54,,,,,,,,,
7.1화,키움 히어로즈,13,3,0,6,1,1,1,서울,30.4,0,56,,,,,,,,,
7.2수,키움 히어로즈,11,0,0,2,2,0,1,서울,26.7,0,76,,,,,,,,,
7.3목,키움 히어로즈,12,0,0,4,1,1,1,서울,24,0,76,,,,,,,,,
7.4금,키움 히어로즈,12,0,2,6,0,1,0,서울,31.6,0,41,,,,,,,,,
7.5토,키움 히어로즈,7,2,3,6,0,0,1,서울,27.4,0,66,,,,,,,,,
7.6일,키움 히어로즈,9,2,0,7,2,0,1,서울,28.1,0,52,,,,,,,,,
7.8화,키움 히어로즈,15,4,0,4,2,0,1,대전,29.4,0,74,,,,,,,,,
7.9수,키움 히어로즈,21,3,0,8,1,1,1,대전,28.3,0,80,,,,,,,,,
7.10목,키움 히어로즈,8,1,0,8,0,0,0,대전,30.8,0,50,,,,,,,,,
7.11금,키움 히어로즈,8,2,0,3,1,0,1,서울,29,0,60,,,,,,,,,
7.12토,키움 히어로즈,9,2,0,9,1,0,0,서울,26.6,0,71,,,,,,,,,
7.13일,키움 히어로즈,11,0,0,5,2,1,0,서울,26.3,0,74,,,,,,,,,
7.16수,키움 히어로즈,6,1,0,9,1,0,1,부산,23.9,0,93,,,,,,,,,
7.26토,키움 히어로즈,6,1,1,8,1,1,0,인천,23.5,0,94,,,,,,,,,
7.27일,키움 히어로즈,11,3,0,10,2,0,1,인천,26.9,0,83,,,,,,,,,
7.28월,키움 히어로즈,11,2,2,13,0,0,1,인천,26.6,0,85,,,,,,,,,
7.29화,키움 히어로즈,16,3,0,9,0,0,1,서울,29.2,0,63,,,,,,,,,
7.30수,키움 히어로즈,10,2,0,4,2,0,1,서울,33,0,55,,,,,,,,,
7.31목,키움 히어로즈,13,3,0,7,0,0,0,서울,30.4,1.5,82,,,,,,,,,
8.1금,키움 히어로즈,5,0,0,5,2,1,0,서울,33.5,0,51,,,,,,,,,
8.2토,키움 히어로즈,8,1,0,6,2,0,1,서울,32.5,0,55,,,,,,,,,
8.4월,키움 히어로즈,8,2,0,9,1,2,0,서울,29.2,0,80,,,,,,,,,
8.5화,키움 히어로즈,7,3,0,6,0,0,1,서울,28.4,0,79,,,,,,,,,
8.7목,키움 히어로즈,11,3,0,11,0,0,1,서울,26.7,0,79,,,,,,,,,
8.8금,키움 히어로즈,21,3,0,7,2,0,1,서울,29.5,0,48,,,,,,,,,
8.9토,키움 히어로즈,12,2,0,10,1,0,0,서울,29.1,0,38,,,,,,,,,
8.11월,키움 히어로즈,10,3,5,13,2,0,0,서울,26.9,0,68,,,,,,,,,
8.12화,키움 히어로즈,15,1,0,7,1,0,1,부산,26.1,0,74,,,,,,,,,
8.13수,키움 히어로즈,11,1,1,8,1,0,1,부산,26,0,68,,,,,,,,,
8.14목,키움 히어로즈,13,3,0,10,1,0,1,서울,22.3,0,80,,,,,,,,,
8.15금,키움 히어로즈,9,4,1,8,0,0,1,서울,28.8,0,62,,,,,,,,,
8.16토,키움 히어로즈,12,1,3,5,0,0,1,광주,27.8,0,65,,,,,,,,,
8.19화,키움 히어로즈,11,1,0,6,0,0,0,서울,24.6,0,88,,,,,,,,,
8.20수,키움 히어로즈,7,0,2,6,0,1,1,서울,27,0,75,,,,,,,,,
8.21목,키움 히어로즈,10,1,0,10,0,0,0,창원,25.9,0,79,,,,,,,,,
8.22금,키움 히어로즈,4,1,0,3,0,1,0,창원,28.5,0,66,,,,,,,,,
8.27수,키움 히어로즈,8,2,2,9,0,0,1,서울,27.5,0,60,,,,,,,,,
8.28목,키움 히어로즈,11,3,0,5,0,0,1,대전,26.7,0,64,,,,,,,,,
8.29금,키움 히어로즈,17,2,1,10,1,0,0,대전,26.6,0,61,,,,,,,,,
8.30토,키움 히어로즈,10,2,1,10,1,1,1,대구,24.4,0,45,,,,,,,,,
8.31일,키움 히어로즈,11,2,0,4,2,0,1,대구,24.1,0,54,,,,,,,,,
9.4목,키움 히어로즈,13,5,0,6,0,1,1,서울,24.8,0,66,,,,,,,,,
9.5금,키움 히어로즈,10,1,3,5,0,0,1,서울,25.9,0,65,,,,,,,,,
9.6토,키움 히어로즈,11,1,0,5,1,0,0,서울,29.1,0,54,,,,,,,,,
9.7일,키움 히어로즈,11,2,1,3,0,1,1,서울,27.7,0,63,,,,,,,,,
9.9화,키움 히어로즈,19,2,0,2,1,1,1,서울,24.6,0,44,,,,,,,,,
9.10수,키움 히어로즈,10,1,2,3,1,0,1,서울,26.5,0,42,,,,,,,,,
9.11목,키움 히어로즈,4,0,0,1,0,1,0,인천,25.3,0,71,,,,,,,,,
9.12금,키움 히어로즈,4,0,0,7,1,0,0,인천,23.4,0,82,,,,,,,,,
10.3금,키움 히어로즈,12,0,0,3,1,1,0,서울,18.5,0,60,,,,,,,,,
10.4토,키움 히어로즈,7,0,0,6,0,3,1,서울,19.7,0,49,,,,,,,,,
10.5일,키움 히어로즈,9,0,0,9,2,2,0,서울,20.6,0,46,,,,,,,,,
10.7화,키움 히어로즈,10,0,3,6,1,1,1,서울,18.3,0,46,,,,,,,,,
10.8수,키움 히어로즈,8,0,3,12,0,0,1,서울,20.3,0,54,,,,,,,,,
10.13월,키움 히어로즈,10,1,1,11,0,1,1,광주,19,0,59,,,,,,,,,
10.14화,키움 히어로즈,19,3,0,5,1,1,1,부산,16.1,0,59,,,,,,,,,
10.15수,키움 히어로즈,9,2,1,6,1,1,1,부산,17.5,0,63,,,,,,,,,
10.17금,키움 히어로즈,10,3,0,10,0,2,1,서울,16.9,0,48,,,,,,,,,
10.27월,키움 히어로즈,9,1,1,9,1,0,1,서울,12.9,0,32,,,,,,,,,
10.28화,키움 히어로즈,5,1,0,14,0,2,0,서울,14,0,34,,,,,,,,,
10.30목,키움 히어로즈,10,2,0,10,1,1,1,서울,17.1,0,40,,,,,,,,,
4.1수,키움 히어로즈,6,0,0,6,4,2,0,창원,10.4,0,89,,,,,,,,,
4.3금,키움 히어로즈,16,3,1,8,1,0,1,서울,14.1,0,63,,,,,,,,,
4.4토,키움 히어로즈,7,0,2,9,1,1,0,서울,16,0,46,,,,,,,,,
4.5일,키움 히어로즈,13,3,0,9,0,4,0,서울,10.8,0,85,,,,,,,,,
4.7화,키움 히어로즈,27,4,0,10,1,0,1,서울,9.6,0,56,,,,,,,,,
4.8수,키움 히어로즈,8,0,1,9,0,0,0,서울,12,0,34,,,,,,,,,
4.9목,키움 히어로즈,0,0,0,8,0,2,0,서울,12.9,0,36,,,,,,,,,
4.10금,키움 히어로즈,6,1,0,8,0,0,1,서울,15.9,0,33,,,,,,,,,
4.11토,키움 히어로즈,9,0,0,12,0,3,0,서울,17.5,0,23,,,,,,,,,
4.12일,키움 히어로즈,7,1,0,5,4,0,0,서울,18.8,0,18,,,,,,,,,
4.15수,키움 히어로즈,8,1,1,9,0,0,1,인천,12.4,0,95,,,,,,,,,
4.16목,키움 히어로즈,1,0,0,7,0,0,0,인천,9.5,0,82,,,,,,,,,
4.17금,키움 히어로즈,8,0,1,7,0,1,1,광주,17.3,0,32,,,,,,,,,
4.18토,키움 히어로즈,10,1,0,9,0,1,1,광주,18,0,24,,,,,,,,,
4.19일,키움 히어로즈,22,3,0,9,0,1,1,광주,18.5,0,80,,,,,,,,,
4.21화,키움 히어로즈,14,3,0,15,0,0,1,서울,18.4,0,21,,,,,,,,,
4.22수,키움 히어로즈,13,3,0,9,1,1,0,서울,18.2,0,39,,,,,,,,,
4.23목,키움 히어로즈,9,0,0,10,0,1,0,서울,17.5,0,26,,,,,,,,,
4.24금,키움 히어로즈,12,3,1,8,1,1,1,수원,18.8,0,24,,,,,,,,,
4.25토,키움 히어로즈,9,2,0,9,2,0,1,수원,19.4,0,18,,,,,,,,,
4.26일,키움 히어로즈,11,2,0,6,0,2,1,수원,22.7,0,40,,,,,,,,,
4.28화,키움 히어로즈,11,2,0,4,0,0,1,서울,24.1,0,35,,,,,,,,,
4.30목,키움 히어로즈,13,0,0,7,1,2,0,서울,25.6,0,44,,,,,,,,,
5.1금,키움 히어로즈,9,1,2,11,1,0,1,서울,24.4,0,45,,,,,,,,,
5.2토,키움 히어로즈,8,0,0,4,3,0,1,서울,23.5,0,53,,,,,,,,,
5.3일,키움 히어로즈,9,2,1,10,3,1,1,서울,19.5,0,83,,,,,,,,,
5.5화,키움 히어로즈,11,3,0,7,3,2,1,서울,17.4,0,25,,,,,,,,,
5.6수,키움 히어로즈,8,0,0,9,1,0,0,서울,19.6,0,19,,,,,,,,,
5.7목,키움 히어로즈,6,2,0,14,0,1,0,서울,16.8,0,20,,,,,,,,,
5.8금,키움 히어로즈,4,4,0,10,0,0,1,서울,19.7,0,58,,,,,,,,,
5.9토,키움 히어로즈,14,1,2,3,3,1,1,서울,21.4,0,48,,,,,,,,,
5.10일,키움 히어로즈,9,3,1,10,0,3,0,서울,23.7,0,29,,,,,,,,,
5.12화,키움 히어로즈,10,1,0,9,0,0,0,부산,16.1,0,78,,,,,,,,,
5.13수,키움 히어로즈,12,2,1,11,0,2,0,부산,21.6,0,38,,,,,,,,,
5.14목,키움 히어로즈,18,3,0,9,0,0,1,부산,19.6,0,89,,,,,,,,,
5.15금,키움 히어로즈,9,0,4,6,2,1,1,대전,20.7,0,82,,,,,,,,,
5.16토,키움 히어로즈,9,1,1,7,0,1,1,대전,24.4,0,18,,,,,,,,,
5.17일,키움 히어로즈,7,1,2,7,0,1,0,대전,25.5,0,24,,,,,,,,,
5.19화,키움 히어로즈,17,1,0,9,2,1,1,서울,15,0.5,94,,,,,,,,,
5.20수,키움 히어로즈,14,2,0,10,0,1,1,서울,20.9,0,38,,,,,,,,,
5.21목,키움 히어로즈,8,1,0,10,1,1,0,서울,21.3,0,37,,,,,,,,,
5.22금,키움 히어로즈,2,0,0,9,0,0,0,서울,24.6,0,28,,,,,,,,,
5.23토,키움 히어로즈,9,1,1,8,1,1,0,서울,26.7,0,22,,,,,,,,,
5.24일,키움 히어로즈,14,0,0,6,1,3,0,서울,25.8,0,25,,,,,,,,,
5.26화,키움 히어로즈,7,0,0,5,1,1,0,대구,33.4,0,16,,,,,,,,,
5.27수,키움 히어로즈,17,5,0,8,0,0,1,대구,32.1,0,20,,,,,,,,,
5.28목,키움 히어로즈,16,5,0,10,1,1,1,대구,30,0,31,,,,,,,,,
5.29금,키움 히어로즈,14,2,0,7,0,0,1,인천,21.9,0,61,,,,,,,,,
5.31일,키움 히어로즈,10,2,1,8,1,1,1,인천,23.5,0,62,,,,,,,,,
6.2화,키움 히어로즈,10,3,1,9,0,0,1,서울,26.1,0,31,,,,,,,,,
6.3수,키움 히어로즈,6,0,0,9,3,0,0,서울,28.8,0,16,,,,,,,,,
6.4목,키움 히어로즈,16,4,0,6,0,0,1,서울,26.2,0,28,,,,,,,,,
6.5금,키움 히어로즈,12,4,2,12,0,1,1,서울,19.5,0,59,,,,,,,,,
6.6토,키움 히어로즈,14,3,0,6,1,1,1,서울,27.2,0,36,,,,,,,,,
6.7일,키움 히어로즈,9,0,1,12,0,2,0,서울,26.8,0,32,,,,,,,,,
6.9화,키움 히어로즈,9,1,3,8,3,2,0,광주,26.8,0,50,,,,,,,,,
6.10수,키움 히어로즈,9,1,1,7,1,0,1,광주,28.5,0,33,,,,,,,,,
6.11목,키움 히어로즈,9,2,0,4,0,1,0,광주,24.7,0,71,,,,,,,,,
6.12금,키움 히어로즈,8,1,1,10,0,1,0,수원,27,0,51,,,,,,,,,
6.13토,키움 히어로즈,14,1,0,9,0,0,1,수원,25.6,0,72,,,,,,,,,
6.14일,키움 히어로즈,14,1,1,8,1,1,1,수원,24.2,0,60,,,,,,,,,
6.16화,키움 히어로즈,14,1,0,6,1,0,1,서울,28.3,0,53,,,,,,,,,
6.17수,키움 히어로즈,6,1,0,4,2,0,0,서울,24.1,0,68,,,,,,,,,
6.18목,키움 히어로즈,14,2,1,6,0,1,1,서울,29.6,0,40,,,,,,,,,
6.19금,키움 히어로즈,7,1,0,8,3,1,0,서울,27.9,0,48,,,,,,,,,
6.21일,키움 히어로즈,8,1,0,5,2,0,1,서울,27.9,0,52,,,,,,,,,
6.23화,키움 히어로즈,5,0,0,7,0,1,0,대전,29.5,0,47,,,,,,,,,
6.26금,키움 히어로즈,9,0,0,7,0,1,0,부산,23.8,0,85,,,,,,,,,
6.27토,키움 히어로즈,8,1,0,6,0,1,1,부산,21.2,0,78,,,,,,,,,
6.28일,키움 히어로즈,12,2,1,6,1,1,1,부산,21.9,0,75,,,,,,,,,
7.1수,키움 히어로즈,16,3,0,9,0,3,0,서울,25.9,0,53,,,,,,,,,
7.2목,키움 히어로즈,6,0,0,5,0,0,1,서울,27.2,0,33,,,,,,,,,
7.3금,키움 히어로즈,14,1,0,6,1,1,0,서울,26.3,0,51,,,,,,,,,
7.4토,키움 히어로즈,13,0,1,8,2,3,1,서울,27.9,0,49,,,,,,,,,
7.5일,키움 히어로즈,9,1,2,7,1,0,1,서울,27,0,48,,,,,,,,,
7.7화,키움 히어로즈,6,0,0,11,0,0,0,서울,28.4,0,50,,,,,,,,,
7.8수,키움 히어로즈,15,0,2,12,0,1,1,서울,25.2,0,65,,,,,,,,,
7.9목,키움 히어로즈,16,3,2,3,1,0,1,서울,29.3,0,57,,,,,,,,,
7.10금,키움 히어로즈,10,0,1,11,2,1,0,서울,33.6,0,46,,,,,,,,,
7.11토,키움 히어로즈,7,2,0,10,1,2,0,서울,32.7,0,53,,,,,,,,,
7.14화,키움 히어로즈,15,2,0,9,0,0,1,대구,30.6,0,55,,,,,,,,,
7.15수,키움 히어로즈,7,1,0,9,0,2,0,대구,27.6,0,56,,,,,,,,,
7.16목,키움 히어로즈,16,1,2,7,0,2,0,대구,23.5,0,59,,,,,,,,,
7.21화,키움 히어로즈,7,0,0,4,0,1,1,서울,29.5,0,68,,,,,,,,,
7.22수,키움 히어로즈,8,0,1,6,2,1,0,서울,29.4,0,72,,,,,,,,,
7.26일,키움 히어로즈,17,5,1,8,0,0,1,서울,27.7,0,75,,,,,,,,,
7.28화,키움 히어로즈,14,3,0,4,0,1,1,서울,29.8,0,63,,,,,,,,,
7.29수,키움 히어로즈,14,1,3,7,0,0,1,서울,28.8,0,77,,,,,,,,,
7.30목,키움 히어로즈,16,4,1,7,2,0,1,서울,31.5,0,65,,,,,,,,,
7.31금,키움 히어로즈,13,4,0,6,1,0,1,창원,30,0,73,,,,,,,,,
8.1토,키움 히어로즈,6,1,0,7,0,1,0,창원,30,0,65,,,,,,,,,
8.2일,키움 히어로즈,8,1,0,9,1,0,0,창원,28.2,0,77,,,,,,,,,
8.4화,키움 히어로즈,15,4,1,8,2,0,1,서울,29,0,71,,,,,,,,,
8.5수,키움 히어로즈,10,2,1,8,1,1,1,서울,31.7,0,52,,,,,,,,,
8.6목,키움 히어로즈,6,1,0,6,0,1,0,서울,32.7,0,54,,,,,,,,,
8.7금,키움 히어로즈,14,0,1,9,1,1,0,서울,28.2,0.5,80,,,,,,,,,
8.9일,키움 히어로즈,10,1,1,8,0,0,0,대구,31.8,0,52,,,,,,,,,
8.10월,키움 히어로즈,17,2,0,8,0,0,1,대구,31,0,49,,,,,,,,,
8.11화,키움 히어로즈,10,4,1,10,1,0,0,서울,28.6,0,60,,,,,,,,,
8.12수,키움 히어로즈,10,2,0,10,0,1,0,서울,31.1,0,53,,,,,,,,,
8.13목,키움 히어로즈,17,2,0,5,1,1,1,서울,27.5,0,67,,,,,,,,,
8.14금,키움 히어로즈,12,0,0,2,2,0,1,서울,30.1,0,59,,,,,,,,,
8.15토,키움 히어로즈,6,2,2,6,0,0,0,서울,29.2,0,62,,,,,,,,,
8.17월,키움 히어로즈,16,1,0,8,2,1,1,서울,30.3,0,52,,,,,,,,,
8.18화,키움 히어로즈,9,0,0,4,1,2,0,수원,30.6,0,54,,,,,,,,,
8.19수,키움 히어로즈,10,1,0,5,5,2,0,수원,28.9,0,57,,,,,,,,,
8.20목,키움 히어로즈,11,2,0,14,0,1,1,서울,26.4,0,69,,,,,,,,,
8.21금,키움 히어로즈,8,3,0,8,0,1,0,서울,28.6,0,59,,,,,,,,,
8.22토,키움 히어로즈,9,0,0,4,2,1,0,서울,27.2,0,59,,,,,,,,,
8.23일,키움 히어로즈,11,1,3,8,0,2,0,서울,29.6,0,52,,,,,,,,,
8.26수,키움 히어로즈,13,2,1,4,2,0,1,서울,23.4,0,62,,,,,,,,,
8.27목,키움 히어로즈,10,1,1,3,1,0,0,부산,25.9,0,77,,,,,,,,,
8.28금,키움 히어로즈,11,1,1,8,0,0,1,부산,26,0,82,,,,,,,,,
8.29토,키움 히어로즈,17,2,2,6,1,0,1,광주,28.2,0,50,,,,,,,,,
8.30일,키움 히어로즈,10,1,1,4,0,0,1,광주,26.2,0,71,,,,,,,,,
9.1화,키움 히어로즈,11,3,2,10,1,0,1,서울,28.4,0,52,,,,,,,,,
9.2수,키움 히어로즈,15,0,0,3,0,2,1,서울,24.8,0,67,,,,,,,,,
9.3목,키움 히어로즈,14,2,3,7,1,1,1,대전,26.9,0,62,,,,,,,,,
9.4금,키움 히어로즈,11,1,1,6,2,0,1,대전,28.1,0,58,,,,,,,,,
9.5토,키움 히어로즈,12,1,2,10,0,2,1,인천,22.8,0,98,,,,,,,,,
9.6일,키움 히어로즈,6,0,4,10,0,0,0,인천,24.4,0,63,,,,,,,,,
9.8화,키움 히어로즈,13,1,1,4,0,0,1,서울,27.5,0,26,,,,,,,,,
9.9수,키움 히어로즈,11,1,0,3,2,1,1,서울,26.9,0,30,,,,,,,,,
9.10목,키움 히어로즈,8,3,1,6,0,0,1,창원,22.4,0,65,,,,,,,,,
9.11금,키움 히어로즈,8,1,0,2,0,2,0,창원,23.7,0,76,,,,,,,,,
9.12토,키움 히어로즈,7,1,1,3,2,0,1,서울,21.5,0,44,,,,,,,,,
9.13일,키움 히어로즈,10,1,3,7,0,0,0,서울,23.5,0,40,,,,,,,,,
9.16수,키움 히어로즈,7,0,0,8,2,0,0,서울,25.6,0,35,,,,,,,,,
9.19토,키움 히어로즈,10,0,1,11,0,0,1,서울,25.1,0,48,,,,,,,,,
9.20일,키움 히어로즈,5,1,0,5,1,0,0,창원,21.7,0,77,,,,,,,,,
9.21월,키움 히어로즈,13,1,2,9,0,0,1,창원,22.2,0,75,,,,,,,,,
9.23수,키움 히어로즈,13,1,1,5,1,0,1,서울,23.8,0,51,,,,,,,,,
9.24목,키움 히어로즈,9,1,0,8,0,3,0,서울,27.8,0,35,,,,,,,,,
9.25금,키움 히어로즈,5,0,0,7,0,0,0,대전,25.2,0,57,,,,,,,,,
9.26토,키움 히어로즈,5,1,1,9,1,2,0,대전,24.2,0,53,,,,,,,,,
9.27일,키움 히어로즈,12,1,2,8,1,1,1,서울,26.6,0,29,,,,,,,,,
9.28월,키움 히어로즈,11,0,0,11,1,0,0,인천,23.8,0,41,,,,,,,,,
9.29화,키움 히어로즈,11,2,2,9,0,0,0,서울,25.3,0,32,,,,,,,,,
10.1목,키움 히어로즈,6,0,0,8,1,0,1,서울,17.9,0,88,,,,,,,,,
10.2금,키움 히어로즈,13,4,2,3,0,1,1,서울,19.5,0,53,,,,,,,,,
10.3토,키움 히어로즈,1,0,0,12,0,0,0,서울,19.9,0,28,,,,,,,,,
10.7수,키움 히어로즈,8,0,1,13,1,1,1,서울,22,0,53,,,,,,,,,
10.10토,키움 히어로즈,5,2,0,7,0,0,0,서울,13.3,0,76,,,,,,,,,
10.11일,키움 히어로즈,7,1,0,8,0,1,0,서울,12,1.5,90,,,,,,,,,
10.13화,키움 히어로즈,10,2,0,5,0,0,1,서울,18.1,0,61,,,,,,,,,
10.14수,키움 히어로즈,13,1,1,6,0,2,0,서울,20.3,0,52,,,,,,,,,
4.1금,키움 히어로즈,6,0,0,6,0,1,0,서울,18.9,0,20,,,,,,,,,
4.2토,키움 히어로즈,9,0,1,6,1,0,1,서울,17.5,0,32,,,,,,,,,
4.3일,키움 히어로즈,11,0,3,7,0,1,1,서울,10.4,0,77,,,,,,,,,
4.5화,키움 히어로즈,7,1,2,11,1,1,0,대전,18.6,0,21,,,,,,,,,
4.6수,키움 히어로즈,6,0,0,12,0,0,1,대전,20.8,0,17,,,,,,,,,
4.7목,키움 히어로즈,7,2,1,4,1,0,1,대전,17.7,0,61,,,,,,,,,
4.8금,키움 히어로즈,9,1,2,12,1,2,0,서울,11.7,0,74,,,,,,,,,
4.10일,키움 히어로즈,8,0,0,10,0,0,1,서울,14.8,0,70,,,,,,,,,
4.12화,키움 히어로즈,11,1,0,5,0,0,1,서울,17.3,0,34,,,,,,,,,
4.13수,키움 히어로즈,13,1,4,10,0,0,0,서울,20.6,0,56,,,,,,,,,
4.14목,키움 히어로즈,7,2,1,9,2,1,0,서울,16.8,0,54,,,,,,,,,
4.15금,키움 히어로즈,10,0,1,6,0,4,0,광주,20.6,0,39,,,,,,,,,
4.17일,키움 히어로즈,9,0,0,3,3,0,1,광주,14.7,0,49,,,,,,,,,
4.19화,키움 히어로즈,10,1,0,8,1,0,1,인천,12.5,0,75,,,,,,,,,
4.20수,키움 히어로즈,8,1,0,9,2,3,0,인천,13.1,0,96,,,,,,,,,
4.21목,키움 히어로즈,6,1,1,11,0,2,0,인천,15.6,0,98,,,,,,,,,
4.22금,키움 히어로즈,14,2,0,6,2,0,1,서울,12.3,0,90,,,,,,,,,
4.23토,키움 히어로즈,18,2,0,11,0,2,1,서울,16.7,0,17,,,,,,,,,
4.24일,키움 히어로즈,11,0,2,6,0,1,0,서울,20.7,0,28,,,,,,,,,
4.26화,키움 히어로즈,9,0,0,10,1,0,0,창원,19.8,0,58,,,,,,,,,
4.28목,키움 히어로즈,9,1,1,7,0,1,1,창원,14.2,0,82,,,,,,,,,
4.29금,키움 히어로즈,7,0,1,7,1,0,0,서울,18.9,0,42,,,,,,,,,
4.30토,키움 히어로즈,5,0,1,7,1,1,0,서울,18.8,0,35,,,,,,,,,
5.1일,키움 히어로즈,14,1,1,5,0,0,1,서울,22.9,0,29,,,,,,,,,
5.3화,키움 히어로즈,11,1,0,10,0,0,1,대구,15.2,0,63,,,,,,,,,
5.4수,키움 히어로즈,10,1,1,5,1,0,1,대구,22.6,0,20,,,,,,,,,
5.5목,키움 히어로즈,4,1,0,5,0,1,0,대구,24.1,0,32,,,,,,,,,
5.6금,키움 히어로즈,20,3,3,7,0,0,1,서울,14.9,0,95,,,,,,,,,
5.7토,키움 히어로즈,8,0,3,7,1,0,1,서울,21.1,0,39,,,,,,,,,
5.8일,키움 히어로즈,10,2,0,6,0,2,1,서울,22.9,0,27,,,,,,,,,
5.11수,키움 히어로즈,17,4,0,13,1,0,1,부산,16.3,0,75,,,,,,,,,
5.12목,키움 히어로즈,3,0,0,12,1,0,0,부산,20.5,0,44,,,,,,,,,
5.13금,키움 히어로즈,10,0,1,8,1,2,0,서울,25.1,0,30,,,,,,,,,
5.14토,키움 히어로즈,5,1,0,8,0,0,0,서울,24.4,0,34,,,,,,,,,
5.15일,키움 히어로즈,8,1,0,4,2,3,0,서울,17.6,8.5,94,,,,,,,,,
5.17화,키움 히어로즈,10,1,1,8,1,0,1,서울,26.1,0,30,,,,,,,,,
5.18수,키움 히어로즈,16,1,0,5,1,1,1,서울,28.8,0,18,,,,,,,,,
5.19목,키움 히어로즈,8,0,1,10,3,0,0,서울,29.4,0,21,,,,,,,,,
5.20금,키움 히어로즈,4,0,1,11,1,0,0,서울,27.6,0,39,,,,,,,,,
5.21토,키움 히어로즈,13,2,2,4,0,1,1,서울,28.6,0,16,,,,,,,,,
5.22일,키움 히어로즈,10,1,0,6,0,1,0,서울,28.5,0,31,,,,,,,,,
5.24화,키움 히어로즈,4,0,2,6,1,1,1,서울,18.7,0,68,,,,,,,,,
5.25수,키움 히어로즈,15,1,0,5,1,0,1,서울,22.5,0,61,,,,,,,,,
5.26목,키움 히어로즈,7,0,1,8,1,1,0,서울,20.5,0,68,,,,,,,,,
5.27금,키움 히어로즈,4,0,0,5,1,0,0,수원,23.4,0,45,,,,,,,,,
5.28토,키움 히어로즈,11,0,2,6,2,1,1,수원,23.1,0,45,,,,,,,,,
5.29일,키움 히어로즈,8,2,2,4,2,1,1,수원,23.2,0,48,,,,,,,,,
5.31화,키움 히어로즈,9,0,0,8,0,1,0,서울,25.2,0,52,,,,,,,,,
6.1,키움 히어로즈,11,1,0,5,1,0,1,서울,28.9,0,27,,,,,,,,,
6.2,키움 히어로즈,12,4,0,8,0,0,0,서울,27.6,0,29,,,,,,,,,
6.3,키움 히어로즈,14,1,4,2,2,0,1,광주,25.6,0,50,,,,,,,,,
6.5,키움 히어로즈,8,1,1,4,1,1,1,광주,24.4,0,63,,,,,,,,,
6.7,키움 히어로즈,5,1,1,9,0,0,0,창원,21.8,0,81,,,,,,,,,
6.8,키움 히어로즈,11,0,0,11,0,0,0,창원,22.8,0,82,,,,,,,,,
6.9,키움 히어로즈,11,0,0,11,2,2,0,창원,22.7,0,82,,,,,,,,,
6.1,키움 히어로즈,8,0,2,10,1,1,0,서울,26.6,0,55,,,,,,,,,
6.11,키움 히어로즈,8,0,0,3,1,2,1,서울,24.9,0,76,,,,,,,,,
6.12,키움 히어로즈,14,1,2,6,0,0,1,서울,25.9,0,66,,,,,,,,,
6.14,키움 히어로즈,10,1,0,10,1,0,1,서울,24.6,0,57,,,,,,,,,
6.15,키움 히어로즈,11,0,0,8,1,3,0,서울,21.1,0,89,,,,,,,,,
6.16,키움 히어로즈,14,2,1,7,1,1,1,서울,23.1,0,62,,,,,,,,,
6.17,키움 히어로즈,6,2,1,9,1,1,0,대전,28.2,0,46,,,,,,,,,
6.18,키움 히어로즈,13,1,2,10,0,1,1,대전,29.2,0,48,,,,,,,,,
6.19,키움 히어로즈,13,1,5,4,1,0,1,대전,29.4,0,41,,,,,,,,,
6.21,키움 히어로즈,18,0,6,5,0,1,1,서울,27.8,0,54,,,,,,,,,
6.22,키움 히어로즈,10,2,1,1,1,0,1,서울,23.7,0.5,89,,,,,,,,,
6.23,키움 히어로즈,3,0,1,3,0,2,0,서울,26.5,0,68,,,,,,,,,
6.24,키움 히어로즈,8,2,0,4,1,0,0,서울,25.1,0,69,,,,,,,,,
6.25,키움 히어로즈,13,1,2,6,4,0,1,서울,25.8,0,50,,,,,,,,,
6.26,키움 히어로즈,6,0,1,8,2,0,0,서울,28.4,0,45,,,,,,,,,
6.28,키움 히어로즈,9,0,0,7,1,1,0,서울,28.6,0,42,,,,,,,,,
6.29,키움 히어로즈,16,3,0,3,3,0,1,서울,26.7,0,61,,,,,,,,,
6.3,키움 히어로즈,14,0,0,5,1,0,1,서울,26.1,0,73,,,,,,,,,
7.1금,키움 히어로즈,16,3,0,3,0,0,1,서울,23.6,4,92,,,,,,,,,
7.2토,키움 히어로즈,13,0,2,8,0,1,1,서울,26.7,0,62,,,,,,,,,
7.3일,키움 히어로즈,12,0,4,5,2,1,1,서울,26.3,0,53,,,,,,,,,
7.6수,키움 히어로즈,9,0,0,5,1,1,1,서울,26.4,0,59,,,,,,,,,
7.7목,키움 히어로즈,7,0,0,4,0,0,0,서울,27.5,0,59,,,,,,,,,
7.8금,키움 히어로즈,13,3,1,4,1,2,0,서울,32.2,0,48,,,,,,,,,
7.9토,키움 히어로즈,9,0,0,6,1,1,1,서울,30.3,0,60,,,,,,,,,
7.10일,키움 히어로즈,13,1,1,5,0,1,1,서울,30.2,0,61,,,,,,,,,
7.12화,키움 히어로즈,10,2,2,8,0,0,1,수원,27.4,0,71,,,,,,,,,
7.13수,키움 히어로즈,9,2,3,10,0,1,1,수원,27.5,0,65,,,,,,,,,
7.14목,키움 히어로즈,17,3,0,7,0,0,1,수원,29.1,0,61,,,,,,,,,
7.19화,키움 히어로즈,10,2,1,8,1,1,0,서울,31.3,0,49,,,,,,,,,
7.20수,키움 히어로즈,9,1,0,1,1,1,1,서울,30.9,0,59,,,,,,,,,
7.21목,키움 히어로즈,10,0,3,5,1,1,1,서울,31.3,0,55,,,,,,,,,
7.22금,키움 히어로즈,14,2,3,4,1,2,0,인천,29,0,93,,,,,,,,,
7.23토,키움 히어로즈,12,1,1,3,1,0,1,인천,27.6,0,98,,,,,,,,,
7.24일,키움 히어로즈,5,1,2,4,0,1,0,인천,27.6,0,98,,,,,,,,,
7.26화,키움 히어로즈,5,0,0,4,3,2,0,서울,29.9,0,64,,,,,,,,,
7.27수,키움 히어로즈,17,2,2,4,1,1,1,서울,28.4,0,75,,,,,,,,,
7.28목,키움 히어로즈,13,1,0,3,0,1,1,서울,29.3,0,61,,,,,,,,,
7.29금,키움 히어로즈,11,1,2,7,2,0,0,대구,34.2,0,54,,,,,,,,,
8.3,키움 히어로즈,14,1,1,6,2,1,0,부산,28.4,0,0,,,,,,,,,
8.4,키움 히어로즈,10,2,1,14,0,0,1,부산,29.2,0,0,,,,,,,,,
8.5,키움 히어로즈,10,1,1,1,2,1,0,서울,35.1,0,0,,,,,,,,,
8.6,키움 히어로즈,12,2,0,5,2,2,0,서울,33.5,0,0,,,,,,,,,
8.7,키움 히어로즈,6,0,1,2,2,0,1,서울,33.5,0,0,,,,,,,,,
8.9,키움 히어로즈,12,1,0,6,0,1,1,수원,32.5,0,0,,,,,,,,,
8.1,키움 히어로즈,14,1,0,4,0,1,1,수원,31,0,0,,,,,,,,,
8.11,키움 히어로즈,13,2,6,8,1,0,1,서울,34.7,0,0,,,,,,,,,
8.12,키움 히어로즈,9,0,2,10,1,1,0,서울,33.7,0,0,,,,,,,,,
8.13,키움 히어로즈,7,0,0,7,0,0,0,서울,32.9,0,0,,,,,,,,,
8.14,키움 히어로즈,6,1,1,4,0,0,0,서울,30.7,0,0,,,,,,,,,
8.16,키움 히어로즈,10,1,3,10,1,2,1,서울,31,0,0,,,,,,,,,
8.17,키움 히어로즈,13,2,0,4,0,1,1,서울,33.5,0,0,,,,,,,,,
8.18,키움 히어로즈,11,1,1,3,1,0,1,서울,31.7,0,0,,,,,,,,,
8.19,키움 히어로즈,7,0,0,3,1,0,0,서울,26.7,10.5,0,,,,,,,,,
8.2,키움 히어로즈,8,1,3,3,1,0,1,서울,33.5,0,0,,,,,,,,,
8.21,키움 히어로즈,7,0,1,7,1,0,1,서울,34,0,0,,,,,,,,,
8.24,키움 히어로즈,12,4,3,4,1,0,1,대전,32.8,0,0,,,,,,,,,
8.25,키움 히어로즈,11,0,0,6,2,0,0,서울,27.6,0.3,0,,,,,,,,,
8.26,키움 히어로즈,7,0,0,6,0,1,0,서울,27,0,0,,,,,,,,,
8.27,키움 히어로즈,11,2,2,5,1,0,1,창원,25.2,0,0,,,,,,,,,
8.3,키움 히어로즈,6,1,0,7,1,0,0,대구,23.5,0,0,,,,,,,,,
8.31,키움 히어로즈,13,0,2,9,0,1,1,대구,26.7,0,0,,,,,,,,,
9.1,키움 히어로즈,9,0,0,8,2,0,1,서울,27.7,0,44,,,,,,,,,
9.2,키움 히어로즈,16,2,2,5,0,0,1,서울,25.8,0,62,,,,,,,,,
9.3,키움 히어로즈,17,2,1,11,1,2,0,서울,27.9,0,59,,,,,,,,,
9.4,키움 히어로즈,15,1,2,6,2,0,1,서울,27.5,0,68,,,,,,,,,
9.6,키움 히어로즈,8,0,1,6,1,1,0,서울,26.6,0,57,,,,,,,,,
9.7,키움 히어로즈,5,0,0,9,2,0,0,서울,26,0,64,,,,,,,,,
9.8,키움 히어로즈,6,0,1,10,1,0,0,인천,24.5,0,91,,,,,,,,,
9.9,키움 히어로즈,6,0,1,4,0,0,0,인천,25.2,0,89,,,,,,,,,
9.1,키움 히어로즈,13,1,0,3,0,1,1,서울,27.4,0,51,,,,,,,,,
9.11,키움 히어로즈,11,0,0,8,2,0,0,서울,25.7,0,63,,,,,,,,,
9.13,키움 히어로즈,7,1,3,8,1,0,0,광주,27.6,0,71,,,,,,,,,
9.14,키움 히어로즈,9,3,0,7,1,0,1,광주,25.2,0,78,,,,,,,,,
9.15,키움 히어로즈,17,1,0,3,1,0,1,서울,26.1,0,66,,,,,,,,,
9.16,키움 히어로즈,10,1,1,9,0,0,1,서울,26.1,0,59,,,,,,,,,
9.18,키움 히어로즈,12,2,0,10,1,0,0,부산,21.2,0,79,,,,,,,,,
9.19,키움 히어로즈,13,1,1,5,1,0,1,부산,20.4,0,79,,,,,,,,,
9.2,키움 히어로즈,8,2,1,5,0,0,0,광주,24.3,0,43,,,,,,,,,
9.21,키움 히어로즈,7,0,3,4,0,1,0,광주,22.4,0,50,,,,,,,,,
9.24,키움 히어로즈,11,1,2,7,0,0,0,대구,24.9,0,57,,,,,,,,,
9.25,키움 히어로즈,12,0,1,10,0,1,0,대구,24.3,0,72,,,,,,,,,
9.29,키움 히어로즈,15,2,0,7,1,1,1,서울,21.7,0,61,,,,,,,,,
10.2,키움 히어로즈,13,1,2,11,1,1,1,대전,22.6,0,83,,,,,,,,,
10.4,키움 히어로즈,5,0,1,8,0,0,1,창원,23.8,0,66,,,,,,,,,
10.5,키움 히어로즈,7,2,0,7,1,0,0,창원,22.5,0,83,,,,,,,,,
10.7,키움 히어로즈,8,0,2,10,0,0,0,부산,19.9,0,76,,,,,,,,,
10.9,키움 히어로즈,10,0,0,6,1,3,0,부산,16.1,0,59,,,,,,,,,
10.13,키움 히어로즈,11,0,0,7,1,0,0,서울,18.1,0,39,,,,,,,,,
10.14,키움 히어로즈,10,1,0,8,1,1,1,서울,20.4,0,56,,,,,,,,,
10.16,키움 히어로즈,6,0,0,3,0,1,0,서울,17.2,0,80,,,,,,,,,
10.17,키움 히어로즈,6,0,0,6,0,2,0,서울,18.9,0,74,,,,,,,,,
4.1,키움 히어로즈,12,0,1,9,1,0,0,서울,11.7,0,51,,,,,,,,,
4.2,키움 히어로즈,3,0,1,6,0,1,0,서울,12.7,0,34,,,,,,,,,
4.4,키움 히어로즈,9,1,0,5,1,0,0,부산,16.7,0,42,,,,,,,,,
4.6,키움 히어로즈,8,2,0,5,0,0,0,부산,14,0,97,,,,,,,,,
4.7,키움 히어로즈,11,1,2,4,1,1,1,서울,19.4,0,55,,,,,,,,,
4.8,키움 히어로즈,20,2,0,6,1,1,1,서울,15.2,0,70,,,,,,,,,
4.9,키움 히어로즈,19,1,0,5,2,1,1,서울,17.3,0,40,,,,,,,,,
4.11,키움 히어로즈,17,2,0,6,1,0,1,서울,18.7,0,37,,,,,,,,,
4.12,키움 히어로즈,8,0,1,8,1,1,1,서울,12.4,0,15,,,,,,,,,
4.13,키움 히어로즈,9,0,0,9,1,0,0,서울,15.9,0,53,,,,,,,,,
4.14,키움 히어로즈,7,1,0,9,0,0,0,광주,18.6,0,52,,,,,,,,,
4.15,키움 히어로즈,13,0,0,6,3,0,0,광주,23.9,0,41,,,,,,,,,
4.16,키움 히어로즈,13,0,1,9,0,0,0,광주,26.1,0,24,,,,,,,,,
4.18,키움 히어로즈,8,1,0,9,0,1,0,인천,10.3,0,95,,,,,,,,,
4.19,키움 히어로즈,6,0,0,5,3,2,0,인천,13.2,0,55,,,,,,,,,
4.2,키움 히어로즈,11,1,0,8,0,2,1,인천,13.6,0,55,,,,,,,,,
4.21,키움 히어로즈,8,3,2,8,0,0,1,서울,15.9,0,47,,,,,,,,,
4.22,키움 히어로즈,6,0,1,10,0,1,0,서울,18.8,0,28,,,,,,,,,
4.23,키움 히어로즈,11,2,0,11,0,0,1,서울,18.3,0,24,,,,,,,,,
4.25,키움 히어로즈,17,1,0,2,1,0,1,서울,17.8,0,53,,,,,,,,,
4.26,키움 히어로즈,10,0,0,4,0,1,0,서울,17.8,0,25,,,,,,,,,
4.27,키움 히어로즈,10,0,2,4,1,0,1,서울,16.6,0,25,,,,,,,,,
4.28,키움 히어로즈,13,3,0,7,1,0,1,대전,19,0,35,,,,,,,,,
4.29,키움 히어로즈,14,0,1,6,0,0,1,대전,23,0,17,,,,,,,,,
4.3,키움 히어로즈,8,0,1,4,1,0,1,대전,23.2,0,54,,,,,,,,,
5.2,키움 히어로즈,12,0,0,10,1,4,0,서울,23.5,0,33,,,,,,,,,
5.3,키움 히어로즈,11,0,0,9,1,0,0,서울,25.9,0,25,,,,,,,,,
5.4,키움 히어로즈,9,2,0,4,0,0,1,서울,23.3,0,40,,,,,,,,,
5.5,키움 히어로즈,8,0,0,5,0,0,1,서울,22.5,0,54,,,,,,,,,
5.6,키움 히어로즈,11,0,1,10,0,0,0,서울,16.8,0,41,,,,,,,,,
5.1,키움 히어로즈,8,0,0,9,0,1,0,창원,20.6,0,55,,,,,,,,,
5.11,키움 히어로즈,9,1,1,7,1,1,1,창원,23.9,0,66,,,,,,,,,
5.12,키움 히어로즈,7,0,0,10,3,0,0,대구,19.6,0,71,,,,,,,,,
5.13,키움 히어로즈,12,0,1,6,1,0,1,대구,25,0,53,,,,,,,,,
5.14,키움 히어로즈,8,1,1,11,0,1,1,대구,22.7,0,19,,,,,,,,,
5.16,키움 히어로즈,10,1,1,6,0,1,1,서울,21.2,0,47,,,,,,,,,
5.17,키움 히어로즈,12,0,0,4,0,1,0,서울,24.1,0,34,,,,,,,,,
5.18,키움 히어로즈,8,2,0,3,2,1,1,서울,24.8,0,32,,,,,,,,,
5.19,키움 히어로즈,9,0,0,7,1,2,1,수원,22.6,0,31,,,,,,,,,
5.2,키움 히어로즈,15,3,1,10,2,0,1,수원,22.9,0,31,,,,,,,,,
5.21,키움 히어로즈,12,0,0,7,1,0,0,수원,23.1,0,44,,,,,,,,,
5.23,키움 히어로즈,7,0,0,6,2,1,0,서울,20,0,72,,,,,,,,,
5.24,키움 히어로즈,6,2,1,9,0,2,0,서울,27,0,39,,,,,,,,,
5.25,키움 히어로즈,4,0,0,6,3,1,0,서울,22.2,0,29,,,,,,,,,
5.26,키움 히어로즈,20,1,2,3,1,2,1,서울,21.6,0,36,,,,,,,,,
5.27,키움 히어로즈,13,1,2,6,1,2,1,서울,23.7,0,29,,,,,,,,,
5.28,키움 히어로즈,12,0,0,10,3,1,0,서울,25.1,0,55,,,,,,,,,
5.3,키움 히어로즈,7,1,0,5,2,1,1,서울,28.7,0,8,,,,,,,,,
5.31,키움 히어로즈,8,0,0,6,1,0,0,서울,27.2,0,44,,,,,,,,,
6.1,키움 히어로즈,8,0,0,7,0,1,0,서울,26.3,0,32,,,,,,,,,
6.2,키움 히어로즈,7,2,0,2,2,1,0,서울,23.5,0,32,,,,,,,,,
6.3,키움 히어로즈,16,1,1,4,2,0,1,서울,23.4,0,34,,,,,,,,,
6.4,키움 히어로즈,10,0,2,7,1,0,0,서울,25.6,0,21,,,,,,,,,
6.6,키움 히어로즈,9,3,0,3,2,1,0,인천,16.9,0,79,,,,,,,,,
6.7,키움 히어로즈,12,0,2,9,2,1,1,인천,19.1,0,78,,,,,,,,,
6.8,키움 히어로즈,12,0,0,5,0,0,1,인천,19.9,0,71,,,,,,,,,
6.9,키움 히어로즈,11,2,0,8,2,0,1,광주,27,0,34,,,,,,,,,
6.1,키움 히어로즈,13,1,0,6,0,0,1,광주,25.1,0,76,,,,,,,,,
6.11,키움 히어로즈,3,0,0,6,1,1,0,광주,26.5,0,38,,,,,,,,,
6.13,키움 히어로즈,5,0,1,10,0,1,0,서울,22.8,0,61,,,,,,,,,
6.14,키움 히어로즈,15,4,0,9,0,0,1,서울,25.2,0,46,,,,,,,,,
6.15,키움 히어로즈,12,1,1,4,2,0,0,서울,27.4,0,45,,,,,,,,,
6.16,키움 히어로즈,5,0,0,7,0,0,1,서울,29.1,0,49,,,,,,,,,
6.17,키움 히어로즈,10,2,0,7,1,0,1,서울,26.9,0,42,,,,,,,,,
6.18,키움 히어로즈,16,0,3,11,1,0,1,서울,28,0,33,,,,,,,,,
6.2,키움 히어로즈,9,1,1,9,2,0,0,대전,29.4,0,37,,,,,,,,,
6.21,키움 히어로즈,9,0,1,10,2,0,1,대전,27.1,0,57,,,,,,,,,
6.22,키움 히어로즈,20,2,1,7,2,1,0,대전,31.6,0,35,,,,,,,,,
6.23,키움 히어로즈,14,0,1,11,0,1,1,서울,29.2,0,44,,,,,,,,,
6.24,키움 히어로즈,8,0,0,5,1,3,0,서울,24.7,0,64,,,,,,,,,
6.25,키움 히어로즈,11,0,0,6,2,1,1,서울,25.5,0,71,,,,,,,,,
6.27,키움 히어로즈,7,0,0,5,2,1,0,창원,23.2,0,80,,,,,,,,,
6.28,키움 히어로즈,8,0,0,5,1,0,0,창원,24.7,0,77,,,,,,,,,
6.3,키움 히어로즈,15,3,2,7,0,1,1,수원,26.7,0,62,,,,,,,,,
7.2,키움 히어로즈,9,0,0,6,0,0,1,수원,26.2,0,93,,,,,,,,,
7.4,키움 히어로즈,12,2,0,10,0,0,1,서울,29.2,0,64,,,,,,,,,
7.5,키움 히어로즈,19,4,1,11,0,1,1,서울,31.4,0,55,,,,,,,,,
7.6,키움 히어로즈,18,1,0,6,2,0,1,서울,27.8,2,80,,,,,,,,,
7.7,키움 히어로즈,14,3,0,2,1,0,1,대구,28.7,0,76,,,,,,,,,
7.8,키움 히어로즈,10,5,1,8,3,0,1,대구,28.4,0,76,,,,,,,,,
7.9,키움 히어로즈,6,0,0,8,1,1,0,대구,31.7,0,64,,,,,,,,,
7.11,키움 히어로즈,9,2,0,4,0,0,1,서울,29.2,0,71,,,,,,,,,
7.12,키움 히어로즈,8,0,0,9,2,1,0,서울,29.6,0,62,,,,,,,,,
7.13,키움 히어로즈,10,0,0,8,0,0,0,서울,31.1,0,59,,,,,,,,,
7.18,키움 히어로즈,5,1,0,9,0,0,0,서울,30,0,63,,,,,,,,,
7.19,키움 히어로즈,10,0,0,7,0,2,1,서울,30.3,0,66,,,,,,,,,
7.2,키움 히어로즈,11,1,0,8,2,1,0,서울,33.3,0,57,,,,,,,,,
7.21,키움 히어로즈,7,0,0,3,1,0,1,서울,31.8,0,69,,,,,,,,,
7.22,키움 히어로즈,5,2,2,7,0,1,0,서울,31.2,0,66,,,,,,,,,
7.23,키움 히어로즈,9,2,1,10,0,1,1,서울,28,0,82,,,,,,,,,
7.25,키움 히어로즈,10,3,0,9,0,0,1,서울,34,0,42,,,,,,,,,
7.26,키움 히어로즈,5,0,0,6,3,0,0,서울,31.4,0,45,,,,,,,,,
7.27,키움 히어로즈,7,0,0,6,2,0,0,서울,28.5,0,58,,,,,,,,,
7.28,키움 히어로즈,10,0,0,7,0,0,0,서울,26.6,0,89,,,,,,,,,
7.29,키움 히어로즈,15,4,1,7,1,0,1,서울,29.7,0,63,,,,,,,,,
7.3,키움 히어로즈,18,1,0,10,0,1,1,서울,30.3,0,54,,,,,,,,,
8.1,키움 히어로즈,9,0,2,3,0,0,1,서울,32.6,0,59,,,,,,,,,
8.2,키움 히어로즈,8,1,0,7,0,0,1,서울,32.8,0,60,,,,,,,,,
8.3,키움 히어로즈,13,4,1,9,0,1,1,서울,32.4,0,48,,,,,,,,,
8.4,키움 히어로즈,11,2,0,13,0,1,0,부산,31.6,0,64,,,,,,,,,
8.5,키움 히어로즈,11,3,1,10,0,0,0,부산,32.3,0,62,,,,,,,,,
8.6,키움 히어로즈,8,1,0,6,1,1,0,부산,32.8,0,56,,,,,,,,,
8.8,키움 히어로즈,12,1,2,7,2,0,1,광주,30.3,0,76,,,,,,,,,
8.9,키움 히어로즈,4,0,1,5,1,1,0,광주,28.4,0,91,,,,,,,,,
8.1,키움 히어로즈,8,0,1,6,1,0,0,서울,25.4,0,90,,,,,,,,,
8.11,키움 히어로즈,10,2,2,8,1,0,1,서울,29.3,0,68,,,,,,,,,
8.12,키움 히어로즈,7,0,0,6,2,2,0,서울,31.4,0,48,,,,,,,,,
8.13,키움 히어로즈,15,1,0,5,1,0,1,서울,28.4,0,54,,,,,,,,,
8.16,키움 히어로즈,11,0,2,11,0,1,1,대구,27.7,0,73,,,,,,,,,
8.17,키움 히어로즈,8,0,0,10,0,1,0,서울,27.3,0,70,,,,,,,,,
8.18,키움 히어로즈,15,1,0,11,1,0,0,서울,29.3,0,62,,,,,,,,,
8.19,키움 히어로즈,8,0,0,7,2,1,1,서울,27.9,0,67,,,,,,,,,
8.2,키움 히어로즈,9,2,0,11,0,0,0,서울,23.8,1,91,,,,,,,,,
8.22,키움 히어로즈,14,2,1,6,1,1,1,서울,30.9,0,53,,,,,,,,,
8.23,키움 히어로즈,13,0,0,5,1,0,1,서울,28.8,0,79,,,,,,,,,
8.24,키움 히어로즈,8,0,0,12,0,0,0,서울,26.9,0,79,,,,,,,,,
8.25,키움 히어로즈,7,1,1,10,2,1,0,서울,28.6,0,35,,,,,,,,,
8.26,키움 히어로즈,6,0,1,9,2,0,0,부산,26.6,0,36,,,,,,,,,
8.27,키움 히어로즈,14,3,0,7,0,0,1,부산,26,0,57,,,,,,,,,
8.29,키움 히어로즈,16,1,0,10,1,0,1,서울,22.5,0,34,,,,,,,,,
8.3,키움 히어로즈,12,1,1,4,1,0,1,서울,23.3,0,61,,,,,,,,,
8.31,키움 히어로즈,5,1,0,10,1,1,1,서울,26.1,0,42,,,,,,,,,
9.1,키움 히어로즈,5,1,0,5,1,2,0,서울,27.5,0,40,,,,,,,,,
9.2,키움 히어로즈,10,1,1,9,1,1,0,서울,27.6,0,54,,,,,,,,,
9.3,키움 히어로즈,9,0,0,7,1,2,1,서울,26.6,0,59,,,,,,,,,
9.5,키움 히어로즈,6,0,2,12,0,1,0,수원,22.4,0,73,,,,,,,,,
9.6,키움 히어로즈,9,1,0,10,2,1,0,수원,19.8,0,92,,,,,,,,,
9.8,키움 히어로즈,12,1,0,13,0,1,0,서울,27.5,0,49,,,,,,,,,
9.9,키움 히어로즈,5,1,0,8,1,0,0,인천,25.5,0,63,,,,,,,,,
9.1,키움 히어로즈,11,4,0,7,1,1,0,인천,23.9,0,74,,,,,,,,,
9.12,키움 히어로즈,3,0,0,7,0,0,0,서울,25.6,0,34,,,,,,,,,
9.13,키움 히어로즈,10,0,0,5,2,0,1,서울,25.3,0,37,,,,,,,,,
9.14,키움 히어로즈,7,0,0,14,0,1,0,대전,25.3,0,54,,,,,,,,,
9.15,키움 히어로즈,9,1,1,10,1,2,0,대전,22.6,0,56,,,,,,,,,
9.16,키움 히어로즈,14,2,0,13,0,0,0,창원,23.7,0,67,,,,,,,,,
9.17,키움 히어로즈,18,5,0,13,0,2,1,창원,24.5,0,73,,,,,,,,,
9.21,키움 히어로즈,13,1,2,4,2,0,1,수원,22,0,56,,,,,,,,,
9.23,키움 히어로즈,9,2,0,5,0,1,0,부산,22.8,0,76,,,,,,,,,
9.29,키움 히어로즈,13,1,0,6,0,1,0,창원,18.3,0,38,,,,,,,,,
9.3,키움 히어로즈,9,1,0,7,1,2,0,창원,20.9,0,58,,,,,,,,,
10.3,키움 히어로즈,15,3,0,12,1,2,0,대구,19,0,72,,,,,,,,,
4.1일,키움 히어로즈,9,2,3,6,0,1,0,대구,12.9,0,13,,,,,,,,,
4.3화,키움 히어로즈,6,0,0,7,1,1,0,서울,5.5,0,31,,,,,,,,,
4.4수,키움 히어로즈,12,5,1,8,0,0,1,서울,9.1,0,58,,,,,,,,,
4.5목,키움 히어로즈,7,1,0,9,0,0,1,서울,8.4,0,21,,,,,,,,,
4.6금,키움 히어로즈,13,1,1,13,0,1,0,광주,10,0,25,,,,,,,,,
4.7토,키움 히어로즈,10,0,0,6,1,1,0,광주,14.9,0,24,,,,,,,,,
4.8일,키움 히어로즈,13,1,0,6,0,0,0,광주,18,0,38,,,,,,,,,
4.10화,키움 히어로즈,6,1,1,11,0,1,0,부산,15.1,0,76,,,,,,,,,
4.11수,키움 히어로즈,2,0,0,11,0,0,0,부산,14.8,0,79,,,,,,,,,
4.12목,키움 히어로즈,9,1,0,12,0,0,1,부산,17.6,0,38,,,,,,,,,
4.13금,키움 히어로즈,2,0,0,10,0,1,0,서울,11.6,0,50,,,,,,,,,
4.14토,키움 히어로즈,10,2,0,7,0,0,1,서울,14.9,0,46,,,,,,,,,
4.15일,키움 히어로즈,4,0,0,12,0,0,0,서울,18,0,35,,,,,,,,,
4.17화,키움 히어로즈,8,0,0,11,0,0,0,서울,18.3,0,25,,,,,,,,,
4.18수,키움 히어로즈,2,0,0,9,0,0,0,서울,19.6,0,23,,,,,,,,,
4.19목,키움 히어로즈,11,1,1,10,1,0,1,서울,19.2,0,28,,,,,,,,,
4.20금,키움 히어로즈,13,2,0,7,2,0,1,대전,19.5,0,45,,,,,,,,,
4.21토,키움 히어로즈,9,0,1,8,1,0,1,대전,13.5,0.5,86,,,,,,,,,
4.22일,키움 히어로즈,15,2,0,7,0,0,1,대전,10.6,0,78,,,,,,,,,
4.24화,키움 히어로즈,7,0,0,4,3,1,0,서울,25.9,0,33,,,,,,,,,
4.25수,키움 히어로즈,6,0,0,6,1,1,0,서울,13.4,0.5,90,,,,,,,,,
4.26목,키움 히어로즈,3,0,0,7,3,0,0,서울,14.3,0,34,,,,,,,,,
4.27금,키움 히어로즈,10,0,0,9,0,0,0,서울,19.2,0,16,,,,,,,,,
4.28토,키움 히어로즈,8,0,2,6,0,3,0,서울,18.4,0,51,,,,,,,,,
4.29일,키움 히어로즈,17,0,0,8,1,2,1,서울,23.6,0,47,,,,,,,,,
5.1화,키움 히어로즈,17,3,1,9,0,1,1,창원,20.1,0,71,,,,,,,,,
5.2수,키움 히어로즈,14,1,0,6,0,2,0,창원,14.5,0,97,,,,,,,,,
5.3목,키움 히어로즈,14,1,2,10,0,0,1,창원,14.5,0,43,,,,,,,,,
5.4금,키움 히어로즈,15,4,1,7,0,0,1,수원,15.7,0,45,,,,,,,,,
5.5토,키움 히어로즈,15,1,0,8,1,0,1,수원,21.3,0,46,,,,,,,,,
5.8화,키움 히어로즈,15,1,4,14,0,2,0,서울,20.7,0,40,,,,,,,,,
5.9수,키움 히어로즈,8,0,0,9,0,0,0,서울,20.6,0,41,,,,,,,,,
5.10목,키움 히어로즈,9,1,1,8,1,3,0,서울,18,0,61,,,,,,,,,
5.11금,키움 히어로즈,11,1,1,6,0,1,1,서울,17.9,0,37,,,,,,,,,
5.13일,키움 히어로즈,6,2,1,10,0,0,1,서울,19,0,66,,,,,,,,,
5.15화,키움 히어로즈,7,1,0,11,2,0,0,서울,27.5,0,47,,,,,,,,,
5.16수,키움 히어로즈,9,1,1,6,0,0,1,서울,21.9,0,97,,,,,,,,,
5.17목,키움 히어로즈,12,3,1,7,1,0,1,서울,22.6,1.5,97,,,,,,,,,
5.18금,키움 히어로즈,3,0,0,9,1,1,0,서울,17.5,0,79,,,,,,,,,
5.19토,키움 히어로즈,15,1,3,6,1,0,1,서울,24,0,34,,,,,,,,,
5.20일,키움 히어로즈,12,1,1,6,1,0,0,서울,22.2,0,22,,,,,,,,,
5.22화,키움 히어로즈,15,3,3,5,0,0,1,인천,17.3,2.1,86,,,,,,,,,
5.23수,키움 히어로즈,7,0,0,6,0,1,0,인천,17.4,0,60,,,,,,,,,
5.24목,키움 히어로즈,7,0,0,8,0,2,0,인천,18.6,0,57,,,,,,,,,
5.25금,키움 히어로즈,15,4,1,7,1,1,1,서울,23.3,0,32,,,,,,,,,
5.26토,키움 히어로즈,10,0,1,9,1,0,1,서울,27,0,33,,,,,,,,,
5.27일,키움 히어로즈,9,1,1,11,0,0,0,서울,23,0,36,,,,,,,,,
5.29화,키움 히어로즈,18,4,2,7,1,0,1,광주,24.9,0,78,,,,,,,,,
5.30수,키움 히어로즈,13,3,0,4,1,0,1,광주,24.2,0,71,,,,,,,,,
5.31목,키움 히어로즈,3,0,0,7,0,1,0,광주,24,0,54,,,,,,,,,
6.1금,키움 히어로즈,6,1,0,10,0,0,0,서울,28.5,0,36,,,,,,,,,
6.2토,키움 히어로즈,16,0,0,8,1,1,0,서울,27.4,0,29,,,,,,,,,
6.3일,키움 히어로즈,3,0,0,10,0,0,0,서울,29.3,0,25,,,,,,,,,
6.5화,키움 히어로즈,17,2,0,6,0,0,1,서울,27.1,0,40,,,,,,,,,
6.6수,키움 히어로즈,9,0,0,7,2,2,0,서울,26.6,0,52,,,,,,,,,
6.7목,키움 히어로즈,5,0,1,14,0,1,0,서울,25.6,0,57,,,,,,,,,
6.8금,키움 히어로즈,15,1,1,9,0,1,1,수원,23.4,0,64,,,,,,,,,
6.9토,키움 히어로즈,8,0,2,12,1,0,0,수원,26.8,0,49,,,,,,,,,
6.10일,키움 히어로즈,13,0,0,11,0,1,1,수원,24.1,0,54,,,,,,,,,
6.12화,키움 히어로즈,5,0,1,11,1,2,0,서울,24.9,0,53,,,,,,,,,
6.13수,키움 히어로즈,9,0,0,5,1,1,1,서울,23.4,0,63,,,,,,,,,
6.14목,키움 히어로즈,12,1,0,5,0,0,0,서울,24,0,61,,,,,,,,,
6.15금,키움 히어로즈,14,1,0,6,2,1,1,서울,25.9,0,44,,,,,,,,,
6.16토,키움 히어로즈,13,0,1,8,0,0,1,서울,28,0,46,,,,,,,,,
6.17일,키움 히어로즈,14,1,2,6,2,0,1,서울,25,0,59,,,,,,,,,
6.19화,키움 히어로즈,10,0,0,8,0,2,1,서울,24.1,0,57,,,,,,,,,
6.20수,키움 히어로즈,10,1,0,8,2,1,1,서울,27,0,55,,,,,,,,,
6.21목,키움 히어로즈,7,3,1,8,0,1,0,서울,27.8,0,43,,,,,,,,,
6.22금,키움 히어로즈,10,2,2,7,0,0,0,서울,29.3,0,27,,,,,,,,,
6.23토,키움 히어로즈,14,1,0,6,2,2,1,서울,26.3,0,55,,,,,,,,,
6.24일,키움 히어로즈,14,2,0,9,0,1,0,서울,29.8,0,35,,,,,,,,,
6.26화,키움 히어로즈,11,3,1,11,1,0,1,부산,23.9,0,93,,,,,,,,,
6.27수,키움 히어로즈,12,1,3,17,0,3,0,부산,23.2,0,91,,,,,,,,,
6.28목,키움 히어로즈,10,0,1,5,1,2,0,부산,21.7,0,98,,,,,,,,,
6.29금,키움 히어로즈,10,1,3,6,0,0,1,대구,28.4,0,64,,,,,,,,,
7.1일,키움 히어로즈,8,2,0,9,0,0,1,대구,28.6,0,46,,,,,,,,,
7.3화,키움 히어로즈,8,1,0,9,2,0,0,서울,21,16.5,92,,,,,,,,,
7.4수,키움 히어로즈,13,1,2,8,0,0,1,서울,24.9,0,76,,,,,,,,,
7.5목,키움 히어로즈,6,1,0,10,2,0,1,서울,22.4,0.5,91,,,,,,,,,
7.6금,키움 히어로즈,8,1,1,5,1,0,1,서울,19.9,2,88,,,,,,,,,
7.7토,키움 히어로즈,10,0,0,6,0,2,1,서울,29.2,0,47,,,,,,,,,
7.8일,키움 히어로즈,7,0,0,13,1,0,0,서울,28.7,0,55,,,,,,,,,
7.10화,키움 히어로즈,6,0,0,10,1,0,0,대전,26.2,0,74,,,,,,,,,
7.11수,키움 히어로즈,15,6,0,9,0,3,1,대전,26.9,0,83,,,,,,,,,
7.12목,키움 히어로즈,5,0,0,5,1,1,0,대전,28.1,0,72,,,,,,,,,
7.17화,키움 히어로즈,9,1,0,4,1,3,0,서울,27.9,0,63,,,,,,,,,
7.18수,키움 히어로즈,11,2,1,9,0,1,0,서울,27.6,0,81,,,,,,,,,
7.19목,키움 히어로즈,6,2,0,10,1,1,0,서울,23.4,0,85,,,,,,,,,
7.20금,키움 히어로즈,14,1,1,10,1,0,0,창원,29.2,0,71,,,,,,,,,
7.21토,키움 히어로즈,10,1,0,3,0,0,1,창원,26,0,80,,,,,,,,,
7.22일,키움 히어로즈,8,2,2,12,1,1,1,창원,26.6,0,79,,,,,,,,,
7.24화,키움 히어로즈,11,3,1,8,0,0,0,서울,29.5,0,66,,,,,,,,,
7.25수,키움 히어로즈,10,2,2,12,0,0,1,서울,30.4,0,56,,,,,,,,,
7.26목,키움 히어로즈,9,1,0,5,3,3,0,서울,30.6,0,55,,,,,,,,,
7.27금,키움 히어로즈,9,0,0,5,2,1,0,서울,30.1,0,59,,,,,,,,,
7.28토,키움 히어로즈,8,0,1,11,2,1,0,서울,31.4,0,55,,,,,,,,,
7.29일,키움 히어로즈,11,0,2,8,0,1,0,서울,31.7,0,57,,,,,,,,,
7.31화,키움 히어로즈,6,1,2,10,0,1,1,인천,29.1,0,77,,,,,,,,,
8.1수,키움 히어로즈,12,1,0,11,2,2,0,인천,33.9,0,58,,,,,,,,,
8.2목,키움 히어로즈,11,1,1,9,1,0,1,인천,34,0,53,,,,,,,,,
8.4토,키움 히어로즈,8,2,0,9,2,0,1,수원,31.6,0,61,,,,,,,,,
8.5일,키움 히어로즈,20,3,2,5,1,0,1,수원,31.4,0,67,,,,,,,,,
8.7화,키움 히어로즈,19,3,2,8,0,0,1,서울,34.6,0,50,,,,,,,,,
8.8수,키움 히어로즈,15,1,0,5,0,1,1,서울,34.5,0,45,,,,,,,,,
8.9목,키움 히어로즈,25,1,2,4,2,1,1,대전,33.1,0,65,,,,,,,,,
8.10금,키움 히어로즈,17,1,3,10,0,1,1,대전,33.7,0,60,,,,,,,,,
8.11토,키움 히어로즈,18,3,0,4,1,2,1,서울,34.4,0,40,,,,,,,,,
8.12일,키움 히어로즈,15,1,1,5,1,1,1,서울,33.4,0,49,,,,,,,,,
8.14화,키움 히어로즈,19,2,1,11,0,2,1,대구,35.1,0,40,,,,,,,,,
8.15수,키움 히어로즈,10,0,2,9,1,0,1,대구,28.5,0,67,,,,,,,,,
8.16목,키움 히어로즈,8,0,2,10,3,1,0,서울,32.4,0,40,,,,,,,,,
9.4화,키움 히어로즈,11,3,1,7,0,0,1,인천,25.9,0,52,,,,,,,,,
9.5수,키움 히어로즈,11,4,0,11,1,1,0,인천,25.5,0,67,,,,,,,,,
9.6목,키움 히어로즈,8,0,0,12,0,0,0,광주,24.4,0,82,,,,,,,,,
9.7금,키움 히어로즈,12,1,0,10,1,1,0,광주,21.7,0,80,,,,,,,,,
9.8토,키움 히어로즈,11,1,1,5,1,1,0,서울,25.7,0,38,,,,,,,,,
9.9일,키움 히어로즈,9,0,0,7,0,0,1,서울,26,0,35,,,,,,,,,
9.11화,키움 히어로즈,6,1,0,12,1,0,1,서울,24.7,0,45,,,,,,,,,
9.12수,키움 히어로즈,6,1,1,8,0,1,0,서울,27,0,44,,,,,,,,,
9.14금,키움 히어로즈,6,1,0,7,1,1,0,창원,23.2,0,95,,,,,,,,,
9.15토,키움 히어로즈,9,1,0,8,1,1,1,부산,23.7,0,84,,,,,,,,,
9.16일,키움 히어로즈,5,0,0,11,1,0,1,부산,25.8,0,75,,,,,,,,,
9.18화,키움 히어로즈,15,1,2,8,0,3,1,서울,24.8,0,48,,,,,,,,,
9.19수,키움 히어로즈,10,0,1,12,0,2,1,서울,24,0,55,,,,,,,,,
9.20목,키움 히어로즈,10,0,1,7,0,0,1,서울,19.1,0,77,,,,,,,,,
9.21금,키움 히어로즈,10,1,0,12,0,2,0,서울,20.9,0,77,,,,,,,,,
9.22토,키움 히어로즈,9,1,2,8,1,2,1,서울,23.2,0,36,,,,,,,,,
9.23일,키움 히어로즈,9,0,1,9,1,0,1,서울,22.3,0,53,,,,,,,,,
9.25화,키움 히어로즈,9,0,0,13,1,0,0,서울,21.6,0,37,,,,,,,,,
9.26수,키움 히어로즈,9,3,1,3,1,0,0,서울,22.1,0,45,,,,,,,,,
9.27목,키움 히어로즈,8,0,0,7,0,0,0,서울,22.5,0,38,,,,,,,,,
9.28금,키움 히어로즈,5,1,0,12,0,0,1,서울,20.4,0,56,,,,,,,,,
9.29토,키움 히어로즈,10,3,0,10,0,2,1,서울,24.8,0,41,,,,,,,,,
9.30일,키움 히어로즈,9,3,0,10,0,0,1,서울,18.3,0,34,,,,,,,,,
10.6토,키움 히어로즈,12,2,0,11,1,0,0,창원,21.5,0,79,,,,,,,,,
10.12금,키움 히어로즈,15,1,0,7,0,2,1,수원,13.3,0,52,,,,,,,,,
10.13토,키움 히어로즈,9,2,1,6,1,1,0,대구,16.9,0,52,,,,,,,,,
10.16화,키움 히어로즈,11,1,1,6,0,0,1,서울,16.9,0,47,,,,,,,,,
10.19금,키움 히어로즈,9,1,0,10,1,4,1,대전,15.1,0,59,,,,,,,,,
10.20토,키움 히어로즈,10,2,0,11,0,1,1,대전,16.1,0,51,,,,,,,,,
10.22월,키움 히어로즈,5,0,0,8,1,0,0,서울,17.3,0,43,,,,,,,,,
10.23화,키움 히어로즈,6,0,0,5,2,1,1,서울,14.5,0,71,,,,,,,,,
10.27토,키움 히어로즈,11,3,0,12,1,1,0,인천,9.7,0,43,,,,,,,,,
10.28일,키움 히어로즈,5,0,0,13,2,0,0,인천,10.7,0,76,,,,,,,,,
10.30화,키움 히어로즈,7,0,1,9,0,0,1,서울,8.4,0,52,,,,,,,,,
4.2화,키움 히어로즈,13,1,1,12,1,2,1,창원,10.4,0,39,,,,,,,,,
4.3수,키움 히어로즈,8,0,1,4,2,2,0,창원,10.9,0,34,,,,,,,,,
4.4목,키움 히어로즈,12,1,2,8,1,1,1,창원,13.2,0,38,,,,,,,,,
4.5금,키움 히어로즈,11,1,1,11,1,2,0,광주,16.4,0,34,,,,,,,,,
4.6토,키움 히어로즈,14,0,1,6,0,0,1,광주,19.5,0,35,,,,,,,,,
4.9화,키움 히어로즈,9,1,1,8,1,1,1,서울,7.4,1.9,83,,,,,,,,,
4.10수,키움 히어로즈,7,1,2,7,2,0,1,서울,9.9,0,65,,,,,,,,,
4.11목,키움 히어로즈,5,1,0,7,0,1,0,서울,12.9,0,36,,,,,,,,,
4.12금,키움 히어로즈,11,1,1,7,2,0,1,서울,14.9,0,29,,,,,,,,,
4.13토,키움 히어로즈,12,0,2,5,1,0,1,서울,15.4,0,18,,,,,,,,,
4.14일,키움 히어로즈,11,0,1,9,0,0,0,서울,12.7,0,24,,,,,,,,,
4.16화,키움 히어로즈,10,1,2,7,0,2,1,대구,23.1,0,12,,,,,,,,,
4.17수,키움 히어로즈,11,0,0,3,1,1,1,대구,23,0,25,,,,,,,,,
4.18목,키움 히어로즈,8,0,0,6,3,0,0,대구,24.1,0,27,,,,,,,,,
4.19금,키움 히어로즈,15,1,1,8,1,0,1,서울,18.9,0,34,,,,,,,,,
4.20토,키움 히어로즈,10,0,2,8,1,0,1,서울,16.1,0,66,,,,,,,,,
4.21일,키움 히어로즈,8,0,1,4,1,2,0,서울,18,0,59,,,,,,,,,
4.23화,키움 히어로즈,8,0,1,5,0,0,0,서울,23.3,0,50,,,,,,,,,
4.24수,키움 히어로즈,13,1,1,6,1,0,1,서울,22.8,0,51,,,,,,,,,
4.25목,키움 히어로즈,16,1,0,5,0,1,1,서울,10.2,0.1,93,,,,,,,,,
4.26금,키움 히어로즈,8,0,0,8,0,0,1,서울,9.2,0,81,,,,,,,,,
4.27토,키움 히어로즈,8,2,1,8,0,2,0,서울,16.1,0,37,,,,,,,,,
4.28일,키움 히어로즈,16,1,0,5,1,1,1,서울,14.5,0,40,,,,,,,,,
4.30화,키움 히어로즈,23,3,0,6,0,0,1,인천,16.4,0,51,,,,,,,,,
5.1수,키움 히어로즈,6,0,1,6,4,1,0,인천,16.1,0,61,,,,,,,,,
5.2목,키움 히어로즈,16,2,0,3,2,1,1,인천,17,0,40,,,,,,,,,
5.3금,키움 히어로즈,13,0,1,9,0,1,1,서울,23.7,0,25,,,,,,,,,
5.4토,키움 히어로즈,4,0,0,5,2,0,0,서울,24.7,0,22,,,,,,,,,
5.5일,키움 히어로즈,17,0,0,5,3,0,1,서울,22.3,0,19,,,,,,,,,
5.7화,키움 히어로즈,12,2,1,5,0,2,0,서울,18.5,0,26,,,,,,,,,
5.8수,키움 히어로즈,10,2,2,3,0,0,1,서울,19.1,0,41,,,,,,,,,
5.9목,키움 히어로즈,6,0,2,3,0,0,1,서울,21.1,0,19,,,,,,,,,
5.10금,키움 히어로즈,6,0,1,8,0,1,0,수원,19.2,0,48,,,,,,,,,
5.11토,키움 히어로즈,15,2,1,9,1,0,1,수원,21.7,0,37,,,,,,,,,
5.12일,키움 히어로즈,5,1,0,5,1,0,0,수원,24.5,0,34,,,,,,,,,
5.14화,키움 히어로즈,8,0,0,3,1,0,0,대전,26.9,0,44,,,,,,,,,
5.15수,키움 히어로즈,9,0,0,9,1,0,0,대전,27.6,0,43,,,,,,,,,
5.16목,키움 히어로즈,11,1,1,7,1,0,0,대전,28.8,0,41,,,,,,,,,
5.17금,키움 히어로즈,9,0,0,4,1,1,1,서울,27,0,35,,,,,,,,,
5.18토,키움 히어로즈,14,3,0,4,1,2,1,서울,25,0,40,,,,,,,,,
5.19일,키움 히어로즈,13,1,0,7,1,0,1,서울,20.2,4.1,96,,,,,,,,,
5.21화,키움 히어로즈,4,0,1,4,1,2,0,서울,21,0,33,,,,,,,,,
5.22수,키움 히어로즈,7,0,0,6,1,1,1,서울,23.6,0,30,,,,,,,,,
5.23목,키움 히어로즈,4,1,0,12,1,0,0,서울,28.2,0,19,,,,,,,,,
5.24금,키움 히어로즈,13,4,0,8,1,0,1,대구,33.5,0,26,,,,,,,,,
5.25토,키움 히어로즈,13,2,1,4,1,1,0,대구,29.7,0,22,,,,,,,,,
5.26일,키움 히어로즈,6,0,1,7,0,0,0,대구,27.7,0,18,,,,,,,,,
5.28화,키움 히어로즈,10,1,0,8,0,0,1,서울,23,0,22,,,,,,,,,
5.29수,키움 히어로즈,6,1,0,5,2,0,0,서울,24.9,0,30,,,,,,,,,
5.30목,키움 히어로즈,8,0,0,6,0,3,0,서울,21,0,50,,,,,,,,,
5.31금,키움 히어로즈,9,0,1,10,1,0,0,광주,21.6,0,56,,,,,,,,,
6.1토,키움 히어로즈,11,0,1,6,2,0,1,광주,22.9,0,55,,,,,,,,,
6.2일,키움 히어로즈,7,0,1,12,0,1,1,광주,26.3,0,35,,,,,,,,,
6.4화,키움 히어로즈,3,0,0,6,3,0,0,서울,26,0,50,,,,,,,,,
6.5수,키움 히어로즈,7,0,0,10,0,1,0,서울,25.8,0,55,,,,,,,,,
6.6목,키움 히어로즈,11,1,1,6,1,1,1,서울,22.2,0,74,,,,,,,,,
6.7금,키움 히어로즈,8,0,1,8,0,1,0,서울,24.3,0,52,,,,,,,,,
6.8토,키움 히어로즈,10,1,3,5,0,0,1,서울,24.5,0,49,,,,,,,,,
6.9일,키움 히어로즈,9,0,1,4,2,0,1,서울,23.7,0,64,,,,,,,,,
6.11화,키움 히어로즈,13,1,0,8,0,2,1,창원,19.5,0,68,,,,,,,,,
6.12수,키움 히어로즈,9,1,0,10,1,1,1,창원,19.4,0,71,,,,,,,,,
6.13목,키움 히어로즈,6,0,2,6,1,1,0,창원,21.8,0,52,,,,,,,,,
6.14금,키움 히어로즈,9,2,2,7,0,1,1,서울,26.7,0,42,,,,,,,,,
6.15토,키움 히어로즈,13,3,3,9,0,1,1,서울,26.1,0,47,,,,,,,,,
6.16일,키움 히어로즈,10,0,0,6,1,0,1,서울,26,0,44,,,,,,,,,
6.18화,키움 히어로즈,5,0,0,2,0,1,1,서울,22.8,0,69,,,,,,,,,
6.19수,키움 히어로즈,15,2,1,3,1,1,1,서울,23.1,0,74,,,,,,,,,
6.20목,키움 히어로즈,6,1,1,5,0,1,1,서울,24.9,0,59,,,,,,,,,
6.21금,키움 히어로즈,13,1,1,5,1,1,1,부산,24.5,0,68,,,,,,,,,
6.22토,키움 히어로즈,6,1,0,8,2,2,0,부산,21.4,0,69,,,,,,,,,
6.23일,키움 히어로즈,8,1,0,16,0,0,0,부산,22.6,0,66,,,,,,,,,
6.25화,키움 히어로즈,11,1,1,7,0,0,1,서울,29.7,0,42,,,,,,,,,
6.26수,키움 히어로즈,7,0,0,5,0,0,0,서울,28.1,0,46,,,,,,,,,
6.27목,키움 히어로즈,13,2,3,8,0,1,1,서울,28.2,0,60,,,,,,,,,
6.28금,키움 히어로즈,12,1,0,3,0,3,1,대전,28.2,0,63,,,,,,,,,
6.30일,키움 히어로즈,12,3,2,8,0,0,1,대전,27.3,0,73,,,,,,,,,
7.2화,키움 히어로즈,8,0,1,7,0,0,1,서울,28.4,0,47,,,,,,,,,
7.3수,키움 히어로즈,5,1,0,8,1,1,0,서울,26,0,49,,,,,,,,,
7.4목,키움 히어로즈,7,0,0,5,0,0,0,서울,29.3,0,31,,,,,,,,,
7.5금,키움 히어로즈,15,1,1,7,1,0,1,서울,32.3,0,37,,,,,,,,,
7.6토,키움 히어로즈,11,0,1,8,1,1,1,서울,34.2,0,28,,,,,,,,,
7.7일,키움 히어로즈,8,0,0,8,2,0,1,서울,29,0,35,,,,,,,,,
7.9화,키움 히어로즈,16,2,0,8,1,0,1,수원,28.1,0,47,,,,,,,,,
7.11목,키움 히어로즈,10,1,0,5,2,1,1,수원,23.8,0,75,,,,,,,,,
7.12금,키움 히어로즈,7,1,1,6,0,1,1,인천,23.8,0,84,,,,,,,,,
7.13토,키움 히어로즈,8,1,1,6,0,1,0,인천,24.8,0,77,,,,,,,,,
7.14일,키움 히어로즈,8,1,1,11,1,0,0,인천,26.9,0,69,,,,,,,,,
7.16화,키움 히어로즈,10,0,2,5,3,0,1,서울,28.4,0,61,,,,,,,,,
7.17수,키움 히어로즈,14,1,0,5,0,2,1,서울,28.3,0,61,,,,,,,,,
7.18목,키움 히어로즈,11,1,2,2,1,3,1,서울,30.4,0,53,,,,,,,,,
7.26금,키움 히어로즈,10,0,1,8,0,0,1,서울,25.7,0,93,,,,,,,,,
7.27토,키움 히어로즈,6,0,0,6,2,0,1,서울,30.6,0,69,,,,,,,,,
7.28일,키움 히어로즈,4,0,0,7,0,3,0,서울,25.6,1.8,92,,,,,,,,,
7.30화,키움 히어로즈,9,2,0,6,0,2,1,서울,28.4,0,78,,,,,,,,,
7.31수,키움 히어로즈,11,0,1,4,0,0,1,서울,26,0,94,,,,,,,,,
8.1목,키움 히어로즈,4,1,1,11,1,2,0,서울,28.9,0,77,,,,,,,,,
8.3토,키움 히어로즈,6,0,1,4,3,3,0,서울,29.9,0,68,,,,,,,,,
8.4일,키움 히어로즈,9,0,1,7,0,0,0,서울,26.8,7.7,86,,,,,,,,,
8.7수,키움 히어로즈,17,2,0,7,0,0,1,부산,29.2,0,81,,,,,,,,,
8.8목,키움 히어로즈,8,0,0,7,0,1,0,서울,30.1,0,65,,,,,,,,,
8.9금,키움 히어로즈,14,0,1,9,0,0,1,서울,33,0,58,,,,,,,,,
8.10토,키움 히어로즈,13,0,1,2,1,0,1,서울,35.4,0,44,,,,,,,,,
8.11일,키움 히어로즈,13,3,0,3,2,2,0,서울,33.4,0,40,,,,,,,,,
8.13화,키움 히어로즈,10,1,2,4,2,0,0,서울,33.3,0,61,,,,,,,,,
8.14수,키움 히어로즈,17,3,2,3,2,0,1,서울,32.9,0,54,,,,,,,,,
8.15목,키움 히어로즈,9,0,0,3,0,1,1,서울,25.2,0.5,89,,,,,,,,,
8.16금,키움 히어로즈,13,2,2,6,1,0,1,서울,28.6,0,61,,,,,,,,,
8.17토,키움 히어로즈,8,1,0,2,2,2,0,서울,28.4,0,48,,,,,,,,,
8.18일,키움 히어로즈,9,2,0,7,0,1,0,서울,29,0,51,,,,,,,,,
8.20화,키움 히어로즈,5,0,0,2,0,0,0,수원,30.7,0,35,,,,,,,,,
8.21수,키움 히어로즈,10,2,1,9,1,1,1,수원,28.7,0,50,,,,,,,,,
8.23금,키움 히어로즈,12,0,0,6,2,0,1,서울,28.4,0,51,,,,,,,,,
8.24토,키움 히어로즈,9,0,0,7,0,0,0,대구,25.6,0,64,,,,,,,,,
8.25일,키움 히어로즈,23,1,1,6,3,0,1,대구,29.3,0,50,,,,,,,,,
8.27화,키움 히어로즈,17,5,0,1,0,1,1,대전,23.8,0,85,,,,,,,,,
8.28수,키움 히어로즈,5,0,1,5,4,0,0,대전,26.3,0,79,,,,,,,,,
8.29목,키움 히어로즈,8,0,2,8,1,0,1,서울,25.7,0,63,,,,,,,,,
8.30금,키움 히어로즈,11,1,1,7,0,1,1,서울,23,0,69,,,,,,,,,
8.31토,키움 히어로즈,11,2,4,9,1,0,1,창원,26.2,0,65,,,,,,,,,
9.1일,키움 히어로즈,8,0,0,3,1,1,0,창원,22.5,0.6,93,,,,,,,,,
9.3화,키움 히어로즈,9,2,2,5,0,2,1,서울,25.5,0,65,,,,,,,,,
9.5목,키움 히어로즈,3,0,0,4,1,1,0,서울,21.7,1.1,97,,,,,,,,,
9.6금,키움 히어로즈,11,0,0,9,1,0,1,서울,27.9,0,75,,,,,,,,,
9.7토,키움 히어로즈,13,0,0,6,2,0,1,광주,25.3,0,89,,,,,,,,,
9.8일,키움 히어로즈,16,2,1,5,1,1,1,광주,25.2,0,97,,,,,,,,,
9.11수,키움 히어로즈,12,0,1,11,2,0,1,인천,27,0,60,,,,,,,,,
9.12목,키움 히어로즈,6,0,2,8,2,1,1,서울,20.6,0.6,76,,,,,,,,,
9.13금,키움 히어로즈,8,0,1,5,0,0,0,서울,27.7,0,43,,,,,,,,,
9.14토,키움 히어로즈,6,1,1,9,1,2,0,수원,23.4,0,95,,,,,,,,,
9.16월,키움 히어로즈,11,1,3,9,0,1,1,서울,28,0,34,,,,,,,,,
9.17화,키움 히어로즈,3,0,0,12,0,1,0,대전,26,0,51,,,,,,,,,
9.20금,키움 히어로즈,8,1,1,7,2,1,1,인천,22.2,0,44,,,,,,,,,
9.24화,키움 히어로즈,8,0,1,8,2,0,0,광주,22.8,0,56,,,,,,,,,
9.29일,키움 히어로즈,5,0,0,4,0,0,1,부산,24.3,0,92,,,,,,,,,
10.6일,키움 히어로즈,9,1,0,7,1,0,1,서울,20.4,0,50,,,,,,,,,
10.7월,키움 히어로즈,10,1,1,7,0,0,1,서울,14.8,0.1,96,,,,,,,,,
10.9수,키움 히어로즈,6,0,0,6,0,1,0,서울,17.1,0,39,,,,,,,,,
10.10목,키움 히어로즈,10,1,2,7,0,2,1,서울,18.4,0,58,,,,,,,,,
10.14월,키움 히어로즈,13,0,1,16,0,0,1,인천,14.5,0,49,,,,,,,,,
10.15화,키움 히어로즈,14,1,1,13,1,0,1,인천,16.8,0,64,,,,,,,,,
10.17목,키움 히어로즈,13,0,1,4,0,2,1,서울,18.5,0,42,,,,,,,,,
10.22화,키움 히어로즈,9,0,2,6,1,3,0,서울,21.1,0,51,,,,,,,,,
10.23수,키움 히어로즈,9,0,0,6,2,1,0,서울,18.6,0,55,,,,,,,,,
10.25금,키움 히어로즈,4,0,0,2,1,2,0,서울,17.7,0,66,,,,,,,,,
10.26토,키움 히어로즈,12,0,0,4,1,0,0,서울,11,0,56,,,,,,,,,
