day_text,team_text,H_text,HR_text,S_text,ST_text,DU_text,ER_text,result_text,location,temp,rain,humidity,score_text,
4.1,한화 이글스,16,1,0,8,0,1,1,서울,11.7,0,51,6,
4.1,두산 베어스,9,1,1,7,0,0,0,서울,11.7,0,51,5,
4.1,KIA 타이거즈,14,0,0,9,0,1,1,대구,8.5,0,73,9,
4.1,삼성 라이온즈,10,1,1,8,0,2,0,대구,8.5,0,73,7,
4.1,LG 트윈스,11,2,1,9,0,0,1,서울,11.7,0,51,8,
4.1,키움 히어로즈,12,0,1,9,1,0,0,서울,11.7,0,51,3,
4.1,kt wiz,3,1,0,6,0,0,1,인천,9.2,0,72,2,
4.1,SK 와이번스,7,0,0,5,1,0,0,인천,9.2,0,72,0,
4.1,롯데 자이언츠,6,0,0,11,0,1,1,창원,8.6,0,82,3,
4.1,NC 다이노스,7,0,0,9,0,1,0,창원,8.6,0,82,0,
4.2,한화 이글스,8,1,2,9,0,2,0,서울,12.7,0,34,4,
4.2,두산 베어스,8,2,0,7,2,1,1,서울,12.7,0,34,5,
4.2,KIA 타이거즈,10,1,0,12,0,2,0,대구,14.7,0,21,3,
4.2,삼성 라이온즈,17,2,1,6,1,1,1,대구,14.7,0,21,16,
4.2,kt wiz,11,2,1,6,0,0,1,인천,9.4,0,61,8,
4.2,SK 와이번스,3,1,0,4,2,2,0,인천,9.4,0,61,1,
4.2,LG 트윈스,10,1,1,9,0,1,1,서울,12.7,0,34,9,
4.2,키움 히어로즈,3,0,1,6,0,1,0,서울,12.7,0,34,2,
4.2,롯데 자이언츠,13,5,1,10,1,1,1,창원,10.8,0,62,12,
4.2,NC 다이노스,4,0,2,10,1,0,0,창원,10.8,0,62,4,
4.4,NC 다이노스,3,0,0,10,0,1,0,대전,20.8,0,24,0,
4.4,한화 이글스,10,1,0,5,2,1,1,대전,20.8,0,24,6,
4.4,SK 와이번스,5,0,0,10,2,1,0,광주,18.8,0,35,1,
4.4,KIA 타이거즈,6,0,1,4,1,0,1,광주,18.8,0,35,6,
4.4,삼성 라이온즈,7,0,0,12,0,2,0,서울,17.7,0,25,0,
4.4,LG 트윈스,16,0,2,5,0,1,1,서울,17.7,0,25,11,
4.4,키움 히어로즈,9,1,0,5,1,0,0,부산,16.7,0,42,2,
4.4,롯데 자이언츠,9,2,1,7,1,0,1,부산,16.7,0,42,5,
4.4,두산 베어스,8,0,3,4,1,1,1,수원,16.5,0,27,2,
4.4,kt wiz,3,0,0,7,0,0,0,수원,16.5,0,27,0,
4.6,NC 다이노스,11,0,0,8,3,1,1,대전,15.2,0,80,5,
4.6,한화 이글스,8,1,0,7,2,1,0,대전,15.2,0,80,2,
4.6,두산 베어스,7,1,0,11,0,0,0,수원,10.7,0,89,1,
4.6,kt wiz,8,1,1,10,1,0,1,수원,10.7,0,89,5,
4.6,SK 와이번스,8,2,2,5,0,0,0,광주,15.3,0,97,4,
4.6,KIA 타이거즈,10,0,3,10,1,0,1,광주,15.3,0,97,6,
4.6,삼성 라이온즈,4,0,0,7,0,2,0,서울,10.6,0,84,0,
4.6,LG 트윈스,8,1,0,6,0,0,1,서울,10.6,0,84,4,
4.6,키움 히어로즈,8,2,0,5,0,0,0,부산,14,0,97,3,
4.6,롯데 자이언츠,17,2,0,7,0,0,1,부산,14,0,97,12,
4.7,한화 이글스,10,0,0,3,1,0,0,광주,21.3,0,61,2,
4.7,KIA 타이거즈,7,0,0,3,0,1,1,광주,21.3,0,61,4,
4.7,LG 트윈스,10,0,0,8,1,2,1,부산,16.4,0,60,6,
4.7,롯데 자이언츠,5,1,0,12,1,0,0,부산,16.4,0,60,4,
4.7,NC 다이노스,10,1,2,8,1,1,1,인천,14.4,0,72,5,
4.7,SK 와이번스,6,1,1,9,1,0,0,인천,14.4,0,72,3,
4.7,삼성 라이온즈,8,1,1,7,1,0,0,수원,17.1,0,61,2,
4.7,kt wiz,7,0,1,7,1,1,1,수원,17.1,0,61,3,
4.7,키움 히어로즈,11,1,2,4,1,1,1,서울,19.4,0,55,7,
4.7,두산 베어스,9,0,0,6,0,0,0,서울,19.4,0,55,3,
4.8,한화 이글스,12,0,0,7,1,0,1,광주,21,0,45,4,
4.8,KIA 타이거즈,3,0,2,3,1,1,0,광주,21,0,45,3,
4.8,LG 트윈스,14,1,1,7,1,0,0,부산,18.8,0,59,6,
4.8,롯데 자이언츠,15,4,0,4,1,0,1,부산,18.8,0,59,8,
4.8,NC 다이노스,4,0,0,10,0,1,0,인천,10.3,0,86,2,
4.8,SK 와이번스,13,6,0,10,1,0,1,인천,10.3,0,86,9,
4.8,삼성 라이온즈,7,0,0,4,1,1,0,수원,11.7,0,77,0,
4.8,kt wiz,3,0,0,5,0,0,1,수원,11.7,0,77,1,
4.8,키움 히어로즈,20,2,0,6,1,1,1,서울,15.2,0,70,13,
4.8,두산 베어스,16,0,1,6,0,1,0,서울,15.2,0,70,10,
4.9,한화 이글스,13,0,0,4,1,0,0,광주,19.2,0,62,2,
4.9,KIA 타이거즈,9,1,1,4,3,1,1,광주,19.2,0,62,3,
4.9,LG 트윈스,5,0,1,9,1,0,0,부산,13.4,0,44,1,
4.9,롯데 자이언츠,10,2,1,12,0,0,1,부산,13.4,0,44,7,
4.9,NC 다이노스,12,0,1,10,1,1,0,인천,17.1,0,44,5,
4.9,SK 와이번스,13,2,0,7,0,1,1,인천,17.1,0,44,8,
4.9,삼성 라이온즈,4,0,0,11,2,0,0,수원,15.3,0,48,0,
4.9,kt wiz,7,0,0,4,1,0,1,수원,15.3,0,48,3,
4.9,키움 히어로즈,19,1,0,5,2,1,1,서울,17.3,0,40,13,
4.9,두산 베어스,3,1,0,5,0,1,0,서울,17.3,0,40,2,
4.11,한화 이글스,14,1,1,7,0,2,1,대구,18.4,0,42,11,
4.11,삼성 라이온즈,15,1,0,8,0,1,0,대구,18.4,0,42,8,
4.11,KIA 타이거즈,8,0,0,5,0,1,0,서울,18.7,0,37,4,
4.11,두산 베어스,21,0,5,3,0,0,1,서울,18.7,0,37,16,
4.11,kt wiz,8,0,1,5,0,0,0,서울,18.7,0,37,2,
4.11,키움 히어로즈,17,2,0,6,1,0,1,서울,18.7,0,37,12,
4.11,LG 트윈스,6,0,3,15,0,0,0,창원,17.3,0,52,3,
4.11,NC 다이노스,7,0,0,9,0,1,1,창원,17.3,0,52,4,
4.11,롯데 자이언츠,8,1,1,8,1,0,1,인천,16.2,0,43,6,
4.11,SK 와이번스,10,2,0,9,1,2,0,인천,16.2,0,43,4,
4.12,한화 이글스,7,0,0,9,3,1,1,대구,18,0,15,5,
4.12,삼성 라이온즈,8,1,0,8,1,1,0,대구,18,0,15,3,
4.12,KIA 타이거즈,9,0,2,5,0,1,1,서울,12.4,0,15,8,
4.12,두산 베어스,7,0,0,11,2,3,0,서울,12.4,0,15,4,
4.12,kt wiz,8,0,1,7,2,4,0,서울,12.4,0,15,3,
4.12,키움 히어로즈,8,0,1,8,1,1,1,서울,12.4,0,15,5,
4.12,LG 트윈스,5,0,0,10,1,1,0,창원,13.9,0,66,0,
4.12,NC 다이노스,10,2,0,9,0,1,1,창원,13.9,0,66,5,
4.12,롯데 자이언츠,12,0,1,15,3,2,0,인천,10.5,0,32,1,
4.12,SK 와이번스,9,0,0,14,2,0,1,인천,10.5,0,32,2,
4.13,한화 이글스,4,1,0,10,1,2,0,대구,22,0,23,1,
4.13,삼성 라이온즈,6,0,1,3,2,0,1,대구,22,0,23,5,
4.13,KIA 타이거즈,8,0,0,7,0,0,1,서울,15.9,0,53,4,
4.13,두산 베어스,12,1,0,4,0,1,0,서울,15.9,0,53,3,
4.13,kt wiz,13,1,2,2,1,3,1,서울,15.9,0,53,7,
4.13,키움 히어로즈,9,0,0,9,1,0,0,서울,15.9,0,53,6,
4.13,LG 트윈스,5,0,1,11,2,0,0,창원,18.2,0,51,1,
4.13,NC 다이노스,7,1,0,1,1,0,1,창원,18.2,0,51,3,
4.13,롯데 자이언츠,12,3,1,8,1,0,0,인천,11.9,0,73,10,
4.13,SK 와이번스,13,3,0,7,1,1,1,인천,11.9,0,73,11,
4.14,kt wiz,9,1,0,8,2,1,0,서울,13.3,0,71,2,
4.14,LG 트윈스,10,1,0,4,2,0,1,서울,13.3,0,71,5,
4.14,두산 베어스,13,2,0,5,0,2,1,창원,17.2,0,68,10,
4.14,NC 다이노스,10,0,0,10,0,0,0,창원,17.2,0,68,6,
4.14,SK 와이번스,11,1,1,4,0,1,1,대전,18.5,0,57,6,
4.14,한화 이글스,6,1,1,12,1,1,0,대전,18.5,0,57,2,
4.14,삼성 라이온즈,10,1,1,12,1,2,0,부산,16.6,0,61,6,
4.14,롯데 자이언츠,9,0,2,4,2,1,1,부산,16.6,0,61,9,
4.14,키움 히어로즈,7,1,0,9,0,0,0,광주,18.6,0,52,2,
4.14,KIA 타이거즈,7,1,2,1,0,1,1,광주,18.6,0,52,3,
4.15,kt wiz,3,0,2,6,0,0,1,서울,20.7,0,42,1,
4.15,LG 트윈스,7,0,0,6,1,0,0,서울,20.7,0,42,0,
4.15,두산 베어스,14,3,0,6,0,0,1,창원,20.2,0,67,11,
4.15,NC 다이노스,11,0,0,6,2,0,0,창원,20.2,0,67,2,
4.15,SK 와이번스,17,3,2,8,1,1,1,대전,23.3,0,37,12,
4.15,한화 이글스,13,0,0,8,0,1,0,대전,23.3,0,37,4,
4.15,삼성 라이온즈,11,1,0,8,1,1,0,부산,19.9,0,67,4,
4.15,롯데 자이언츠,9,0,0,6,1,1,1,부산,19.9,0,67,6,
4.15,키움 히어로즈,13,0,0,6,3,0,0,광주,23.9,0,41,2,
4.15,KIA 타이거즈,12,1,2,2,2,0,1,광주,23.9,0,41,5,
4.16,kt wiz,14,1,0,8,1,1,0,서울,22.3,0,36,5,
4.16,LG 트윈스,16,2,0,4,1,1,1,서울,22.3,0,36,12,
4.16,두산 베어스,6,0,1,7,2,1,0,창원,20.6,0,52,0,
4.16,NC 다이노스,11,0,1,6,3,0,1,창원,20.6,0,52,4,
4.16,SK 와이번스,12,1,0,7,1,0,1,대전,26.6,0,17,10,
4.16,한화 이글스,6,0,0,8,0,1,0,대전,26.6,0,17,1,
4.16,삼성 라이온즈,10,0,0,6,0,1,1,부산,16.2,0,85,3,
4.16,롯데 자이언츠,8,0,0,7,1,0,0,부산,16.2,0,85,0,
4.16,키움 히어로즈,13,0,1,9,0,0,0,광주,26.1,0,24,6,
4.16,KIA 타이거즈,11,0,1,4,0,0,1,광주,26.1,0,24,7,
4.18,KIA 타이거즈,11,1,0,7,1,0,1,수원,10.8,0,99,5,
4.18,kt wiz,7,0,0,6,1,2,0,수원,10.8,0,99,0,
4.18,LG 트윈스,9,0,1,11,1,3,0,대전,14.9,0,74,2,
4.18,한화 이글스,6,0,0,4,2,0,1,대전,14.9,0,74,3,
4.18,NC 다이노스,14,4,0,7,0,0,1,부산,15.6,0,86,8,
4.18,롯데 자이언츠,11,0,0,9,1,0,0,부산,15.6,0,86,3,
4.18,키움 히어로즈,8,1,0,9,0,1,0,인천,10.3,0,95,4,
4.18,SK 와이번스,9,2,0,5,1,1,1,인천,10.3,0,95,7,
4.19,KIA 타이거즈,9,0,0,6,1,2,0,수원,14.5,0,35,1,
4.19,kt wiz,10,0,0,5,1,0,1,수원,14.5,0,35,3,
4.19,LG 트윈스,4,0,1,6,2,0,0,대전,17.3,0,33,0,
4.19,한화 이글스,8,0,0,4,1,2,1,대전,17.3,0,33,3,
4.19,NC 다이노스,16,2,1,11,0,0,1,부산,18.1,0,46,8,
4.19,롯데 자이언츠,7,0,1,9,1,1,0,부산,18.1,0,46,2,
4.19,삼성 라이온즈,4,0,0,8,0,0,0,서울,16,0,28,1,
4.19,두산 베어스,9,1,1,6,2,0,1,서울,16,0,28,2,
4.19,키움 히어로즈,6,0,0,5,3,2,0,인천,13.2,0,55,3,
4.19,SK 와이번스,7,2,1,7,0,2,1,인천,13.2,0,55,5,
4.2,KIA 타이거즈,13,0,2,5,3,1,1,수원,15.2,0,43,9,
4.2,kt wiz,6,2,0,14,0,0,0,수원,15.2,0,43,2,
4.2,LG 트윈스,10,0,0,6,1,1,1,대전,11.5,0,76,4,
4.2,한화 이글스,7,0,1,10,0,0,0,대전,11.5,0,76,3,
4.2,NC 다이노스,9,2,0,8,1,2,1,부산,15.7,0,54,5,
4.2,롯데 자이언츠,8,0,0,6,2,1,0,부산,15.7,0,54,4,
4.2,삼성 라이온즈,5,0,0,6,1,0,0,서울,15.3,0,40,2,
4.2,두산 베어스,8,0,0,9,0,1,1,서울,15.3,0,40,4,
4.2,키움 히어로즈,11,1,0,8,0,2,1,인천,13.6,0,55,5,
4.2,SK 와이번스,6,1,0,10,1,2,0,인천,13.6,0,55,3,
4.21,한화 이글스,10,2,0,4,0,0,1,수원,14.7,0,56,7,
4.21,kt wiz,8,0,1,7,0,0,0,수원,14.7,0,56,2,
4.21,KIA 타이거즈,8,1,0,10,2,1,0,서울,15.9,0,47,2,
4.21,LG 트윈스,10,2,0,7,1,0,1,서울,15.9,0,47,6,
4.21,롯데 자이언츠,4,0,1,8,1,2,0,서울,15.9,0,47,1,
4.21,키움 히어로즈,8,3,2,8,0,0,1,서울,15.9,0,47,4,
4.21,두산 베어스,10,1,0,7,0,2,0,인천,12.5,0,72,4,
4.21,SK 와이번스,11,3,0,7,1,0,1,인천,12.5,0,72,9,
4.22,한화 이글스,17,0,2,7,2,2,0,수원,17.9,0,28,9,
4.22,kt wiz,13,2,1,4,0,0,1,수원,17.9,0,28,11,
4.22,KIA 타이거즈,10,2,1,9,0,2,1,서울,18.8,0,28,5,
4.22,LG 트윈스,12,0,1,11,1,0,0,서울,18.8,0,28,4,
4.22,롯데 자이언츠,12,0,4,3,2,0,1,서울,18.8,0,28,3,
4.22,키움 히어로즈,6,0,1,10,0,1,0,서울,18.8,0,28,2,
4.22,NC 다이노스,17,1,0,4,1,0,1,대구,16.5,0,53,14,
4.22,삼성 라이온즈,8,1,1,7,1,0,0,대구,16.5,0,53,6,
4.22,두산 베어스,10,0,1,3,1,1,0,인천,16.1,0,42,4,
4.22,SK 와이번스,11,3,0,6,1,1,1,인천,16.1,0,42,8,
4.23,한화 이글스,19,2,0,10,0,0,1,수원,17.3,0,32,14,
4.23,kt wiz,7,0,0,5,0,1,0,수원,17.3,0,32,1,
4.23,KIA 타이거즈,8,0,0,6,0,2,0,서울,18.3,0,24,1,
4.23,LG 트윈스,15,1,4,5,2,0,1,서울,18.3,0,24,7,
4.23,롯데 자이언츠,10,1,0,8,3,0,0,서울,18.3,0,24,5,
4.23,키움 히어로즈,11,2,0,11,0,0,1,서울,18.3,0,24,6,
4.23,NC 다이노스,10,3,0,9,0,1,1,대구,22,0,26,6,
4.23,삼성 라이온즈,8,1,0,7,0,0,0,대구,22,0,26,3,
4.23,두산 베어스,14,4,0,11,0,1,1,인천,15.9,0,32,8,
4.23,SK 와이번스,6,1,0,10,1,3,0,인천,15.9,0,32,4,
4.25,한화 이글스,6,1,0,7,0,0,0,부산,18.3,0,78,2,
4.25,롯데 자이언츠,8,1,1,6,0,0,1,부산,18.3,0,78,4,
4.25,kt wiz,6,0,0,11,0,0,0,창원,19.1,0,83,1,
4.25,NC 다이노스,5,1,0,4,0,3,1,창원,19.1,0,83,2,
4.25,두산 베어스,14,0,1,4,0,1,0,서울,17.8,0,53,9,
4.25,키움 히어로즈,17,1,0,2,1,0,1,서울,17.8,0,53,13,
4.25,SK 와이번스,12,3,1,6,0,0,1,서울,17.8,0,53,8,
4.25,LG 트윈스,10,0,0,6,4,0,0,서울,17.8,0,53,3,
4.25,삼성 라이온즈,12,1,0,6,2,1,0,광주,21.4,0,59,3,
4.25,KIA 타이거즈,12,1,1,9,0,0,1,광주,21.4,0,59,11,
4.26,한화 이글스,7,1,1,8,1,1,0,부산,14.8,0,83,2,
4.26,롯데 자이언츠,9,0,2,6,1,0,1,부산,14.8,0,83,8,
4.26,kt wiz,4,2,0,6,0,1,0,창원,15,0,85,4,
4.26,NC 다이노스,13,3,1,2,0,0,1,창원,15,0,85,11,
4.26,두산 베어스,9,0,1,7,1,1,1,서울,17.8,0,25,4,
4.26,키움 히어로즈,10,0,0,4,0,1,0,서울,17.8,0,25,3,
4.26,SK 와이번스,2,0,0,12,0,1,0,서울,17.8,0,25,0,
4.26,LG 트윈스,14,0,0,3,2,0,1,서울,17.8,0,25,9,
4.26,삼성 라이온즈,6,0,0,7,0,0,0,광주,17.9,0,25,0,
4.26,KIA 타이거즈,11,1,0,3,2,0,1,광주,17.9,0,25,7,
4.27,한화 이글스,11,0,1,6,1,0,1,부산,16.7,0,46,6,
4.27,롯데 자이언츠,6,0,1,12,0,1,0,부산,16.7,0,46,1,
4.27,kt wiz,4,0,1,11,0,1,0,창원,17.1,0,39,0,
4.27,NC 다이노스,7,2,2,8,0,0,1,창원,17.1,0,39,3,
4.27,두산 베어스,8,2,0,8,1,0,0,서울,16.6,0,25,3,
4.27,키움 히어로즈,10,0,2,4,1,0,1,서울,16.6,0,25,7,
4.27,SK 와이번스,6,0,0,8,0,0,0,서울,16.6,0,25,2,
4.27,LG 트윈스,11,1,4,4,0,0,1,서울,16.6,0,25,4,
4.27,삼성 라이온즈,18,2,0,11,1,0,0,광주,16.7,0,24,9,
4.27,KIA 타이거즈,19,2,0,5,0,0,1,광주,16.7,0,24,16,
4.28,LG 트윈스,5,0,2,5,0,0,1,수원,18.1,0,38,2,
4.28,kt wiz,5,1,0,7,1,0,0,수원,18.1,0,38,1,
4.28,롯데 자이언츠,6,0,0,10,0,0,0,서울,16.9,0,49,0,
4.28,두산 베어스,5,1,0,3,1,0,1,서울,16.9,0,49,2,
4.28,NC 다이노스,8,0,3,10,0,1,0,광주,20.8,0,28,3,
4.28,KIA 타이거즈,11,0,1,8,0,0,1,광주,20.8,0,28,9,
4.28,SK 와이번스,9,2,1,5,2,0,1,대구,24.3,0,14,7,
4.28,삼성 라이온즈,11,3,1,7,2,0,0,대구,24.3,0,14,5,
4.28,키움 히어로즈,13,3,0,7,1,0,1,대전,19,0,35,13,
4.28,한화 이글스,6,1,0,10,0,0,0,대전,19,0,35,2,
4.29,LG 트윈스,6,0,1,6,2,0,0,수원,21.5,0,25,0,
4.29,kt wiz,12,0,1,6,1,0,1,수원,21.5,0,25,6,
4.29,롯데 자이언츠,7,0,0,6,1,2,0,서울,21.7,0,19,3,
4.29,두산 베어스,8,0,2,7,2,3,1,서울,21.7,0,19,5,
4.29,NC 다이노스,9,1,3,11,1,0,1,광주,23.8,0,17,8,
4.29,KIA 타이거즈,7,2,2,9,0,1,0,광주,23.8,0,17,6,
4.29,SK 와이번스,8,3,0,11,2,1,0,대구,26.3,0,17,5,
4.29,삼성 라이온즈,16,3,2,6,0,1,1,대구,26.3,0,17,12,
4.29,키움 히어로즈,14,0,1,6,0,0,1,대전,23,0,17,7,
4.29,한화 이글스,9,0,1,9,0,3,0,대전,23,0,17,3,
4.3,LG 트윈스,13,2,1,5,0,0,1,수원,20.3,0,59,7,
4.3,kt wiz,7,0,2,5,1,1,0,수원,20.3,0,59,5,
4.3,롯데 자이언츠,11,0,1,11,0,0,1,서울,22.5,0,53,6,
4.3,두산 베어스,5,0,0,8,0,1,0,서울,22.5,0,53,0,
4.3,NC 다이노스,16,3,0,5,1,0,1,광주,23.7,0,47,12,
4.3,KIA 타이거즈,4,0,0,5,2,1,0,광주,23.7,0,47,1,
4.3,SK 와이번스,13,5,0,10,0,0,1,대구,28.9,0,27,13,
4.3,삼성 라이온즈,10,0,0,2,0,0,0,대구,28.9,0,27,2,
4.3,키움 히어로즈,8,0,1,4,1,0,1,대전,23.2,0,54,5,
4.3,한화 이글스,12,1,0,5,1,1,0,대전,23.2,0,54,4,
5.2,한화 이글스,13,0,5,6,0,0,1,인천,20.1,0,38,6,
5.2,SK 와이번스,13,2,0,5,0,1,0,인천,20.1,0,38,5,
5.2,KIA 타이거즈,14,1,0,1,1,0,1,서울,23.5,0,33,9,
5.2,키움 히어로즈,12,0,0,10,1,4,0,서울,23.5,0,33,3,
5.2,롯데 자이언츠,15,0,1,4,0,0,1,수원,21.5,0,37,9,
5.2,kt wiz,3,0,0,12,2,2,0,수원,21.5,0,37,0,
5.2,NC 다이노스,6,1,1,10,1,0,1,서울,23.5,0,33,2,
5.2,LG 트윈스,6,0,0,5,2,1,0,서울,23.5,0,33,1,
5.2,두산 베어스,10,1,0,9,0,1,0,대구,22.4,0,30,5,
5.2,삼성 라이온즈,9,3,0,9,0,0,1,대구,22.4,0,30,6,
5.3,한화 이글스,12,3,0,7,0,1,1,인천,21.6,0,42,9,
5.3,SK 와이번스,10,3,0,6,0,0,0,인천,21.6,0,42,8,
5.3,KIA 타이거즈,5,0,0,7,1,2,1,서울,25.9,0,25,2,
5.3,키움 히어로즈,11,0,0,9,1,0,0,서울,25.9,0,25,1,
5.3,롯데 자이언츠,11,0,0,7,2,1,0,수원,22.1,0,38,2,
5.3,kt wiz,12,1,0,2,1,0,1,수원,22.1,0,38,8,
5.3,NC 다이노스,5,0,0,7,3,1,0,서울,25.9,0,25,0,
5.3,LG 트윈스,17,1,0,4,2,0,1,서울,25.9,0,25,13,
5.3,두산 베어스,14,3,0,11,1,0,1,대구,27.3,0,18,10,
5.3,삼성 라이온즈,8,1,0,4,1,0,0,대구,27.3,0,18,4,
5.4,한화 이글스,10,0,1,8,1,0,0,인천,21.6,0,49,2,
5.4,SK 와이번스,8,2,0,8,1,0,1,인천,21.6,0,49,6,
5.4,KIA 타이거즈,9,1,0,6,1,1,0,서울,23.3,0,40,1,
5.4,키움 히어로즈,9,2,0,4,0,0,1,서울,23.3,0,40,9,
5.4,롯데 자이언츠,9,2,0,6,1,0,1,수원,22.3,0,48,3,
5.4,kt wiz,12,0,2,7,1,1,0,수원,22.3,0,48,2,
5.4,NC 다이노스,6,0,0,9,0,2,0,서울,23.3,0,40,3,
5.4,LG 트윈스,8,0,1,7,1,3,1,서울,23.3,0,40,4,
5.4,두산 베어스,13,4,0,6,1,0,1,대구,25.2,0,43,17,
5.4,삼성 라이온즈,8,0,0,5,2,1,0,대구,25.2,0,43,2,
5.5,KIA 타이거즈,13,1,1,10,0,2,1,부산,18.7,0.6,93,5,
5.5,롯데 자이언츠,9,0,1,10,1,0,0,부산,18.7,0.6,93,3,
5.5,kt wiz,6,0,0,6,1,3,0,대전,23.2,0,61,1,
5.5,한화 이글스,18,1,0,4,1,0,1,대전,23.2,0,61,13,
5.5,LG 트윈스,6,2,1,8,0,0,1,서울,22.5,0,54,3,
5.5,두산 베어스,9,0,1,7,2,0,0,서울,22.5,0,54,1,
5.5,SK 와이번스,11,0,1,8,0,0,0,서울,22.5,0,54,3,
5.5,키움 히어로즈,8,0,0,5,0,0,1,서울,22.5,0,54,5,
5.5,삼성 라이온즈,8,1,0,2,1,0,0,창원,18.1,4.1,96,2,
5.5,NC 다이노스,11,1,0,4,0,1,1,창원,18.1,4.1,96,7,
5.6,KIA 타이거즈,12,0,0,8,3,0,1,부산,21.4,0,35,3,
5.6,롯데 자이언츠,9,0,0,5,3,1,0,부산,21.4,0,35,0,
5.6,kt wiz,7,1,0,7,1,1,0,대전,19.3,0,23,3,
5.6,한화 이글스,14,3,0,5,2,0,1,대전,19.3,0,23,5,
5.6,LG 트윈스,6,0,2,7,1,0,1,서울,16.8,0,41,7,
5.6,두산 베어스,7,2,1,7,0,0,0,서울,16.8,0,41,5,
5.6,SK 와이번스,20,0,2,5,2,1,1,서울,16.8,0,41,13,
5.6,키움 히어로즈,11,0,1,10,0,0,0,서울,16.8,0,41,5,
5.6,삼성 라이온즈,10,3,1,8,2,0,1,창원,22.9,0,16,12,
5.6,NC 다이노스,8,0,0,11,1,4,0,창원,22.9,0,16,1,
5.7,KIA 타이거즈,8,1,0,6,0,1,1,부산,22.4,0,52,5,
5.7,롯데 자이언츠,13,2,0,7,3,2,0,부산,22.4,0,52,3,
5.7,kt wiz,11,2,1,8,0,0,1,대전,23.2,0,16,10,
5.7,한화 이글스,4,0,2,9,1,0,0,대전,23.2,0,16,0,
5.7,LG 트윈스,16,0,1,5,1,0,1,서울,20.7,0,19,10,
5.7,두산 베어스,8,1,0,8,0,0,0,서울,20.7,0,19,4,
5.7,삼성 라이온즈,8,0,2,7,1,2,0,창원,26,0,17,3,
5.7,NC 다이노스,14,2,0,5,1,1,1,창원,26,0,17,13,
5.9,kt wiz,12,1,0,10,2,2,0,광주,15.3,0,94,4,
5.9,KIA 타이거즈,14,3,0,5,0,0,1,광주,15.3,0,94,9,
5.1,kt wiz,9,0,0,4,1,2,1,광주,18.3,0,72,3,
5.1,KIA 타이거즈,3,0,0,11,1,0,0,광주,18.3,0,72,0,
5.1,LG 트윈스,15,2,0,7,0,0,1,대구,20.6,0,55,6,
5.1,삼성 라이온즈,4,1,0,5,0,1,0,대구,20.6,0,55,1,
5.1,롯데 자이언츠,15,2,4,11,0,1,1,대전,17.4,0,74,8,
5.1,한화 이글스,5,0,1,8,1,1,0,대전,17.4,0,74,1,
5.1,SK 와이번스,5,0,0,14,0,0,0,서울,18.9,0,59,0,
5.1,두산 베어스,15,0,0,6,0,0,1,서울,18.9,0,59,6,
5.1,키움 히어로즈,8,0,0,9,0,1,0,창원,20.6,0,55,0,
5.1,NC 다이노스,8,0,0,9,1,0,1,창원,20.6,0,55,3,
5.11,kt wiz,13,1,2,8,2,1,1,광주,26.8,0,38,4,
5.11,KIA 타이거즈,5,0,0,4,1,1,0,광주,26.8,0,38,2,
5.11,LG 트윈스,10,1,1,9,0,1,1,대구,27.3,0,38,8,
5.11,삼성 라이온즈,9,1,1,6,2,1,0,대구,27.3,0,38,5,
5.11,롯데 자이언츠,4,0,0,8,2,2,0,대전,24.6,0,54,1,
5.11,한화 이글스,5,0,0,3,0,0,1,대전,24.6,0,54,2,
5.11,SK 와이번스,4,0,0,5,0,1,0,서울,24.6,0,49,0,
5.11,두산 베어스,10,1,3,5,0,0,1,서울,24.6,0,49,7,
5.11,키움 히어로즈,9,1,1,7,1,1,1,창원,23.9,0,66,2,
5.11,NC 다이노스,7,0,2,7,1,2,0,창원,23.9,0,66,1,
5.12,한화 이글스,9,0,0,8,0,0,1,서울,19.8,0,65,5,
5.12,LG 트윈스,9,0,1,9,0,1,0,서울,19.8,0,65,3,
5.12,KIA 타이거즈,9,0,0,7,1,2,0,인천,16.8,0,84,2,
5.12,SK 와이번스,8,1,2,6,0,0,1,인천,16.8,0,84,8,
5.12,NC 다이노스,10,2,2,2,1,2,1,수원,19.6,0,72,8,
5.12,kt wiz,8,0,1,7,0,0,0,수원,19.6,0,72,5,
5.12,키움 히어로즈,7,0,0,10,3,0,0,대구,19.6,0,71,1,
5.12,삼성 라이온즈,9,0,1,3,2,0,1,대구,19.6,0,71,4,
5.13,한화 이글스,13,3,0,5,1,1,1,서울,14.8,0,82,10,
5.13,LG 트윈스,7,0,0,5,4,2,0,서울,14.8,0,82,0,
5.13,KIA 타이거즈,9,2,0,9,1,0,1,인천,14.9,0,83,5,
5.13,SK 와이번스,4,1,0,5,0,0,0,인천,14.9,0,83,3,
5.13,NC 다이노스,6,1,0,7,0,1,0,수원,14.7,0,90,2,
5.13,kt wiz,13,0,1,6,2,2,1,수원,14.7,0,90,5,
5.13,두산 베어스,14,2,2,7,1,0,1,부산,20.7,0,59,9,
5.13,롯데 자이언츠,7,0,0,6,2,0,0,부산,20.7,0,59,4,
5.13,키움 히어로즈,12,0,1,6,1,0,1,대구,25,0,53,5,
5.13,삼성 라이온즈,7,2,1,7,0,1,0,대구,25,0,53,4,
5.14,한화 이글스,9,0,0,5,0,0,0,서울,18.9,0,40,1,
5.14,LG 트윈스,9,1,0,5,0,0,1,서울,18.9,0,40,4,
5.14,KIA 타이거즈,6,1,0,4,0,0,0,인천,17.3,0,47,3,
5.14,SK 와이번스,10,2,0,6,1,0,1,인천,17.3,0,47,4,
5.14,NC 다이노스,11,1,1,5,2,5,0,수원,16,0,55,5,
5.14,kt wiz,10,0,2,8,0,0,1,수원,16,0,55,10,
5.14,두산 베어스,17,2,0,5,1,1,1,부산,21.7,0,53,15,
5.14,롯데 자이언츠,8,0,0,7,0,0,0,부산,21.7,0,53,1,
5.14,키움 히어로즈,8,1,1,11,0,1,1,대구,22.7,0,19,5,
5.14,삼성 라이온즈,9,1,0,5,0,1,0,대구,22.7,0,19,4,
5.16,한화 이글스,4,0,0,9,1,0,0,서울,21.2,0,47,1,
5.16,키움 히어로즈,10,1,1,6,0,1,1,서울,21.2,0,47,2,
5.16,kt wiz,4,0,0,6,1,0,0,부산,18,0,61,0,
5.16,롯데 자이언츠,12,1,0,6,1,2,1,부산,18,0,61,6,
5.16,LG 트윈스,8,0,0,10,4,0,0,광주,20.7,0,41,2,
5.16,KIA 타이거즈,10,1,0,10,0,0,1,광주,20.7,0,41,3,
5.16,NC 다이노스,10,1,1,4,0,0,1,서울,21.2,0,47,2,
5.16,두산 베어스,10,0,0,11,3,0,0,서울,21.2,0,47,1,
5.16,삼성 라이온즈,10,1,0,6,1,0,1,인천,16.7,0,64,8,
5.16,SK 와이번스,4,1,0,10,1,3,0,인천,16.7,0,64,2,
5.17,한화 이글스,12,0,1,2,1,1,1,서울,24.1,0,34,8,
5.17,키움 히어로즈,12,0,0,4,0,1,0,서울,24.1,0,34,4,
5.17,kt wiz,5,1,1,9,1,3,0,부산,18.1,0,75,4,
5.17,롯데 자이언츠,14,2,2,4,2,2,1,부산,18.1,0,75,9,
5.17,LG 트윈스,8,1,1,9,0,0,0,광주,24,0,41,3,
5.17,KIA 타이거즈,12,0,0,3,1,2,1,광주,24,0,41,8,
5.17,NC 다이노스,7,1,0,5,1,1,1,서울,24.1,0,34,2,
5.17,두산 베어스,7,0,0,4,0,1,0,서울,24.1,0,34,1,
5.17,삼성 라이온즈,10,1,1,5,0,1,1,인천,20.9,0,53,5,
5.17,SK 와이번스,6,2,0,7,0,2,0,인천,20.9,0,53,2,
5.18,한화 이글스,9,1,0,7,0,0,0,서울,24.8,0,32,6,
5.18,키움 히어로즈,8,2,0,3,2,1,1,서울,24.8,0,32,8,
5.18,kt wiz,10,1,1,6,1,0,0,부산,21.8,0,59,4,
5.18,롯데 자이언츠,19,3,4,6,2,1,1,부산,21.8,0,59,11,
5.18,LG 트윈스,15,0,0,6,4,0,0,광주,26,0,39,4,
5.18,KIA 타이거즈,12,2,0,3,0,0,1,광주,26,0,39,9,
5.18,NC 다이노스,8,0,0,7,1,2,0,서울,24.8,0,32,4,
5.18,두산 베어스,7,1,2,6,0,0,1,서울,24.8,0,32,7,
5.18,삼성 라이온즈,3,0,0,11,0,0,0,인천,20.4,0,56,1,
5.18,SK 와이번스,12,1,1,5,2,1,1,인천,20.4,0,56,4,
5.19,롯데 자이언츠,11,2,0,5,0,1,1,서울,25,0,24,9,
5.19,LG 트윈스,9,1,1,8,1,1,0,서울,25,0,24,4,
5.19,두산 베어스,14,2,1,6,1,1,1,광주,26.7,0,32,7,
5.19,KIA 타이거즈,9,2,0,9,0,1,0,광주,26.7,0,32,6,
5.19,SK 와이번스,12,3,1,7,0,1,1,창원,25,0,42,11,
5.19,NC 다이노스,7,0,0,10,1,0,0,창원,25,0,42,1,
5.19,삼성 라이온즈,11,1,1,6,1,2,1,대전,27,0,27,6,
5.19,한화 이글스,8,0,0,10,2,0,0,대전,27,0,27,2,
5.19,키움 히어로즈,9,0,0,7,1,2,1,수원,22.6,0,31,4,
5.19,kt wiz,9,1,1,10,0,0,0,수원,22.6,0,31,3,
5.2,롯데 자이언츠,7,0,3,7,2,0,0,서울,24.3,0,30,2,
5.2,LG 트윈스,8,0,0,3,0,0,1,서울,24.3,0,30,3,
5.2,두산 베어스,15,1,1,3,3,0,1,광주,24.9,0,36,6,
5.2,KIA 타이거즈,8,0,0,2,3,0,0,광주,24.9,0,36,0,
5.2,SK 와이번스,4,0,1,10,0,0,0,창원,24.3,0,41,0,
5.2,NC 다이노스,6,0,0,8,1,0,1,창원,24.3,0,41,1,
5.2,삼성 라이온즈,14,2,1,6,1,1,1,대전,26.1,0,34,9,
5.2,한화 이글스,14,2,1,7,1,1,0,대전,26.1,0,34,8,
5.2,키움 히어로즈,15,3,1,10,2,0,1,수원,22.9,0,31,11,
5.2,kt wiz,8,1,0,9,1,1,0,수원,22.9,0,31,3,
5.21,롯데 자이언츠,7,0,0,5,0,0,0,서울,25.9,0,41,3,
5.21,LG 트윈스,7,0,0,8,0,0,1,서울,25.9,0,41,4,
5.21,두산 베어스,10,2,0,6,4,1,1,광주,26.1,0,38,7,
5.21,KIA 타이거즈,9,1,0,12,0,2,0,광주,26.1,0,38,3,
5.21,SK 와이번스,14,1,1,13,1,1,1,창원,23.4,0,53,9,
5.21,NC 다이노스,9,0,0,11,2,0,0,창원,23.4,0,53,4,
5.21,삼성 라이온즈,10,3,5,7,0,1,1,대전,26.3,0,40,8,
5.21,한화 이글스,14,2,0,11,1,1,0,대전,26.3,0,40,7,
5.21,키움 히어로즈,12,0,0,7,1,0,0,수원,23.1,0,44,4,
5.21,kt wiz,17,2,0,6,0,3,1,수원,23.1,0,44,13,
5.23,KIA 타이거즈,17,1,0,4,1,2,1,대전,24.5,0,55,13,
5.23,한화 이글스,15,2,0,6,1,1,0,대전,24.5,0,55,8,
5.23,kt wiz,18,3,0,8,0,0,1,대구,26.4,0,39,12,
5.23,삼성 라이온즈,6,0,0,8,0,0,0,대구,26.4,0,39,3,
5.23,NC 다이노스,17,1,0,4,2,1,1,서울,20,0,72,15,
5.23,키움 히어로즈,7,0,0,6,2,1,0,서울,20,0,72,4,
5.23,SK 와이번스,13,0,2,10,1,0,0,부산,21.6,0,64,6,
5.23,롯데 자이언츠,9,3,0,1,1,0,1,부산,21.6,0,64,7,
5.24,KIA 타이거즈,15,2,0,4,0,0,1,대전,25.6,0,52,9,
5.24,한화 이글스,6,1,0,3,0,0,0,대전,25.6,0,52,3,
5.24,kt wiz,13,2,0,8,1,0,1,대구,22.6,0,71,9,
5.24,삼성 라이온즈,13,1,1,7,1,1,0,대구,22.6,0,71,8,
5.24,NC 다이노스,14,0,0,5,2,0,1,서울,27,0,39,5,
5.24,키움 히어로즈,6,2,1,9,0,2,0,서울,27,0,39,4,
5.24,두산 베어스,6,1,0,6,0,0,1,서울,27,0,39,2,
5.24,LG 트윈스,6,0,2,8,0,1,0,서울,27,0,39,1,
5.24,SK 와이번스,8,3,0,8,2,0,0,부산,19,0,83,5,
5.24,롯데 자이언츠,12,1,0,7,1,0,1,부산,19,0,83,7,
5.25,KIA 타이거즈,8,0,2,10,1,1,1,대전,23.4,0,41,6,
5.25,한화 이글스,6,1,1,10,0,1,0,대전,23.4,0,41,4,
5.25,kt wiz,5,2,0,12,0,1,0,대구,29.1,0,20,4,
5.25,삼성 라이온즈,5,2,1,3,0,0,1,대구,29.1,0,20,6,
5.25,NC 다이노스,15,2,0,6,0,0,1,서울,22.2,0,29,13,
5.25,키움 히어로즈,4,0,0,6,3,1,0,서울,22.2,0,29,3,
5.25,두산 베어스,11,2,0,8,0,2,1,서울,22.2,0,29,9,
5.25,LG 트윈스,13,0,2,5,1,2,0,서울,22.2,0,29,7,
5.25,SK 와이번스,12,4,0,8,1,0,0,부산,23.3,0,52,6,
5.25,롯데 자이언츠,18,4,0,6,1,1,1,부산,23.3,0,52,17,
5.26,한화 이글스,15,0,0,10,0,2,0,창원,21.2,0,51,3,
5.26,NC 다이노스,11,0,2,4,1,0,1,창원,21.2,0,51,5,
5.26,kt wiz,18,0,1,11,2,0,1,서울,21.6,0,36,5,
5.26,두산 베어스,7,1,1,8,2,0,0,서울,21.6,0,36,3,
5.26,LG 트윈스,6,1,1,8,2,0,0,인천,19.5,0,51,1,
5.26,SK 와이번스,8,2,1,5,0,0,1,인천,19.5,0,51,6,
5.26,롯데 자이언츠,11,1,0,8,0,0,1,광주,19.5,0,34,8,
5.26,KIA 타이거즈,3,0,0,8,0,0,0,광주,19.5,0,34,2,
5.26,삼성 라이온즈,7,0,1,5,1,1,0,서울,21.6,0,36,3,
5.26,키움 히어로즈,20,1,2,3,1,2,1,서울,21.6,0,36,18,
5.27,한화 이글스,11,0,0,8,0,0,1,창원,22.2,0,43,6,
5.27,NC 다이노스,10,0,0,6,2,0,0,창원,22.2,0,43,1,
5.27,kt wiz,12,1,2,6,2,0,0,서울,23.7,0,29,4,
5.27,두산 베어스,14,1,1,5,2,1,1,서울,23.7,0,29,10,
5.27,LG 트윈스,5,1,0,6,2,1,0,인천,20.2,0,34,3,
5.27,SK 와이번스,9,2,0,6,2,1,1,인천,20.2,0,34,4,
5.27,롯데 자이언츠,10,0,0,2,2,2,0,광주,24.5,0,36,7,
5.27,KIA 타이거즈,17,2,0,6,0,1,1,광주,24.5,0,36,15,
5.27,삼성 라이온즈,7,1,0,5,0,0,0,서울,23.7,0,29,4,
5.27,키움 히어로즈,13,1,2,6,1,2,1,서울,23.7,0,29,7,
5.28,한화 이글스,12,1,2,8,0,0,1,창원,22,0,54,8,
5.28,NC 다이노스,8,0,0,10,1,1,0,창원,22,0,54,1,
5.28,kt wiz,8,0,0,5,2,0,0,서울,25.1,0,55,5,
5.28,두산 베어스,12,1,2,3,0,0,1,서울,25.1,0,55,9,
5.28,LG 트윈스,10,1,1,9,2,1,0,인천,21.8,0,70,2,
5.28,SK 와이번스,7,4,0,11,1,0,1,인천,21.8,0,70,5,
5.28,롯데 자이언츠,12,1,0,8,1,0,0,광주,26.5,0,37,4,
5.28,KIA 타이거즈,13,2,1,8,0,0,1,광주,26.5,0,37,8,
5.28,삼성 라이온즈,10,0,3,8,0,1,1,서울,25.1,0,55,3,
5.28,키움 히어로즈,12,0,0,10,3,1,0,서울,25.1,0,55,2,
5.3,KIA 타이거즈,17,2,0,10,1,0,1,창원,27.1,0,41,9,
5.3,NC 다이노스,10,0,0,3,1,1,0,창원,27.1,0,41,7,
5.3,롯데 자이언츠,7,0,1,5,2,0,1,대구,30.5,0,30,1,
5.3,삼성 라이온즈,5,0,0,4,2,0,0,대구,30.5,0,30,0,
5.3,두산 베어스,9,0,0,5,2,3,0,대전,28.8,0,40,2,
5.3,한화 이글스,12,0,1,6,2,0,1,대전,28.8,0,40,5,
5.3,SK 와이번스,9,1,2,8,0,0,1,수원,27.6,0,24,8,
5.3,kt wiz,8,1,0,14,1,0,0,수원,27.6,0,24,3,
5.3,키움 히어로즈,7,1,0,5,2,1,1,서울,28.7,0,8,3,
5.3,LG 트윈스,6,0,1,7,1,0,0,서울,28.7,0,8,1,
5.31,KIA 타이거즈,13,3,0,4,3,1,1,창원,23.3,0,76,10,
5.31,NC 다이노스,10,0,0,7,0,0,0,창원,23.3,0,76,2,
5.31,롯데 자이언츠,7,2,0,6,0,3,0,대구,27.8,0,37,4,
5.31,삼성 라이온즈,11,1,0,6,1,0,1,대구,27.8,0,37,11,
5.31,두산 베어스,5,0,0,7,1,1,0,대전,22.9,0,81,1,
5.31,한화 이글스,7,1,0,8,0,0,1,대전,22.9,0,81,3,
5.31,SK 와이번스,10,2,0,7,1,0,1,수원,25.8,0,55,8,
5.31,kt wiz,8,0,1,6,2,1,0,수원,25.8,0,55,2,
5.31,키움 히어로즈,8,0,0,6,1,0,0,서울,27.2,0,44,2,
5.31,LG 트윈스,13,0,2,4,1,2,1,서울,27.2,0,44,5,
6.1,KIA 타이거즈,11,1,0,7,2,1,0,창원,25.6,0,70,7,
6.1,NC 다이노스,10,2,1,6,0,2,1,창원,25.6,0,70,8,
6.1,롯데 자이언츠,6,0,0,2,1,2,0,대구,28.6,0,35,2,
6.1,삼성 라이온즈,13,1,1,7,0,0,1,대구,28.6,0,35,13,
6.1,두산 베어스,13,3,1,4,2,1,1,대전,25.2,0,55,8,
6.1,한화 이글스,11,2,0,2,0,0,0,대전,25.2,0,55,6,
6.1,SK 와이번스,13,3,1,8,0,1,1,수원,22.7,0,57,10,
6.1,kt wiz,8,1,0,6,1,0,0,수원,22.7,0,57,4,
6.1,키움 히어로즈,8,0,0,7,0,1,0,서울,26.3,0,32,1,
6.1,LG 트윈스,11,1,0,5,1,0,1,서울,26.3,0,32,6,
6.2,KIA 타이거즈,4,1,0,7,1,1,0,대구,22.3,0,44,1,
6.2,삼성 라이온즈,14,1,3,8,0,0,1,대구,22.3,0,44,5,
6.2,kt wiz,16,1,0,6,1,0,1,부산,18.7,0,69,11,
6.2,롯데 자이언츠,13,1,0,7,1,0,0,부산,18.7,0,69,8,
6.2,NC 다이노스,9,0,0,7,2,0,1,서울,23.5,0,32,4,
6.2,LG 트윈스,5,1,0,12,1,1,0,서울,23.5,0,32,1,
6.2,두산 베어스,16,1,0,5,3,0,1,서울,23.5,0,32,15,
6.2,키움 히어로즈,7,2,0,2,2,1,0,서울,23.5,0,32,4,
6.2,SK 와이번스,6,2,0,5,0,2,0,대전,25.9,0,25,4,
6.2,한화 이글스,13,0,1,4,0,0,1,대전,25.9,0,25,5,
6.3,KIA 타이거즈,10,1,2,8,1,1,0,대구,23.4,0,41,5,
6.3,삼성 라이온즈,13,3,1,9,1,2,1,대구,23.4,0,41,6,
6.3,kt wiz,16,0,1,8,1,1,1,부산,20.5,0,69,10,
6.3,롯데 자이언츠,8,0,0,6,1,1,0,부산,20.5,0,69,1,
6.3,NC 다이노스,11,0,2,7,1,1,1,서울,23.4,0,34,4,
6.3,LG 트윈스,7,0,0,7,0,0,0,서울,23.4,0,34,3,
6.3,두산 베어스,10,2,0,5,0,0,0,서울,23.4,0,34,5,
6.3,키움 히어로즈,16,1,1,4,2,0,1,서울,23.4,0,34,8,
6.3,SK 와이번스,6,2,0,8,1,2,1,대전,24.7,0,28,5,
6.3,한화 이글스,10,1,1,5,1,0,0,대전,24.7,0,28,2,
6.4,KIA 타이거즈,18,1,0,5,1,2,1,대구,24.6,0,34,13,
6.4,삼성 라이온즈,7,0,0,3,1,1,0,대구,24.6,0,34,3,
6.4,kt wiz,12,1,0,9,1,2,0,부산,21.7,0,44,8,
6.4,롯데 자이언츠,14,4,0,6,1,0,1,부산,21.7,0,44,14,
6.4,NC 다이노스,9,0,0,7,0,0,1,서울,25.6,0,21,6,
6.4,LG 트윈스,10,1,0,7,1,2,0,서울,25.6,0,21,5,
6.4,두산 베어스,16,2,0,6,2,0,1,서울,25.6,0,21,6,
6.4,키움 히어로즈,10,0,2,7,1,0,0,서울,25.6,0,21,1,
6.4,SK 와이번스,11,6,0,4,0,3,1,대전,27.2,0,26,7,
6.4,한화 이글스,8,0,0,4,1,0,0,대전,27.2,0,26,4,
6.6,삼성 라이온즈,18,1,0,8,0,1,1,서울,17.4,1,80,12,
6.6,두산 베어스,9,3,1,10,1,2,0,서울,17.4,1,80,10,
6.6,키움 히어로즈,9,3,0,3,2,1,0,인천,16.9,0,79,5,
6.6,SK 와이번스,7,1,1,5,1,0,1,인천,16.9,0,79,6,
6.6,롯데 자이언츠,7,1,1,9,0,0,1,창원,16.9,0,94,5,
6.6,NC 다이노스,8,2,1,11,1,2,0,창원,16.9,0,94,4,
6.7,한화 이글스,5,0,1,7,1,1,0,광주,17.1,0,94,0,
6.7,KIA 타이거즈,12,2,0,4,0,0,1,광주,17.1,0,94,7,
6.7,LG 트윈스,12,0,1,9,0,1,1,수원,18.3,0,92,11,
6.7,kt wiz,12,0,3,7,1,1,0,수원,18.3,0,92,7,
6.7,롯데 자이언츠,11,1,0,6,1,0,0,창원,22,0,82,4,
6.7,NC 다이노스,16,3,2,7,0,1,1,창원,22,0,82,12,
6.7,삼성 라이온즈,10,1,0,9,0,1,0,서울,18.7,0,81,7,
6.7,두산 베어스,13,2,2,8,0,1,1,서울,18.7,0,81,9,
6.7,키움 히어로즈,12,0,2,9,2,1,1,인천,19.1,0,78,6,
6.7,SK 와이번스,9,2,0,8,1,1,0,인천,19.1,0,78,2,
6.8,한화 이글스,11,0,0,4,2,1,0,광주,25,0,54,4,
6.8,KIA 타이거즈,13,2,0,7,0,0,1,광주,25,0,54,8,
6.8,LG 트윈스,8,0,0,4,1,0,1,수원,22.1,0,69,5,
6.8,kt wiz,10,1,0,14,0,0,0,수원,22.1,0,69,4,
6.8,롯데 자이언츠,5,0,0,5,1,1,0,창원,28,0,27,0,
6.8,NC 다이노스,20,4,1,8,0,0,1,창원,28,0,27,16,
6.8,삼성 라이온즈,6,1,2,10,1,0,0,서울,23.1,0,51,3,
6.8,두산 베어스,6,1,0,4,1,0,1,서울,23.1,0,51,4,
6.8,키움 히어로즈,12,0,0,5,0,0,1,인천,19.9,0,71,6,
6.8,SK 와이번스,6,0,1,12,0,1,0,인천,19.9,0,71,2,
6.9,kt wiz,7,2,2,12,1,1,0,창원,24.6,0,59,5,
6.9,NC 다이노스,12,0,2,9,0,0,1,창원,24.6,0,59,6,
6.9,두산 베어스,7,0,0,7,0,0,1,부산,24.2,0,56,4,
6.9,롯데 자이언츠,5,0,1,11,0,1,0,부산,24.2,0,56,0,
6.9,SK 와이번스,8,0,0,10,1,0,0,서울,23.2,0,62,1,
6.9,LG 트윈스,6,0,0,9,0,0,1,서울,23.2,0,62,3,
6.9,삼성 라이온즈,13,1,0,6,0,0,1,대전,25.8,0,36,8,
6.9,한화 이글스,10,1,3,4,0,0,0,대전,25.8,0,36,5,
6.9,키움 히어로즈,11,2,0,8,2,0,1,광주,27,0,34,7,
6.9,KIA 타이거즈,14,1,0,5,0,1,0,광주,27,0,34,5,
6.1,kt wiz,4,0,0,6,0,2,0,창원,22.7,0,86,1,
6.1,NC 다이노스,6,0,2,4,0,0,1,창원,22.7,0,86,4,
6.1,두산 베어스,9,4,0,5,2,3,0,부산,20.4,0,44,6,
6.1,롯데 자이언츠,15,1,1,8,1,0,1,부산,20.4,0,44,7,
6.1,SK 와이번스,7,2,1,3,1,1,1,서울,27.2,0,18,4,
6.1,LG 트윈스,9,0,1,8,0,2,0,서울,27.2,0,18,3,
6.1,삼성 라이온즈,9,0,0,5,2,1,0,대전,26.2,0,50,2,
6.1,한화 이글스,11,0,1,4,1,0,1,대전,26.2,0,50,10,
6.1,키움 히어로즈,13,1,0,6,0,0,1,광주,25.1,0,76,8,
6.1,KIA 타이거즈,12,1,0,3,1,0,0,광주,25.1,0,76,4,
6.11,kt wiz,8,0,0,8,2,0,0,창원,22.2,0,54,0,
6.11,NC 다이노스,7,1,0,4,1,1,1,창원,22.2,0,54,5,
6.11,두산 베어스,9,1,0,8,0,2,0,부산,20.8,0,57,4,
6.11,롯데 자이언츠,12,1,0,5,0,2,1,부산,20.8,0,57,7,
6.11,SK 와이번스,4,1,0,9,0,1,0,서울,28.3,0,24,1,
6.11,LG 트윈스,18,0,0,6,0,0,1,서울,28.3,0,24,19,
6.11,삼성 라이온즈,11,1,0,9,0,1,1,대전,28.7,0,25,7,
6.11,한화 이글스,8,1,0,4,2,0,0,대전,28.7,0,25,4,
6.11,키움 히어로즈,3,0,0,6,1,1,0,광주,26.5,0,38,2,
6.11,KIA 타이거즈,13,1,1,5,1,2,1,광주,26.5,0,38,6,
6.13,한화 이글스,17,0,0,7,1,0,1,인천,20.5,0,74,11,
6.13,SK 와이번스,12,3,0,7,1,0,0,인천,20.5,0,74,8,
6.13,KIA 타이거즈,10,1,0,6,2,1,1,부산,19.1,0,72,10,
6.13,롯데 자이언츠,12,1,0,8,1,1,0,부산,19.1,0,72,7,
6.13,kt wiz,6,0,0,8,0,1,0,대구,25.8,0,38,0,
6.13,삼성 라이온즈,9,0,3,6,1,1,1,대구,25.8,0,38,4,
6.13,LG 트윈스,11,1,0,5,2,0,0,서울,22.8,0,61,4,
6.13,두산 베어스,10,2,0,6,0,0,1,서울,22.8,0,61,7,
6.13,NC 다이노스,17,0,0,4,2,1,1,서울,22.8,0,61,14,
6.13,키움 히어로즈,5,0,1,10,0,1,0,서울,22.8,0,61,5,
6.14,한화 이글스,6,2,1,7,1,1,0,인천,21,0,75,3,
6.14,SK 와이번스,6,2,0,13,1,1,1,인천,21,0,75,6,
6.14,KIA 타이거즈,11,1,1,6,1,0,1,부산,21.1,0,71,6,
6.14,롯데 자이언츠,6,1,0,10,0,1,0,부산,21.1,0,71,3,
6.14,kt wiz,10,0,1,7,0,0,1,대구,28.3,0,35,7,
6.14,삼성 라이온즈,9,1,4,8,0,2,0,대구,28.3,0,35,5,
6.14,LG 트윈스,9,1,1,8,2,0,1,서울,25.2,0,46,5,
6.14,두산 베어스,7,0,0,7,1,0,0,서울,25.2,0,46,1,
6.14,NC 다이노스,15,1,2,6,2,0,0,서울,25.2,0,46,4,
6.14,키움 히어로즈,15,4,0,9,0,0,1,서울,25.2,0,46,8,
6.15,한화 이글스,8,0,0,5,1,0,0,인천,21.9,0,73,3,
6.15,SK 와이번스,11,2,0,7,1,1,1,인천,21.9,0,73,4,
6.15,KIA 타이거즈,12,1,1,11,0,0,1,부산,24.2,0,58,7,
6.15,롯데 자이언츠,14,3,0,3,1,0,0,부산,24.2,0,58,5,
6.15,kt wiz,8,0,0,3,1,2,0,대구,31.3,0,32,2,
6.15,삼성 라이온즈,8,1,1,7,1,0,1,대구,31.3,0,32,6,
6.15,LG 트윈스,18,2,0,7,0,0,1,서울,27.4,0,45,12,
6.15,두산 베어스,11,1,1,10,0,3,0,서울,27.4,0,45,6,
6.15,NC 다이노스,15,0,0,5,0,1,1,서울,27.4,0,45,9,
6.15,키움 히어로즈,12,1,1,4,2,0,0,서울,27.4,0,45,8,
6.16,한화 이글스,19,6,0,4,2,2,1,수원,27.6,0,52,15,
6.16,kt wiz,18,2,1,5,0,1,0,수원,27.6,0,52,14,
6.16,LG 트윈스,14,2,0,8,0,1,1,광주,30.5,0,37,9,
6.16,KIA 타이거즈,12,1,0,8,1,1,0,광주,30.5,0,37,8,
6.16,롯데 자이언츠,5,1,0,6,3,0,0,서울,29.1,0,49,1,
6.16,키움 히어로즈,5,0,0,7,0,0,1,서울,29.1,0,49,2,
6.16,NC 다이노스,15,0,1,6,1,1,1,서울,29.1,0,49,11,
6.16,두산 베어스,11,1,0,7,1,0,0,서울,29.1,0,49,5,
6.16,SK 와이번스,7,1,0,3,0,1,1,대구,24.8,0,54,2,
6.16,삼성 라이온즈,6,1,0,11,0,0,0,대구,24.8,0,54,1,
6.17,한화 이글스,12,3,1,12,0,0,1,수원,25.8,0,43,9,
6.17,kt wiz,6,1,0,2,2,0,0,수원,25.8,0,43,1,
6.17,LG 트윈스,9,1,0,11,0,0,0,광주,28.2,0,46,3,
6.17,KIA 타이거즈,7,1,2,2,0,0,1,광주,28.2,0,46,4,
6.17,롯데 자이언츠,2,1,0,7,1,0,0,서울,26.9,0,42,2,
6.17,키움 히어로즈,10,2,0,7,1,0,1,서울,26.9,0,42,8,
6.17,NC 다이노스,9,0,0,6,1,0,0,서울,26.9,0,42,4,
6.17,두산 베어스,17,2,1,4,1,0,1,서울,26.9,0,42,14,
6.17,SK 와이번스,17,2,0,4,1,0,1,대구,30,0,44,14,
6.17,삼성 라이온즈,14,0,1,4,0,0,0,대구,30,0,44,10,
6.18,한화 이글스,18,5,2,7,2,2,1,수원,26.2,0,48,13,
6.18,kt wiz,11,1,2,6,1,1,0,수원,26.2,0,48,5,
6.18,LG 트윈스,18,3,1,4,0,1,1,광주,30,0,36,16,
6.18,KIA 타이거즈,9,3,0,9,0,2,0,광주,30,0,36,8,
6.18,롯데 자이언츠,11,2,0,10,1,0,0,서울,28,0,33,3,
6.18,키움 히어로즈,16,0,3,11,1,0,1,서울,28,0,33,14,
6.18,NC 다이노스,17,1,2,4,1,2,0,서울,28,0,33,11,
6.18,두산 베어스,16,2,0,6,0,4,1,서울,28,0,33,13,
6.18,SK 와이번스,12,3,0,5,1,3,0,대구,30.6,0,43,5,
6.18,삼성 라이온즈,9,2,0,1,1,0,1,대구,30.6,0,43,7,
6.2,롯데 자이언츠,16,1,0,6,1,2,1,수원,27.1,0,43,10,
6.2,kt wiz,10,0,2,4,2,0,0,수원,27.1,0,43,2,
6.2,NC 다이노스,7,0,0,4,2,0,0,인천,24.9,0,42,1,
6.2,SK 와이번스,7,3,0,5,0,1,1,인천,24.9,0,42,7,
6.2,삼성 라이온즈,7,2,0,2,0,1,0,서울,27.8,0,41,3,
6.2,LG 트윈스,12,0,0,8,1,0,1,서울,27.8,0,41,5,
6.2,키움 히어로즈,9,1,1,9,2,0,0,대전,29.4,0,37,5,
6.2,한화 이글스,9,1,0,5,0,0,1,대전,29.4,0,37,6,
6.21,롯데 자이언츠,13,3,2,8,0,1,1,수원,25.1,0,56,10,
6.21,kt wiz,7,1,0,4,0,2,0,수원,25.1,0,56,4,
6.21,NC 다이노스,5,1,1,3,1,1,1,인천,23.9,0,68,2,
6.21,SK 와이번스,8,0,0,1,1,1,0,인천,23.9,0,68,1,
6.21,두산 베어스,15,1,0,8,0,0,0,광주,25.4,0,68,8,
6.21,KIA 타이거즈,20,1,1,6,1,1,1,광주,25.4,0,68,20,
6.21,삼성 라이온즈,9,2,2,5,0,0,1,서울,27,0,49,10,
6.21,LG 트윈스,7,0,1,8,1,3,0,서울,27,0,49,3,
6.21,키움 히어로즈,9,0,1,10,2,0,1,대전,27.1,0,57,6,
6.21,한화 이글스,6,1,1,7,1,1,0,대전,27.1,0,57,5,
6.22,롯데 자이언츠,8,1,1,9,1,2,0,수원,27.5,0,43,3,
6.22,kt wiz,15,1,1,5,2,1,1,수원,27.5,0,43,10,
6.22,NC 다이노스,10,3,0,6,0,0,0,인천,25.3,0,64,6,
6.22,SK 와이번스,10,3,0,10,0,0,1,인천,25.3,0,64,13,
6.22,두산 베어스,11,1,0,9,0,0,0,광주,29,0,57,5,
6.22,KIA 타이거즈,18,2,0,4,0,1,1,광주,29,0,57,11,
6.22,삼성 라이온즈,11,1,1,10,1,1,1,서울,29,0,38,5,
6.22,LG 트윈스,8,0,0,5,0,1,0,서울,29,0,38,1,
6.22,키움 히어로즈,20,2,1,7,2,1,0,대전,31.6,0,35,12,
6.22,한화 이글스,16,5,0,8,0,0,1,대전,31.6,0,35,13,
6.23,한화 이글스,6,0,0,8,1,0,0,대구,30.1,0,40,3,
6.23,삼성 라이온즈,10,0,0,3,1,0,1,대구,30.1,0,40,5,
6.23,KIA 타이거즈,9,0,0,8,2,1,0,창원,24.8,0,70,1,
6.23,NC 다이노스,11,0,1,6,2,1,1,창원,24.8,0,70,4,
6.23,kt wiz,6,0,2,5,0,2,0,인천,26.1,0,57,2,
6.23,SK 와이번스,5,3,0,7,1,0,1,인천,26.1,0,57,4,
6.23,LG 트윈스,10,1,0,12,0,0,0,서울,29.2,0,44,3,
6.23,키움 히어로즈,14,0,1,11,0,1,1,서울,29.2,0,44,8,
6.23,롯데 자이언츠,7,0,0,5,1,0,0,서울,29.2,0,44,1,
6.23,두산 베어스,12,3,0,7,0,0,1,서울,29.2,0,44,9,
6.24,한화 이글스,8,1,0,3,3,2,0,대구,28.5,0,44,2,
6.24,삼성 라이온즈,11,3,0,4,0,0,1,대구,28.5,0,44,8,
6.24,KIA 타이거즈,8,0,0,4,3,1,0,창원,24.1,0,84,1,
6.24,NC 다이노스,7,1,1,5,1,0,1,창원,24.1,0,84,6,
6.24,kt wiz,5,0,0,7,1,0,0,인천,22.6,0,65,1,
6.24,SK 와이번스,7,1,0,6,0,0,1,인천,22.6,0,65,2,
6.24,LG 트윈스,12,1,0,8,3,0,1,서울,24.7,0,64,8,
6.24,키움 히어로즈,8,0,0,5,1,3,0,서울,24.7,0,64,2,
6.24,롯데 자이언츠,13,0,0,7,2,1,1,서울,24.7,0,64,8,
6.24,두산 베어스,9,0,0,5,2,0,0,서울,24.7,0,64,4,
6.25,KIA 타이거즈,6,2,1,7,0,0,0,창원,22.7,0,90,7,
6.25,NC 다이노스,10,2,1,6,1,1,1,창원,22.7,0,90,7,
6.25,kt wiz,11,2,0,7,1,1,0,인천,26.3,0,52,6,
6.25,SK 와이번스,9,2,0,6,0,1,1,인천,26.3,0,52,9,
6.25,LG 트윈스,8,1,2,12,0,0,0,서울,25.5,0,71,6,
6.25,키움 히어로즈,11,0,0,6,2,1,1,서울,25.5,0,71,7,
6.25,롯데 자이언츠,11,2,1,6,0,0,1,서울,25.5,0,71,2,
6.25,두산 베어스,8,0,1,4,2,2,0,서울,25.5,0,71,4,
6.27,kt wiz,7,0,1,7,1,1,0,대전,28.2,0,58,4,
6.27,한화 이글스,11,1,0,10,1,1,1,대전,28.2,0,58,2,
6.27,LG 트윈스,15,1,1,8,1,2,0,부산,23.3,0,73,1,
6.27,롯데 자이언츠,19,2,1,11,3,1,1,부산,23.3,0,73,4,
6.27,SK 와이번스,5,1,0,7,0,1,1,서울,27.3,0,65,10,
6.27,두산 베어스,10,1,2,10,1,1,0,서울,27.3,0,65,11,
6.27,삼성 라이온즈,9,1,2,5,1,2,0,광주,26.3,0,70,5,
6.27,KIA 타이거즈,14,0,0,4,0,1,1,광주,26.3,0,70,1,
6.27,키움 히어로즈,7,0,0,5,2,1,0,창원,23.2,0,80,4,
6.27,NC 다이노스,11,3,0,9,0,0,1,창원,23.2,0,80,11,
6.28,kt wiz,10,2,0,7,0,2,1,대전,29.8,0,57,5,
6.28,한화 이글스,12,0,0,8,1,1,0,대전,29.8,0,57,4,
6.28,SK 와이번스,10,0,0,5,0,0,1,서울,28.8,0,54,3,
6.28,두산 베어스,8,0,1,10,0,0,0,서울,28.8,0,54,0,
6.28,삼성 라이온즈,10,1,0,10,0,2,0,광주,27.1,0,75,4,
6.28,KIA 타이거즈,20,2,0,4,0,0,1,광주,27.1,0,75,13,
6.28,키움 히어로즈,8,0,0,5,1,0,0,창원,24.7,0,77,3,
6.28,NC 다이노스,11,1,0,4,1,1,1,창원,24.7,0,77,9,
6.29,kt wiz,9,1,0,4,2,0,0,대전,30.4,0,53,5,
6.29,한화 이글스,10,2,0,5,2,1,1,대전,30.4,0,53,8,
6.29,SK 와이번스,9,1,0,9,0,1,0,서울,29.6,0,49,3,
6.29,두산 베어스,11,3,0,0,2,0,1,서울,29.6,0,49,6,
6.29,삼성 라이온즈,4,0,0,9,2,0,0,광주,27.2,0,63,1,
6.29,KIA 타이거즈,29,2,0,4,2,1,1,광주,27.2,0,63,22,
6.3,KIA 타이거즈,12,2,1,6,1,1,1,서울,27.7,0,52,10,
6.3,LG 트윈스,10,1,2,6,0,1,0,서울,27.7,0,52,6,
6.3,NC 다이노스,6,0,0,5,1,1,0,부산,25.4,0,80,0,
6.3,롯데 자이언츠,9,3,1,7,0,0,1,부산,25.4,0,80,9,
6.3,두산 베어스,13,2,0,12,0,1,0,대전,29.7,0,64,8,
6.3,한화 이글스,16,3,0,7,0,1,1,대전,29.7,0,64,13,
6.3,삼성 라이온즈,11,0,1,2,0,0,0,인천,25.6,0,69,5,
6.3,SK 와이번스,10,4,0,11,0,0,1,인천,25.6,0,69,7,
6.3,키움 히어로즈,15,3,2,7,0,1,1,수원,26.7,0,62,9,
6.3,kt wiz,15,0,0,5,2,0,0,수원,26.7,0,62,5,
7.1,KIA 타이거즈,13,1,0,9,1,2,1,서울,26.9,0,66,10,
7.1,LG 트윈스,9,0,0,6,0,3,0,서울,26.9,0,66,4,
7.1,NC 다이노스,13,3,1,6,3,0,0,부산,26.4,0,76,5,
7.1,롯데 자이언츠,10,1,0,4,1,0,1,부산,26.4,0,76,9,
7.1,두산 베어스,11,1,0,4,4,1,0,대전,24.8,0.1,96,3,
7.1,한화 이글스,12,5,0,4,2,1,1,대전,24.8,0.1,96,9,
7.1,삼성 라이온즈,10,0,2,7,1,0,1,인천,25.3,0,84,7,
7.1,SK 와이번스,7,1,0,11,0,1,0,인천,25.3,0,84,4,
7.2,KIA 타이거즈,14,2,1,7,0,0,1,서울,25.7,0,87,13,
7.2,LG 트윈스,8,0,0,4,1,1,0,서울,25.7,0,87,4,
7.2,NC 다이노스,5,0,0,8,1,3,0,부산,25.7,0,86,1,
7.2,롯데 자이언츠,8,0,0,6,0,0,1,부산,25.7,0,86,2,
7.2,삼성 라이온즈,10,3,1,4,1,0,0,인천,23.9,0,96,5,
7.2,SK 와이번스,12,1,0,4,0,0,1,인천,23.9,0,96,6,
7.2,키움 히어로즈,9,0,0,6,0,0,1,수원,26.2,0,93,5,
7.2,kt wiz,3,0,0,3,0,2,0,수원,26.2,0,93,1,
7.4,한화 이글스,9,2,0,6,0,0,0,서울,29.2,0,64,5,
7.4,키움 히어로즈,12,2,0,10,0,0,1,서울,29.2,0,64,7,
7.4,KIA 타이거즈,17,3,1,11,0,0,1,인천,26.4,0,78,15,
7.4,SK 와이번스,13,2,0,3,3,0,0,인천,26.4,0,78,6,
7.4,kt wiz,6,0,0,5,0,1,0,서울,29.2,0,64,1,
7.4,두산 베어스,12,3,0,7,0,0,1,서울,29.2,0,64,8,
7.4,롯데 자이언츠,6,0,0,11,1,0,0,대구,27.9,0,79,2,
7.4,삼성 라이온즈,5,2,0,8,0,1,1,대구,27.9,0,79,4,
7.5,한화 이글스,12,1,0,12,0,0,0,서울,31.4,0,55,7,
7.5,키움 히어로즈,19,4,1,11,0,1,1,서울,31.4,0,55,12,
7.5,KIA 타이거즈,21,6,0,7,0,1,0,인천,29,0,62,17,
7.5,SK 와이번스,17,4,0,11,0,0,1,인천,29,0,62,18,
7.5,kt wiz,4,0,0,6,2,0,0,서울,31.4,0,55,1,
7.5,두산 베어스,8,0,1,6,1,1,1,서울,31.4,0,55,3,
7.5,LG 트윈스,13,1,1,8,0,1,1,창원,25.3,0,88,12,
7.5,NC 다이노스,12,0,1,9,1,2,0,창원,25.3,0,88,5,
7.5,롯데 자이언츠,10,0,1,5,0,2,0,대구,30,0,61,5,
7.5,삼성 라이온즈,12,0,1,11,0,2,1,대구,30,0,61,6,
7.6,한화 이글스,13,3,1,10,2,1,0,서울,27.8,2,80,6,
7.6,키움 히어로즈,18,1,0,6,2,0,1,서울,27.8,2,80,13,
7.6,KIA 타이거즈,10,1,2,1,3,0,1,인천,28.1,0,75,5,
7.6,SK 와이번스,5,1,0,8,1,1,0,인천,28.1,0,75,3,
7.6,롯데 자이언츠,9,2,0,6,2,1,1,대구,27.6,0,76,4,
7.6,삼성 라이온즈,8,0,0,11,1,0,0,대구,27.6,0,76,2,
7.7,두산 베어스,13,4,0,11,0,1,1,창원,27.2,0,94,6,
7.7,NC 다이노스,8,0,0,9,3,0,0,창원,27.2,0,94,1,
7.7,SK 와이번스,11,4,0,7,1,0,1,부산,25.5,0,93,6,
7.7,롯데 자이언츠,9,1,0,6,2,0,0,부산,25.5,0,93,5,
7.7,키움 히어로즈,14,3,0,2,1,0,1,대구,28.7,0,76,9,
7.7,삼성 라이온즈,10,0,0,10,0,1,0,대구,28.7,0,76,2,
7.8,한화 이글스,11,1,1,3,2,1,1,서울,26.5,0,81,6,
7.8,LG 트윈스,10,0,0,5,3,0,0,서울,26.5,0,81,3,
7.8,KIA 타이거즈,20,4,0,8,0,0,1,수원,26.9,0,90,20,
7.8,kt wiz,14,1,0,5,2,2,0,수원,26.9,0,90,8,
7.8,SK 와이번스,8,1,0,6,1,1,0,부산,25.7,0,90,4,
7.8,롯데 자이언츠,8,1,2,9,0,1,1,부산,25.7,0,90,6,
7.8,키움 히어로즈,10,5,1,8,3,0,1,대구,28.4,0,76,10,
7.8,삼성 라이온즈,12,1,0,6,0,2,0,대구,28.4,0,76,8,
7.9,한화 이글스,5,0,0,2,0,1,0,서울,26.3,0,87,2,
7.9,LG 트윈스,5,1,0,7,0,0,1,서울,26.3,0,87,3,
7.9,두산 베어스,13,2,0,6,1,0,0,창원,28.9,0,83,4,
7.9,NC 다이노스,15,1,1,6,1,1,1,창원,28.9,0,83,9,
7.9,SK 와이번스,9,1,0,9,2,0,1,부산,24.9,0,94,6,
7.9,롯데 자이언츠,9,0,0,7,2,2,0,부산,24.9,0,94,0,
7.9,키움 히어로즈,6,0,0,8,1,1,0,대구,31.7,0,64,2,
7.9,삼성 라이온즈,13,1,0,6,0,0,1,대구,31.7,0,64,7,
7.11,LG 트윈스,5,1,0,5,0,1,0,인천,26.1,0,90,1,
7.11,SK 와이번스,7,1,1,9,0,1,1,인천,26.1,0,90,6,
7.11,롯데 자이언츠,11,2,2,8,3,1,1,대전,29,0,81,5,
7.11,한화 이글스,10,2,2,8,0,1,0,대전,29,0,81,4,
7.11,NC 다이노스,12,0,0,3,1,0,0,광주,29.4,0,83,4,
7.11,KIA 타이거즈,13,2,2,8,0,0,1,광주,29.4,0,83,7,
7.11,삼성 라이온즈,8,2,0,6,2,2,1,수원,27.8,0,87,4,
7.11,kt wiz,10,0,4,8,1,0,0,수원,27.8,0,87,2,
7.11,키움 히어로즈,9,2,0,4,0,0,1,서울,29.2,0,71,5,
7.11,두산 베어스,7,1,0,9,0,2,0,서울,29.2,0,71,1,
7.12,LG 트윈스,14,3,0,6,0,2,1,인천,27.1,0,73,12,
7.12,SK 와이번스,11,1,1,8,1,1,0,인천,27.1,0,73,6,
7.12,롯데 자이언츠,10,1,0,4,1,1,1,대전,31.8,0,65,8,
7.12,한화 이글스,10,0,1,7,0,1,0,대전,31.8,0,65,4,
7.12,NC 다이노스,11,1,0,9,1,1,0,광주,32.2,0,71,6,
7.12,KIA 타이거즈,13,3,0,5,2,1,1,광주,32.2,0,71,7,
7.12,삼성 라이온즈,16,0,3,8,3,0,1,수원,29.3,0,75,11,
7.12,kt wiz,9,1,0,8,1,0,0,수원,29.3,0,75,3,
7.12,키움 히어로즈,8,0,0,9,2,1,0,서울,29.6,0,62,3,
7.12,두산 베어스,11,1,1,6,2,0,1,서울,29.6,0,62,4,
7.13,LG 트윈스,16,3,1,3,1,2,1,인천,29.6,0,69,9,
7.13,SK 와이번스,5,1,0,9,0,1,0,인천,29.6,0,69,1,
7.13,롯데 자이언츠,12,1,0,6,1,0,0,대전,32.1,0,63,4,
7.13,한화 이글스,8,2,0,4,1,0,1,대전,32.1,0,63,6,
7.13,NC 다이노스,6,0,0,9,0,0,0,광주,32.7,0,57,1,
7.13,KIA 타이거즈,9,2,0,9,0,0,1,광주,32.7,0,57,7,
7.13,삼성 라이온즈,12,1,1,6,0,0,0,수원,30.9,0,63,8,
7.13,kt wiz,12,2,1,5,2,2,1,수원,30.9,0,63,9,
7.13,키움 히어로즈,10,0,0,8,0,0,0,서울,31.1,0,59,4,
7.13,두산 베어스,14,1,0,5,1,0,1,서울,31.1,0,59,8,
7.18,KIA 타이거즈,11,2,1,8,0,0,1,서울,30,0,63,4,
7.18,키움 히어로즈,5,1,0,9,0,0,0,서울,30,0,63,3,
7.18,kt wiz,6,0,0,6,0,0,0,서울,30,0,63,2,
7.18,LG 트윈스,8,0,0,3,0,1,1,서울,30,0,63,3,
7.18,NC 다이노스,14,2,0,6,0,2,1,대전,28.1,0,84,7,
7.18,한화 이글스,9,0,0,7,3,1,0,대전,28.1,0,84,4,
7.18,두산 베어스,10,1,0,3,2,0,1,인천,28.1,0,78,6,
7.18,SK 와이번스,5,1,0,2,1,1,0,인천,28.1,0,78,4,
7.18,삼성 라이온즈,3,0,0,7,2,1,0,부산,27.3,0,80,2,
7.18,롯데 자이언츠,7,2,2,8,1,0,1,부산,27.3,0,80,5,
7.19,KIA 타이거즈,8,1,0,8,3,0,0,서울,30.3,0,66,2,
7.19,키움 히어로즈,10,0,0,7,0,2,1,서울,30.3,0,66,4,
7.19,kt wiz,6,1,0,2,2,3,0,서울,30.3,0,66,2,
7.19,LG 트윈스,8,0,0,3,0,1,1,서울,30.3,0,66,4,
7.19,NC 다이노스,19,2,3,6,0,2,1,대전,31.8,0,66,13,
7.19,한화 이글스,13,3,0,7,2,2,0,대전,31.8,0,66,9,
7.19,두산 베어스,10,1,0,10,1,0,0,인천,28.3,0,74,8,
7.19,SK 와이번스,13,5,1,4,2,1,1,인천,28.3,0,74,12,
7.19,삼성 라이온즈,7,2,0,6,0,0,1,부산,28,0,76,3,
7.19,롯데 자이언츠,8,0,1,10,2,0,0,부산,28,0,76,0,
7.2,KIA 타이거즈,17,0,1,9,1,2,1,서울,33.3,0,57,8,
7.2,키움 히어로즈,11,1,0,8,2,1,0,서울,33.3,0,57,7,
7.2,kt wiz,10,0,2,7,1,1,0,서울,33.3,0,57,9,
7.2,LG 트윈스,16,1,0,5,0,0,1,서울,33.3,0,57,10,
7.2,NC 다이노스,12,3,1,7,0,0,1,대전,33,0,69,7,
7.2,한화 이글스,8,2,0,8,0,1,0,대전,33,0,69,4,
7.2,두산 베어스,11,2,0,8,0,0,1,인천,29.6,0,74,14,
7.2,SK 와이번스,8,1,0,9,0,1,0,인천,29.6,0,74,2,
7.21,한화 이글스,9,3,1,7,1,0,0,서울,31.8,0,69,6,
7.21,두산 베어스,11,3,0,5,0,1,1,서울,31.8,0,69,9,
7.21,kt wiz,8,0,2,10,0,1,0,서울,31.8,0,69,0,
7.21,키움 히어로즈,7,0,0,3,1,0,1,서울,31.8,0,69,2,
7.21,LG 트윈스,16,3,0,8,3,1,1,대구,35.1,0,49,10,
7.21,삼성 라이온즈,9,1,1,11,0,2,0,대구,35.1,0,49,4,
7.21,롯데 자이언츠,10,1,2,9,1,0,1,광주,33.5,0,76,4,
7.21,KIA 타이거즈,14,2,0,5,2,1,0,광주,33.5,0,76,3,
7.21,SK 와이번스,14,3,0,6,1,1,0,창원,31.2,0,81,6,
7.21,NC 다이노스,13,0,0,3,0,0,1,창원,31.2,0,81,10,
7.22,한화 이글스,10,0,0,4,2,0,0,서울,31.2,0,66,1,
7.22,두산 베어스,18,3,0,3,2,2,1,서울,31.2,0,66,17,
7.22,kt wiz,10,1,0,4,2,1,1,서울,31.2,0,66,8,
7.22,키움 히어로즈,5,2,2,7,0,1,0,서울,31.2,0,66,3,
7.22,롯데 자이언츠,2,0,1,14,0,0,1,광주,31.6,0,82,1,
7.22,KIA 타이거즈,5,0,1,8,0,1,0,광주,31.6,0,82,0,
7.22,SK 와이번스,7,0,0,9,1,2,0,창원,30.7,0,73,2,
7.22,NC 다이노스,13,1,1,5,2,1,1,창원,30.7,0,73,8,
7.23,한화 이글스,13,1,2,3,0,1,0,서울,28,0,82,7,
7.23,두산 베어스,12,2,0,4,1,0,1,서울,28,0,82,8,
7.23,kt wiz,8,1,3,10,0,1,0,서울,28,0,82,4,
7.23,키움 히어로즈,9,2,1,10,0,1,1,서울,28,0,82,7,
7.23,LG 트윈스,7,3,0,7,2,2,0,대구,31.9,0,62,6,
7.23,삼성 라이온즈,11,1,1,4,0,1,1,대구,31.9,0,62,10,
7.23,롯데 자이언츠,8,0,0,8,1,0,1,광주,31.1,0,81,3,
7.23,KIA 타이거즈,7,0,1,5,1,0,0,광주,31.1,0,81,1,
7.23,SK 와이번스,7,1,0,11,1,1,0,창원,30,0,87,1,
7.23,NC 다이노스,11,1,0,5,0,0,1,창원,30,0,87,8,
7.25,NC 다이노스,6,0,0,10,0,1,0,대구,25.5,0,81,1,
7.25,삼성 라이온즈,6,0,1,5,0,0,1,대구,25.5,0,81,3,
7.25,두산 베어스,15,3,1,6,0,0,1,수원,32.1,0,65,6,
7.25,kt wiz,7,0,0,7,0,1,0,수원,32.1,0,65,5,
7.25,SK 와이번스,15,3,2,5,0,2,0,광주,31.9,0,77,10,
7.25,KIA 타이거즈,15,2,0,8,0,0,1,광주,31.9,0,77,11,
7.25,키움 히어로즈,10,3,0,9,0,0,1,서울,34,0,42,6,
7.25,LG 트윈스,5,0,0,8,2,1,0,서울,34,0,42,0,
7.26,한화 이글스,12,2,1,6,3,2,0,부산,27.3,0,59,8,
7.26,롯데 자이언츠,13,2,1,4,2,1,1,부산,27.3,0,59,9,
7.26,NC 다이노스,6,0,0,8,1,0,0,대구,28.1,0,40,1,
7.26,삼성 라이온즈,8,3,0,7,2,0,1,대구,28.1,0,40,5,
7.26,두산 베어스,13,0,2,6,0,0,1,수원,30.9,0,53,7,
7.26,kt wiz,10,1,1,7,0,0,0,수원,30.9,0,53,3,
7.26,SK 와이번스,9,2,1,4,2,1,0,광주,31.3,0,61,7,
7.26,KIA 타이거즈,12,3,3,6,1,0,1,광주,31.3,0,61,8,
7.26,키움 히어로즈,5,0,0,6,3,0,0,서울,31.4,0,45,3,
7.26,LG 트윈스,6,1,0,8,1,0,1,서울,31.4,0,45,4,
7.27,한화 이글스,13,2,0,8,0,0,1,부산,26.9,0,64,6,
7.27,롯데 자이언츠,8,1,0,3,1,1,0,부산,26.9,0,64,3,
7.27,NC 다이노스,13,1,0,8,2,0,1,대구,32.9,0,38,7,
7.27,삼성 라이온즈,3,0,1,9,1,0,0,대구,32.9,0,38,0,
7.27,두산 베어스,8,1,1,5,2,0,1,수원,28.6,0,66,5,
7.27,kt wiz,7,1,0,6,1,1,0,수원,28.6,0,66,3,
7.27,SK 와이번스,3,0,1,7,0,0,0,광주,33,0,46,1,
7.27,KIA 타이거즈,13,3,0,4,0,1,1,광주,33,0,46,9,
7.27,키움 히어로즈,7,0,0,6,2,0,0,서울,28.5,0,58,3,
7.27,LG 트윈스,11,1,0,8,2,1,1,서울,28.5,0,58,4,
7.28,LG 트윈스,2,1,1,6,1,0,0,대전,30.5,0,77,3,
7.28,한화 이글스,10,1,2,6,0,0,1,대전,30.5,0,77,3,
7.28,롯데 자이언츠,14,0,1,5,1,1,0,인천,26.6,0,92,3,
7.28,SK 와이번스,6,3,1,10,1,0,1,인천,26.6,0,92,4,
7.28,NC 다이노스,7,2,1,6,0,2,1,수원,27.2,0,97,7,
7.28,kt wiz,8,0,0,7,2,1,0,수원,27.2,0,97,8,
7.28,삼성 라이온즈,19,2,0,7,1,1,1,서울,26.6,0,89,5,
7.28,키움 히어로즈,10,0,0,7,0,0,0,서울,26.6,0,89,4,
7.29,KIA 타이거즈,5,1,1,6,0,0,1,서울,29.7,0,63,9,
7.29,두산 베어스,6,0,0,9,0,0,0,서울,29.7,0,63,2,
7.29,LG 트윈스,19,3,1,4,1,0,1,대전,28.2,0,81,2,
7.29,한화 이글스,6,0,0,8,1,0,0,대전,28.2,0,81,1,
7.29,롯데 자이언츠,8,0,0,4,3,0,0,인천,29.3,0,68,12,
7.29,SK 와이번스,7,1,1,6,0,0,1,인천,29.3,0,68,2,
7.29,NC 다이노스,8,1,2,6,2,1,0,수원,29,0,72,1,
7.29,kt wiz,9,0,0,2,0,1,1,수원,29,0,72,4,
7.29,삼성 라이온즈,11,0,1,8,0,0,0,서울,29.7,0,63,3,
7.29,키움 히어로즈,15,4,1,7,1,0,1,서울,29.7,0,63,4,
7.3,KIA 타이거즈,5,2,0,6,0,0,0,서울,30.3,0,54,1,
7.3,두산 베어스,10,1,1,4,0,0,1,서울,30.3,0,54,14,
7.3,LG 트윈스,10,2,0,6,0,0,1,대전,30.3,0,76,4,
7.3,한화 이글스,7,0,0,9,1,1,0,대전,30.3,0,76,6,
7.3,롯데 자이언츠,4,1,0,10,0,0,1,인천,28.5,0,56,9,
7.3,SK 와이번스,6,0,1,7,1,0,0,인천,28.5,0,56,3,
7.3,NC 다이노스,13,2,0,4,0,1,1,수원,29.7,0,66,3,
7.3,kt wiz,9,1,0,6,0,0,0,수원,29.7,0,66,2,
7.3,삼성 라이온즈,10,2,0,3,2,0,0,서울,30.3,0,54,8,
7.3,키움 히어로즈,18,1,0,10,0,1,1,서울,30.3,0,54,3,
8.1,한화 이글스,10,2,0,4,2,0,0,창원,28.5,0,86,6,
8.1,NC 다이노스,14,1,3,6,2,0,1,창원,28.5,0,86,7,
8.1,kt wiz,19,1,0,2,1,1,1,광주,29.7,0.2,96,15,
8.1,KIA 타이거즈,12,2,0,5,1,0,0,광주,29.7,0.2,96,7,
8.1,롯데 자이언츠,2,0,0,7,1,0,0,서울,32.6,0,59,0,
8.1,LG 트윈스,13,1,0,8,1,0,1,서울,32.6,0,59,2,
8.1,두산 베어스,19,3,0,6,0,0,1,대구,31.4,0,63,12,
8.1,삼성 라이온즈,15,0,0,8,0,2,0,대구,31.4,0,63,5,
8.1,SK 와이번스,3,0,0,14,1,0,0,서울,32.6,0,59,0,
8.1,키움 히어로즈,9,0,2,3,0,0,1,서울,32.6,0,59,3,
8.2,한화 이글스,9,3,0,4,1,0,1,창원,28.3,0,80,6,
8.2,NC 다이노스,8,0,0,8,1,0,0,창원,28.3,0,80,2,
8.2,롯데 자이언츠,13,1,3,9,0,0,0,서울,32.8,0,60,4,
8.2,LG 트윈스,9,0,1,7,0,0,1,서울,32.8,0,60,5,
8.2,두산 베어스,11,1,0,8,0,1,1,대구,30.2,0,63,5,
8.2,삼성 라이온즈,11,1,0,9,0,1,0,대구,30.2,0,63,2,
8.2,SK 와이번스,11,2,1,5,3,1,0,서울,32.8,0,60,4,
8.2,키움 히어로즈,8,1,0,7,0,0,1,서울,32.8,0,60,5,
8.3,한화 이글스,3,0,0,7,1,2,0,창원,31.3,0,69,2,
8.3,NC 다이노스,16,1,4,3,1,0,1,창원,31.3,0,69,10,
8.3,kt wiz,11,1,0,9,1,0,0,광주,32.1,0,63,3,
8.3,KIA 타이거즈,12,3,0,3,0,0,1,광주,32.1,0,63,9,
8.3,롯데 자이언츠,8,2,0,6,0,1,0,서울,32.4,0,48,6,
8.3,LG 트윈스,13,3,1,3,2,2,1,서울,32.4,0,48,9,
8.3,두산 베어스,17,1,0,6,1,0,1,대구,29.1,0,66,14,
8.3,삼성 라이온즈,13,1,0,6,1,0,0,대구,29.1,0,66,4,
8.3,SK 와이번스,11,1,0,6,0,0,0,서울,32.4,0,48,3,
8.3,키움 히어로즈,13,4,1,9,0,1,1,서울,32.4,0,48,11,
8.4,KIA 타이거즈,9,2,0,9,1,1,0,대전,33.4,0,65,3,
8.4,한화 이글스,15,0,2,5,0,0,1,대전,33.4,0,65,7,
8.4,두산 베어스,16,2,0,6,2,2,1,서울,34.3,0,50,11,
8.4,LG 트윈스,9,1,1,4,1,1,0,서울,34.3,0,50,4,
8.4,SK 와이번스,13,0,1,5,2,0,1,수원,33.2,0,52,6,
8.4,kt wiz,11,1,0,3,1,1,0,수원,33.2,0,52,5,
8.4,삼성 라이온즈,9,1,1,8,0,1,1,창원,33.4,0,62,4,
8.4,NC 다이노스,7,1,0,6,2,1,0,창원,33.4,0,62,3,
8.4,키움 히어로즈,11,2,0,13,0,1,0,부산,31.6,0,64,8,
8.4,롯데 자이언츠,14,2,0,8,0,0,1,부산,31.6,0,64,10,
,,,,,,,,,,,,,,
,,,,,,,,,,,,,,
,,,,,,,,,,,,,,
,,,,,,,,,,,,,,
,,,,,,,,,,,,,,
,,,,,,,,,,,,,,
,,,,,,,,,,,,,,
,,,,,,,,,,,,,,
,,,,,,,,,,,,,,
,,,,,,,,,,,,,,
,,,,,,,,,,,,,,
,,,,,,,,,,,,,,
,,,,,,,,,,,,,,
,,,,,,,,,,,,,,
,,,,,,,,,,,,,,
,,,,,,,,,,,,,,
,,,,,,,,,,,,,,
,,,,,,,,,,,,,,
,,,,,,,,,,,,,,
,,,,,,,,,,,,,,
,,,,,,,,,,,,,,
,,,,,,,,,,,,,,
,,,,,,,,,,,,,,
,,,,,,,,,,,,,,
,,,,,,,,,,,,,,
,,,,,,,,,,,,,,
,,,,,,,,,,,,,,
,,,,,,,,,,,,,,
,,,,,,,,,,,,,,
,,,,,,,,,,,,,,
,,,,,,,,,,,,,,
,,,,,,,,,,,,,,
,,,,,,,,,,,,,,
,,,,,,,,,,,,,,
,,,,,,,,,,,,,,
,,,,,,,,,,,,,,
,,,,,,,,,,,,,,
,,,,,,,,,,,,,,
,,,,,,,,,,,,,,
,,,,,,,,,,,,,,
,,,,,,,,,,,,,,
,,,,,,,,,,,,,,
,,,,,,,,,,,,,,
,,,,,,,,,,,,,,
,,,,,,,,,,,,,,
,,,,,,,,,,,,,,
,,,,,,,,,,,,,,
,,,,,,,,,,,,,,
,,,,,,,,,,,,,,
,,,,,,,,,,,,,,
,,,,,,,,,,,,,,
,,,,,,,,,,,,,,
,,,,,,,,,,,,,,
,,,,,,,,,,,,,,
,,,,,,,,,,,,,,
,,,,,,,,,,,,,,
,,,,,,,,,,,,,,
,,,,,,,,,,,,,,
,,,,,,,,,,,,,,
,,,,,,,,,,,,,,
,,,,,,,,,,,,,,
,,,,,,,,,,,,,,
,,,,,,,,,,,,,,
,,,,,,,,,,,,,,
,,,,,,,,,,,,,,
,,,,,,,,,,,,,,
,,,,,,,,,,,,,,
,,,,,,,,,,,,,,
,,,,,,,,,,,,,,
,,,,,,,,,,,,,,
,,,,,,,,,,,,,,
,,,,,,,,,,,,,,
,,,,,,,,,,,,,,
,,,,,,,,,,,,,,
,,,,,,,,,,,,,,
,,,,,,,,,,,,,,
,,,,,,,,,,,,,,
,,,,,,,,,,,,,,
,,,,,,,,,,,,,,
,,,,,,,,,,,,,,
,,,,,,,,,,,,,,
,,,,,,,,,,,,,,
,,,,,,,,,,,,,,
,,,,,,,,,,,,,,
,,,,,,,,,,,,,,
,,,,,,,,,,,,,,
,,,,,,,,,,,,,,
,,,,,,,,,,,,,,
,,,,,,,,,,,,,,
,,,,,,,,,,,,,,
,,,,,,,,,,,,,,
,,,,,,,,,,,,,,
,,,,,,,,,,,,,,
,,,,,,,,,,,,,,
,,,,,,,,,,,,,,
,,,,,,,,,,,,,,
,,,,,,,,,,,,,,
,,,,,,,,,,,,,,
,,,,,,,,,,,,,,
,,,,,,,,,,,,,,
,,,,,,,,,,,,,,
,,,,,,,,,,,,,,
,,,,,,,,,,,,,,
,,,,,,,,,,,,,,
,,,,,,,,,,,,,,
,,,,,,,,,,,,,,
,,,,,,,,,,,,,,
,,,,,,,,,,,,,,
,,,,,,,,,,,,,,
,,,,,,,,,,,,,,
,,,,,,,,,,,,,,
,,,,,,,,,,,,,,
,,,,,,,,,,,,,,
,,,,,,,,,,,,,,
,,,,,,,,,,,,,,
,,,,,,,,,,,,,,
,,,,,,,,,,,,,,
,,,,,,,,,,,,,,
,,,,,,,,,,,,,,
,,,,,,,,,,,,,,
,,,,,,,,,,,,,,
,,,,,,,,,,,,,,
,,,,,,,,,,,,,,
,,,,,,,,,,,,,,
,,,,,,,,,,,,,,
,,,,,,,,,,,,,,
,,,,,,,,,,,,,,
,,,,,,,,,,,,,,
,,,,,,,,,,,,,,
,,,,,,,,,,,,,,
,,,,,,,,,,,,,,
,,,,,,,,,,,,,,
,,,,,,,,,,,,,,
,,,,,,,,,,,,,,
,,,,,,,,,,,,,,
,,,,,,,,,,,,,,
,,,,,,,,,,,,,,
,,,,,,,,,,,,,,
,,,,,,,,,,,,,,
,,,,,,,,,,,,,,
,,,,,,,,,,,,,,
,,,,,,,,,,,,,,
,,,,,,,,,,,,,,
,,,,,,,,,,,,,,
,,,,,,,,,,,,,,
,,,,,,,,,,,,,,
,,,,,,,,,,,,,,
,,,,,,,,,,,,,,
,,,,,,,,,,,,,,
,,,,,,,,,,,,,,
,,,,,,,,,,,,,,
,,,,,,,,,,,,,,
,,,,,,,,,,,,,,
,,,,,,,,,,,,,,
,,,,,,,,,,,,,,
,,,,,,,,,,,,,,
,,,,,,,,,,,,,,
,,,,,,,,,,,,,,
,,,,,,,,,,,,,,
,,,,,,,,,,,,,,
,,,,,,,,,,,,,,
,,,,,,,,,,,,,,
,,,,,,,,,,,,,,
,,,,,,,,,,,,,,
,,,,,,,,,,,,,,
,,,,,,,,,,,,,,
,,,,,,,,,,,,,,
,,,,,,,,,,,,,,
,,,,,,,,,,,,,,
,,,,,,,,,,,,,,
,,,,,,,,,,,,,,
,,,,,,,,,,,,,,
,,,,,,,,,,,,,,
,,,,,,,,,,,,,,
,,,,,,,,,,,,,,
,,,,,,,,,,,,,,
,,,,,,,,,,,,,,
,,,,,,,,,,,,,,
,,,,,,,,,,,,,,
,,,,,,,,,,,,,,
,,,,,,,,,,,,,,
,,,,,,,,,,,,,,
,,,,,,,,,,,,,,
,,,,,,,,,,,,,,
,,,,,,,,,,,,,,
,,,,,,,,,,,,,,
,,,,,,,,,,,,,,
,,,,,,,,,,,,,,
,,,,,,,,,,,,,,
,,,,,,,,,,,,,,
,,,,,,,,,,,,,,
,,,,,,,,,,,,,,
,,,,,,,,,,,,,,
,,,,,,,,,,,,,,
,,,,,,,,,,,,,,
,,,,,,,,,,,,,,
,,,,,,,,,,,,,,
,,,,,,,,,,,,,,
,,,,,,,,,,,,,,
,,,,,,,,,,,,,,
,,,,,,,,,,,,,,
,,,,,,,,,,,,,,
,,,,,,,,,,,,,,
,,,,,,,,,,,,,,
,,,,,,,,,,,,,,
,,,,,,,,,,,,,,
,,,,,,,,,,,,,,
,,,,,,,,,,,,,,
,,,,,,,,,,,,,,
,,,,,,,,,,,,,,
,,,,,,,,,,,,,,
,,,,,,,,,,,,,,
,,,,,,,,,,,,,,
,,,,,,,,,,,,,,
,,,,,,,,,,,,,,
,,,,,,,,,,,,,,
,,,,,,,,,,,,,,
,,,,,,,,,,,,,,
,,,,,,,,,,,,,,
,,,,,,,,,,,,,,
,,,,,,,,,,,,,,
,,,,,,,,,,,,,,
,,,,,,,,,,,,,,
,,,,,,,,,,,,,,
,,,,,,,,,,,,,,
,,,,,,,,,,,,,,
,,,,,,,,,,,,,,
,,,,,,,,,,,,,,
,,,,,,,,,,,,,,
,,,,,,,,,,,,,,
,,,,,,,,,,,,,,
,,,,,,,,,,,,,,
,,,,,,,,,,,,,,
,,,,,,,,,,,,,,
,,,,,,,,,,,,,,
,,,,,,,,,,,,,,
,,,,,,,,,,,,,,
,,,,,,,,,,,,,,
,,,,,,,,,,,,,,
,,,,,,,,,,,,,,
,,,,,,,,,,,,,,
,,,,,,,,,,,,,,
,,,,,,,,,,,,,,
,,,,,,,,,,,,,,
,,,,,,,,,,,,,,
,,,,,,,,,,,,,,
,,,,,,,,,,,,,,
,,,,,,,,,,,,,,
,,,,,,,,,,,,,,
,,,,,,,,,,,,,,
,,,,,,,,,,,,,,
,,,,,,,,,,,,,,
,,,,,,,,,,,,,,
,,,,,,,,,,,,,,
,,,,,,,,,,,,,,
,,,,,,,,,,,,,,
,,,,,,,,,,,,,,
,,,,,,,,,,,,,,
,,,,,,,,,,,,,,
,,,,,,,,,,,,,,
,,,,,,,,,,,,,,
,,,,,,,,,,,,,,
,,,,,,,,,,,,,,
,,,,,,,,,,,,,,
,,,,,,,,,,,,,,
,,,,,,,,,,,,,,
,,,,,,,,,,,,,,
,,,,,,,,,,,,,,
,,,,,,,,,,,,,,
,,,,,,,,,,,,,,
,,,,,,,,,,,,,,
,,,,,,,,,,,,,,
,,,,,,,,,,,,,,
,,,,,,,,,,,,,,
,,,,,,,,,,,,,,
,,,,,,,,,,,,,,
,,,,,,,,,,,,,,
,,,,,,,,,,,,,,
,,,,,,,,,,,,,,
,,,,,,,,,,,,,,
,,,,,,,,,,,,,,
,,,,,,,,,,,,,,
,,,,,,,,,,,,,,
,,,,,,,,,,,,,,
,,,,,,,,,,,,,,
,,,,,,,,,,,,,,
,,,,,,,,,,,,,,
,,,,,,,,,,,,,,
,,,,,,,,,,,,,,
,,,,,,,,,,,,,,
,,,,,,,,,,,,,,
,,,,,,,,,,,,,,
,,,,,,,,,,,,,,
,,,,,,,,,,,,,,
,,,,,,,,,,,,,,
,,,,,,,,,,,,,,
,,,,,,,,,,,,,,
,,,,,,,,,,,,,,
,,,,,,,,,,,,,,
,,,,,,,,,,,,,,
,,,,,,,,,,,,,,
,,,,,,,,,,,,,,
,,,,,,,,,,,,,,
,,,,,,,,,,,,,,
,,,,,,,,,,,,,,
,,,,,,,,,,,,,,
,,,,,,,,,,,,,,
,,,,,,,,,,,,,,
,,,,,,,,,,,,,,
,,,,,,,,,,,,,,
,,,,,,,,,,,,,,
,,,,,,,,,,,,,,
,,,,,,,,,,,,,,
,,,,,,,,,,,,,,
,,,,,,,,,,,,,,
,,,,,,,,,,,,,,
,,,,,,,,,,,,,,
,,,,,,,,,,,,,,
,,,,,,,,,,,,,,
,,,,,,,,,,,,,,
,,,,,,,,,,,,,,
,,,,,,,,,,,,,,
,,,,,,,,,,,,,,
,,,,,,,,,,,,,,
,,,,,,,,,,,,,,
,,,,,,,,,,,,,,
,,,,,,,,,,,,,,
,,,,,,,,,,,,,,
,,,,,,,,,,,,,,
,,,,,,,,,,,,,,
,,,,,,,,,,,,,,
,,,,,,,,,,,,,,
,,,,,,,,,,,,,,
,,,,,,,,,,,,,,
,,,,,,,,,,,,,,
,,,,,,,,,,,,,,
,,,,,,,,,,,,,,
,,,,,,,,,,,,,,
,,,,,,,,,,,,,,
,,,,,,,,,,,,,,
,,,,,,,,,,,,,,
,,,,,,,,,,,,,,
,,,,,,,,,,,,,,
,,,,,,,,,,,,,,
,,,,,,,,,,,,,,
,,,,,,,,,,,,,,
,,,,,,,,,,,,,,
,,,,,,,,,,,,,,
,,,,,,,,,,,,,,
,,,,,,,,,,,,,,
,,,,,,,,,,,,,,
,,,,,,,,,,,,,,
,,,,,,,,,,,,,,
,,,,,,,,,,,,,,
,,,,,,,,,,,,,,
,,,,,,,,,,,,,,
,,,,,,,,,,,,,,
,,,,,,,,,,,,,,
,,,,,,,,,,,,,,
,,,,,,,,,,,,,,
,,,,,,,,,,,,,,
,,,,,,,,,,,,,,
,,,,,,,,,,,,,,
,,,,,,,,,,,,,,
,,,,,,,,,,,,,,
,,,,,,,,,,,,,,
,,,,,,,,,,,,,,
,,,,,,,,,,,,,,
,,,,,,,,,,,,,,
,,,,,,,,,,,,,,
,,,,,,,,,,,,,,
,,,,,,,,,,,,,,
,,,,,,,,,,,,,,
,,,,,,,,,,,,,,
,,,,,,,,,,,,,,
,,,,,,,,,,,,,,
,,,,,,,,,,,,,,
,,,,,,,,,,,,,,
,,,,,,,,,,,,,,
,,,,,,,,,,,,,,
,,,,,,,,,,,,,,
,,,,,,,,,,,,,,
,,,,,,,,,,,,,,
,,,,,,,,,,,,,,
,,,,,,,,,,,,,,
,,,,,,,,,,,,,,
,,,,,,,,,,,,,,
,,,,,,,,,,,,,,
,,,,,,,,,,,,,,
,,,,,,,,,,,,,,
,,,,,,,,,,,,,,
,,,,,,,,,,,,,,
,,,,,,,,,,,,,,
,,,,,,,,,,,,,,
,,,,,,,,,,,,,,
,,,,,,,,,,,,,,
,,,,,,,,,,,,,,
,,,,,,,,,,,,,,
,,,,,,,,,,,,,,
,,,,,,,,,,,,,,
,,,,,,,,,,,,,,
,,,,,,,,,,,,,,
,,,,,,,,,,,,,,
,,,,,,,,,,,,,,
,,,,,,,,,,,,,,
,,,,,,,,,,,,,,
,,,,,,,,,,,,,,
,,,,,,,,,,,,,,
,,,,,,,,,,,,,,
,,,,,,,,,,,,,,
,,,,,,,,,,,,,,
,,,,,,,,,,,,,,
,,,,,,,,,,,,,,
,,,,,,,,,,,,,,
,,,,,,,,,,,,,,
,,,,,,,,,,,,,,
,,,,,,,,,,,,,,
,,,,,,,,,,,,,,
,,,,,,,,,,,,,,
,,,,,,,,,,,,,,
,,,,,,,,,,,,,,
,,,,,,,,,,,,,,
,,,,,,,,,,,,,,
,,,,,,,,,,,,,,
,,,,,,,,,,,,,,
,,,,,,,,,,,,,,
,,,,,,,,,,,,,,
,,,,,,,,,,,,,,
,,,,,,,,,,,,,,
,,,,,,,,,,,,,,
,,,,,,,,,,,,,,
,,,,,,,,,,,,,,
,,,,,,,,,,,,,,
,,,,,,,,,,,,,,
,,,,,,,,,,,,,,
,,,,,,,,,,,,,,
,,,,,,,,,,,,,,
,,,,,,,,,,,,,,
,,,,,,,,,,,,,,
,,,,,,,,,,,,,,
,,,,,,,,,,,,,,
,,,,,,,,,,,,,,
,,,,,,,,,,,,,,
,,,,,,,,,,,,,,
,,,,,,,,,,,,,,
,,,,,,,,,,,,,,
,,,,,,,,,,,,,,
,,,,,,,,,,,,,,
,,,,,,,,,,,,,,
,,,,,,,,,,,,,,
,,,,,,,,,,,,,,
,,,,,,,,,,,,,,
,,,,,,,,,,,,,,
,,,,,,,,,,,,,,
,,,,,,,,,,,,,,
,,,,,,,,,,,,,,
,,,,,,,,,,,,,,
,,,,,,,,,,,,,,
