day_text,team_text,H_text,HR_text,S_text,ST_text,DU_text,ER_text,result_text,location,temp,rain,humidity,,,,,,SK와이번스,,,
4.7,SK 와이번스,10,0,1,2,1,0,1,인천,8.3,0,33,,,행 레이블,평균 : H_text,평균 : HR_text,평균 : S_text,평균 : ST_text,평균 : DU_text,평균 : ER_text
4.8,SK 와이번스,8,0,0,5,1,0,1,인천,10.6,0,68,,,5-15,9.086206897,1.198275862,0.706896552,7.301724138,0.646551724,0.715517241
4.11,SK 와이번스,6,1,3,13,0,0,1,서울,15.9,0,52,,,15-25,9.239685658,1.119842829,0.793713163,7.223968566,0.685658153,0.721021611
4.12,SK 와이번스,6,0,0,6,0,0,0,서울,10.3,0,35,,,25-35,9.558441558,1.140692641,0.751082251,6.902597403,0.731601732,0.668831169
4.13,SK 와이번스,6,0,0,13,0,0,1,인천,9.5,0,69,,,35-45,8.25,1.5,0.75,6.75,0,0.75
4.14,SK 와이번스,4,1,2,8,0,1,1,인천,11,0,77,,,총합계,9.35472044,1.138405133,0.766269478,7.094408799,0.698441797,0.698441797
4.15,SK 와이번스,12,2,1,7,0,1,1,인천,13.8,0,52,,,,,,,,,
4.17,SK 와이번스,8,0,1,10,0,0,0,부산,14.5,0,53,,,,,,,,,
4.18,SK 와이번스,15,2,1,7,0,1,1,부산,15.2,0,35,,,,,,,,,
4.19,SK 와이번스,11,2,0,12,3,0,0,부산,14.8,0,70,,,,,,,,,
4.2,SK 와이번스,7,1,0,5,0,0,0,서울,22.3,0,32,,,,,,,,,
4.24,SK 와이번스,1,1,1,5,0,1,0,인천,20.9,0,65,,,,,,,,,
4.26,SK 와이번스,6,0,0,10,0,0,0,인천,11.8,0,56,,,,,,,,,
4.27,SK 와이번스,10,1,2,7,0,0,1,인천,17,0,25,,,,,,,,,
4.28,SK 와이번스,11,1,0,6,0,0,1,인천,16.8,0,54,,,,,,,,,
4.29,SK 와이번스,6,1,0,7,0,1,0,인천,20.9,0,54,,,,,,,,,
5.4,SK 와이번스,8,3,0,13,0,0,1,인천,17.8,0,52,,,,,,,,,
5.5,SK 와이번스,6,0,0,7,1,1,0,인천,18.5,0,34,,,,,,,,,
5.6,SK 와이번스,9,3,1,8,1,0,1,인천,15.6,0,47,,,,,,,,,
5.8,SK 와이번스,7,0,0,7,1,0,1,서울,26.6,0,19,,,,,,,,,
5.9,SK 와이번스,14,2,0,5,1,0,1,서울,25,0,38,,,,,,,,,
5.1,SK 와이번스,11,1,2,3,1,2,0,서울,24.4,0,35,,,,,,,,,
5.11,SK 와이번스,9,2,1,6,0,0,0,인천,17.9,0,64,,,,,,,,,
5.12,SK 와이번스,3,0,1,3,0,0,1,인천,17.9,0,59,,,,,,,,,
5.13,SK 와이번스,6,1,0,3,1,0,1,대전,20.5,0,43,,,,,,,,,
5.15,SK 와이번스,10,0,0,4,0,1,0,인천,13.4,0,86,,,,,,,,,
5.16,SK 와이번스,13,1,0,6,0,3,1,인천,16.7,0,75,,,,,,,,,
5.17,SK 와이번스,2,0,0,3,0,0,0,인천,18.2,0,56,,,,,,,,,
5.18,SK 와이번스,9,2,2,8,0,0,1,대전,24.2,0,32,,,,,,,,,
5.19,SK 와이번스,12,3,0,6,1,0,1,대전,23.5,0,31,,,,,,,,,
5.2,SK 와이번스,15,4,0,3,1,0,1,대전,27.2,0,29,,,,,,,,,
5.22,SK 와이번스,7,1,0,6,2,0,0,인천,24.1,0,41,,,,,,,,,
5.23,SK 와이번스,5,0,0,3,0,0,0,인천,22.3,0,36,,,,,,,,,
5.24,SK 와이번스,6,0,0,2,1,1,0,인천,19.1,0,61,,,,,,,,,
5.25,SK 와이번스,6,1,0,6,1,1,0,대구,26.6,0,30,,,,,,,,,
5.26,SK 와이번스,9,0,1,5,0,1,1,대구,28,0,12,,,,,,,,,
5.27,SK 와이번스,11,1,0,6,0,0,1,대구,28.5,0,24,,,,,,,,,
5.29,SK 와이번스,6,0,0,5,0,1,0,서울,23.9,0,32,,,,,,,,,
5.3,SK 와이번스,13,0,1,10,0,0,1,서울,22.5,0,37,,,,,,,,,
5.31,SK 와이번스,10,3,1,8,3,1,0,서울,23.6,0,44,,,,,,,,,
6.1,SK 와이번스,4,1,2,3,0,0,1,인천,22.4,0,59,,,,,,,,,
6.2,SK 와이번스,4,0,0,5,0,0,1,인천,23.6,0,49,,,,,,,,,
6.3,SK 와이번스,8,0,0,5,1,0,0,인천,24.8,0,43,,,,,,,,,
6.5,SK 와이번스,9,1,1,6,0,0,1,서울,24.2,0,57,,,,,,,,,
6.6,SK 와이번스,4,0,0,14,0,0,0,서울,25.2,0,49,,,,,,,,,
6.7,SK 와이번스,12,1,0,6,1,0,1,서울,26.3,0,51,,,,,,,,,
6.8,SK 와이번스,8,2,1,7,1,0,1,인천,22.6,0,74,,,,,,,,,
6.9,SK 와이번스,9,0,0,6,0,3,0,인천,25.3,0,62,,,,,,,,,
6.1,SK 와이번스,10,2,1,2,0,0,1,인천,24.2,0,78,,,,,,,,,
6.12,SK 와이번스,11,3,0,8,2,1,1,서울,21.6,0.1,73,,,,,,,,,
6.13,SK 와이번스,11,1,0,7,1,0,0,서울,27.3,0,43,,,,,,,,,
6.14,SK 와이번스,6,0,0,4,0,0,1,서울,29.5,0,33,,,,,,,,,
6.15,SK 와이번스,7,0,0,4,0,2,1,인천,25.6,0,60,,,,,,,,,
6.16,SK 와이번스,7,0,0,5,0,0,1,인천,23.1,0,83,,,,,,,,,
6.17,SK 와이번스,8,1,0,7,2,0,0,인천,24.2,0,68,,,,,,,,,
6.19,SK 와이번스,8,0,1,7,2,0,0,인천,29.5,0,47,,,,,,,,,
6.2,SK 와이번스,7,1,2,7,1,0,1,인천,23.8,0,86,,,,,,,,,
6.21,SK 와이번스,7,0,0,8,1,0,0,인천,26.1,0,66,,,,,,,,,
6.22,SK 와이번스,12,2,1,5,3,2,1,광주,27.4,0,49,,,,,,,,,
6.23,SK 와이번스,10,0,0,7,0,0,0,광주,27.2,0,52,,,,,,,,,
6.24,SK 와이번스,7,0,0,7,1,2,0,광주,27.6,0,55,,,,,,,,,
6.26,SK 와이번스,6,3,1,9,0,2,0,대구,21.8,0,63,,,,,,,,,
6.27,SK 와이번스,7,1,2,7,0,0,1,대구,20.9,0,72,,,,,,,,,
6.28,SK 와이번스,7,0,0,8,0,1,0,대구,25.4,0,57,,,,,,,,,
6.3,SK 와이번스,5,0,2,9,0,1,0,인천,20.4,0,100,,,,,,,,,
7.1일,SK 와이번스,12,2,0,2,2,0,0,인천,23.7,0,83,,,,,,,,,
7.3화,SK 와이번스,11,0,0,5,0,0,0,부산,26.6,0,64,,,,,,,,,
7.4수,SK 와이번스,10,2,1,8,0,1,0,부산,26.2,0,69,,,,,,,,,
7.7토,SK 와이번스,6,1,0,6,1,0,0,대전,28.6,0,56,,,,,,,,,
7.8일,SK 와이번스,2,0,0,10,0,0,0,대전,30.2,0,65,,,,,,,,,
7.11수,SK 와이번스,9,0,1,8,0,0,0,인천,22.8,0,91,,,,,,,,,
7.12목,SK 와이번스,10,1,0,3,2,0,1,인천,26.4,0,78,,,,,,,,,
7.13금,SK 와이번스,9,0,0,4,1,0,1,인천,26.6,0,88,,,,,,,,,
7.14토,SK 와이번스,10,1,0,9,0,1,1,인천,24.6,0,84,,,,,,,,,
7.17화,SK 와이번스,7,0,0,6,0,0,0,서울,27.9,0,63,,,,,,,,,
7.18수,SK 와이번스,9,0,2,10,1,0,0,서울,27.6,0,81,,,,,,,,,
7.19목,SK 와이번스,17,1,2,5,1,0,1,서울,23.4,0,85,,,,,,,,,
7.24화,SK 와이번스,15,1,2,6,2,0,1,대구,33.9,0,45,,,,,,,,,
7.25수,SK 와이번스,11,1,1,8,0,1,0,대구,34.7,0,44,,,,,,,,,
7.26목,SK 와이번스,6,0,2,11,1,1,0,대구,34.3,0,45,,,,,,,,,
7.27금,SK 와이번스,9,0,1,3,2,2,0,인천,29,0,80,,,,,,,,,
7.28토,SK 와이번스,5,0,1,9,0,0,1,인천,29.4,0,84,,,,,,,,,
7.31화,SK 와이번스,9,0,2,7,1,0,0,인천,29.1,0,77,,,,,,,,,
8.1,SK 와이번스,11,1,0,3,0,1,1,인천,32.7,0,0,,,,,,,,,
8.2,SK 와이번스,11,3,1,8,0,1,1,인천,33.6,0,0,,,,,,,,,
8.3,SK 와이번스,7,1,1,8,1,1,0,대전,33.7,0,0,,,,,,,,,
8.4,SK 와이번스,12,0,3,8,0,0,1,대전,34.1,0,0,,,,,,,,,
8.5,SK 와이번스,3,0,1,4,0,0,1,대전,35.6,0,0,,,,,,,,,
8.7,SK 와이번스,7,0,0,2,0,0,1,인천,27.9,7.7,7.7,,,,,,,,,
8.8,SK 와이번스,8,1,2,11,1,0,0,인천,31.2,0,0,,,,,,,,,
8.9,SK 와이번스,7,1,1,7,0,0,1,인천,29.1,0,0,,,,,,,,,
8.1,SK 와이번스,6,2,2,6,0,0,1,서울,28.3,0,0,,,,,,,,,
8.11,SK 와이번스,6,0,1,3,0,0,0,서울,30.1,0,0,,,,,,,,,
8.14,SK 와이번스,5,0,0,5,0,0,0,부산,26.3,0.5,0.5,,,,,,,,,
8.15,SK 와이번스,13,0,1,5,0,0,1,부산,28.4,0,0,,,,,,,,,
8.16,SK 와이번스,10,0,0,4,1,1,1,부산,29.2,0,0,,,,,,,,,
8.17,SK 와이번스,12,1,0,3,0,0,1,인천,28.8,0,0,,,,,,,,,
8.18,SK 와이번스,6,1,0,7,0,0,1,인천,27,0,0,,,,,,,,,
8.19,SK 와이번스,5,0,2,10,0,1,1,인천,27.4,0,0,,,,,,,,,
8.22,SK 와이번스,6,2,0,10,1,0,1,인천,23.1,0,0,,,,,,,,,
8.23,SK 와이번스,9,0,1,9,0,0,1,인천,26,0,0,,,,,,,,,
8.24,SK 와이번스,5,1,2,11,0,0,0,서울,24.9,0,0,,,,,,,,,
8.25,SK 와이번스,13,1,1,7,1,1,1,서울,28.2,0,0,,,,,,,,,
8.26,SK 와이번스,5,0,1,8,2,2,0,서울,31.6,0,0,,,,,,,,,
8.29,SK 와이번스,9,0,0,6,4,0,0,인천,26,0,0,,,,,,,,,
9.2일,SK 와이번스,9,1,0,5,0,0,0,인천,25.9,0,80,,,,,,,,,
9.5수,SK 와이번스,13,0,0,8,1,0,1,광주,24.9,0,56,,,,,,,,,
9.6목,SK 와이번스,1,0,2,7,1,1,0,광주,25.9,0,49,,,,,,,,,
9.7금,SK 와이번스,6,1,1,7,1,1,0,광주,26.1,0,67,,,,,,,,,
9.8토,SK 와이번스,17,0,3,10,0,0,1,인천,20.8,0,76,,,,,,,,,
9.9일,SK 와이번스,5,2,3,7,0,0,1,인천,22.6,0,80,,,,,,,,,
9.12수,SK 와이번스,10,0,2,10,1,0,1,서울,22,0,74,,,,,,,,,
9.15토,SK 와이번스,15,2,3,6,1,2,1,인천,23.7,0,59,,,,,,,,,
9.16일,SK 와이번스,6,2,1,5,1,0,0,인천,21.1,0,73,,,,,,,,,
9.18화,SK 와이번스,10,0,0,3,2,3,1,부산,22.5,0,68,,,,,,,,,
9.19수,SK 와이번스,9,1,1,4,0,0,1,부산,22.3,0,60,,,,,,,,,
9.22토,SK 와이번스,7,1,0,3,2,1,1,서울,23.6,0,36,,,,,,,,,
9.23일,SK 와이번스,6,0,1,7,1,0,1,서울,24.6,0,38,,,,,,,,,
9.24월,SK 와이번스,9,1,1,8,1,2,0,인천,23.9,0,70,,,,,,,,,
9.25화,SK 와이번스,13,1,1,6,1,0,1,인천,23.7,0,67,,,,,,,,,
9.26수,SK 와이번스,11,0,1,4,1,0,1,서울,23.4,0,52,,,,,,,,,
9.27목,SK 와이번스,7,0,0,6,0,0,1,인천,21.4,0,70,,,,,,,,,
9.28금,SK 와이번스,2,0,1,6,0,1,0,광주,21.6,0,65,,,,,,,,,
9.29토,SK 와이번스,12,2,0,2,1,1,1,광주,18.4,0,56,,,,,,,,,
10.1월,SK 와이번스,6,3,0,9,0,1,1,대전,20.1,0,60,,,,,,,,,
10.2화,SK 와이번스,11,0,2,8,1,1,0,대전,21,0,60,,,,,,,,,
10.3수,SK 와이번스,6,1,1,2,0,0,0,서울,22.6,0,45,,,,,,,,,
10.4목,SK 와이번스,5,1,2,7,0,0,0,대구,23.1,0,29,,,,,,,,,
10.5금,SK 와이번스,10,1,3,10,1,1,0,인천,20.1,0,73,,,,,,,,,
10.6토,SK 와이번스,9,0,2,4,1,0,1,인천,20.8,0,62,,,,,,,,,
10.16화,SK 와이번스,6,1,2,8,0,0,1,인천,18.4,0,59,,,,,,,,,
10.17수,SK 와이번스,10,1,4,7,0,1,0,인천,12.5,0,46,,,,,,,,,
10.19금,SK 와이번스,5,0,0,7,0,1,0,부산,17.1,0,45,,,,,,,,,
10.20토,SK 와이번스,8,0,3,8,0,0,1,부산,18.4,0,47,,,,,,,,,
10.22월,SK 와이번스,8,0,1,6,1,2,1,인천,12.1,0,70,,,,,,,,,
10.24수,SK 와이번스,5,0,1,6,0,0,0,대구,15.9,0,48,,,,,,,,,
10.25목,SK 와이번스,5,1,0,9,1,1,0,대구,18.7,0,42,,,,,,,,,
10.28일,SK 와이번스,17,3,2,7,0,1,1,인천,14.1,0,78,,,,,,,,,
10.29월,SK 와이번스,8,2,0,10,0,0,1,인천,12,0,61,,,,,,,,,
4.2화,SK 와이번스,4,1,0,6,1,0,0,인천,7.7,0,81,,,,,,,,,
4.3수,SK 와이번스,8,0,0,4,0,2,1,인천,8.3,0,73,,,,,,,,,
4.4목,SK 와이번스,11,0,2,6,2,1,1,인천,15.7,0,44,,,,,,,,,
4.9화,SK 와이번스,7,1,0,8,0,0,1,서울,7.2,0,50,,,,,,,,,
4.10수,SK 와이번스,9,2,1,3,0,0,1,서울,7,0,36,,,,,,,,,
4.11목,SK 와이번스,7,0,0,9,0,3,0,서울,7.5,0,33,,,,,,,,,
4.12금,SK 와이번스,10,1,1,6,1,1,1,인천,7.6,0,61,,,,,,,,,
4.13토,SK 와이번스,2,0,0,4,0,1,0,인천,12.8,0,47,,,,,,,,,
4.14일,SK 와이번스,8,1,0,7,0,0,0,인천,7.7,0,34,,,,,,,,,
4.16화,SK 와이번스,12,1,4,10,0,0,1,인천,10.1,0,99,,,,,,,,,
4.17수,SK 와이번스,10,0,2,11,0,2,0,인천,16.1,0,73,,,,,,,,,
4.18목,SK 와이번스,12,2,0,8,0,0,1,인천,12.6,0,36,,,,,,,,,
4.19금,SK 와이번스,9,0,1,14,1,0,0,광주,14.1,0,37,,,,,,,,,
4.21일,SK 와이번스,4,0,0,5,1,0,0,광주,13.5,0,24,,,,,,,,,
4.24수,SK 와이번스,13,3,2,6,1,0,0,인천,10.4,0,84,,,,,,,,,
4.25목,SK 와이번스,5,0,0,12,1,2,0,인천,7.6,0,99,,,,,,,,,
4.26금,SK 와이번스,5,1,3,6,0,0,1,대전,16.3,0,29,,,,,,,,,
4.27토,SK 와이번스,9,1,0,9,0,2,1,대전,11.4,0,68,,,,,,,,,
5.3금,SK 와이번스,4,0,0,7,0,1,0,대전,16,0,50,,,,,,,,,
5.4토,SK 와이번스,7,1,1,11,1,0,1,대전,19.3,0,51,,,,,,,,,
5.5일,SK 와이번스,15,2,4,2,0,1,1,대전,21.5,0,35,,,,,,,,,
5.7화,SK 와이번스,14,2,1,5,1,0,1,인천,19.3,0,47,,,,,,,,,
5.8수,SK 와이번스,15,3,2,7,2,2,1,인천,20.4,0,47,,,,,,,,,
5.9목,SK 와이번스,7,0,1,6,1,0,0,인천,17.6,0,73,,,,,,,,,
5.10금,SK 와이번스,12,0,2,5,2,1,1,서울,13.9,0,83,,,,,,,,,
5.11토,SK 와이번스,4,0,2,4,1,0,0,서울,23.9,0,25,,,,,,,,,
5.12일,SK 와이번스,10,0,1,8,0,2,0,서울,21.5,0,58,,,,,,,,,
5.14화,SK 와이번스,5,1,2,11,0,0,0,광주,24.4,0,40,,,,,,,,,
5.15수,SK 와이번스,9,0,0,9,1,1,1,광주,23.7,0,54,,,,,,,,,
5.16목,SK 와이번스,19,3,2,10,1,0,1,광주,24.9,0,47,,,,,,,,,
5.17금,SK 와이번스,11,0,2,5,0,1,1,인천,20.5,0,51,,,,,,,,,
5.18토,SK 와이번스,5,3,0,7,0,2,0,인천,15.5,0.2,90,,,,,,,,,
5.19일,SK 와이번스,12,0,0,9,0,2,0,인천,17.7,0,85,,,,,,,,,
5.21화,SK 와이번스,6,0,2,3,0,0,1,인천,20.5,0,25,,,,,,,,,
5.22수,SK 와이번스,10,0,0,3,1,0,0,인천,20,0,73,,,,,,,,,
5.23목,SK 와이번스,7,1,0,10,1,0,0,인천,21.8,0,74,,,,,,,,,
5.24금,SK 와이번스,10,1,3,8,0,0,0,서울,25.5,0,41,,,,,,,,,
5.25토,SK 와이번스,6,1,2,8,0,0,1,서울,28.7,0,37,,,,,,,,,
5.26일,SK 와이번스,8,0,1,14,1,1,0,서울,24.7,0,45,,,,,,,,,
5.30목,SK 와이번스,6,1,0,7,2,0,0,인천,19,0,65,,,,,,,,,
6.4화,SK 와이번스,7,1,0,6,0,1,1,창원,23.9,0,43,,,,,,,,,
6.5수,SK 와이번스,10,1,0,7,1,0,0,창원,23.3,0,63,,,,,,,,,
6.6목,SK 와이번스,13,1,0,7,0,1,0,창원,22.4,0,64,,,,,,,,,
6.7금,SK 와이번스,14,4,0,5,1,2,1,인천,25.2,0,62,,,,,,,,,
6.8토,SK 와이번스,10,0,0,6,0,0,1,인천,26.4,0,67,,,,,,,,,
6.9일,SK 와이번스,12,1,2,15,1,0,0,인천,28.6,0,51,,,,,,,,,
6.11화,SK 와이번스,13,1,0,5,1,1,1,서울,24.1,0.3,67,,,,,,,,,
6.12수,SK 와이번스,5,0,0,7,1,0,0,서울,22.2,0,75,,,,,,,,,
6.13목,SK 와이번스,6,0,0,6,0,2,0,서울,25.4,0,63,,,,,,,,,
6.15토,SK 와이번스,5,2,5,3,1,0,0,광주,27.9,0,60,,,,,,,,,
6.16일,SK 와이번스,13,2,2,9,1,1,0,광주,27.7,0,57,,,,,,,,,
6.19수,SK 와이번스,7,0,3,7,0,0,1,인천,24.6,0,78,,,,,,,,,
6.20목,SK 와이번스,4,2,0,6,3,1,0,인천,25.2,0,72,,,,,,,,,
6.21금,SK 와이번스,10,0,0,4,0,0,1,인천,26.7,0,74,,,,,,,,,
6.22토,SK 와이번스,7,0,1,8,1,1,0,인천,22.8,0,85,,,,,,,,,
6.23일,SK 와이번스,13,2,1,2,1,0,1,인천,22.2,0,88,,,,,,,,,
6.25화,SK 와이번스,8,0,3,7,1,1,1,서울,25.9,0,60,,,,,,,,,
6.26수,SK 와이번스,7,0,3,8,0,1,0,서울,27.4,0,52,,,,,,,,,
6.27목,SK 와이번스,12,2,2,6,1,0,1,서울,27.6,0,57,,,,,,,,,
6.28금,SK 와이번스,10,0,0,9,0,1,1,서울,28.7,0,41,,,,,,,,,
6.29토,SK 와이번스,7,0,0,4,3,0,0,서울,31.3,0,45,,,,,,,,,
6.30일,SK 와이번스,6,0,1,7,1,1,0,서울,31.5,0,43,,,,,,,,,
7.2화,SK 와이번스,7,0,0,3,2,0,0,인천,23.9,0,95,,,,,,,,,
7.3수,SK 와이번스,10,0,3,9,0,2,1,인천,24.2,0,92,,,,,,,,,
7.6토,SK 와이번스,6,0,1,8,0,0,0,대전,29.4,0,68,,,,,,,,,
7.9화,SK 와이번스,12,1,5,10,1,0,1,대구,32.2,0,52,,,,,,,,,
7.10수,SK 와이번스,7,2,0,11,2,2,0,대구,33.7,0,46,,,,,,,,,
7.11목,SK 와이번스,10,2,3,3,1,0,1,대구,33.8,0,45,,,,,,,,,
7.13토,SK 와이번스,7,1,2,6,1,1,0,인천,23.9,0,99,,,,,,,,,
7.16화,SK 와이번스,13,1,0,8,0,0,1,인천,25.8,0,88,,,,,,,,,
7.17수,SK 와이번스,12,2,0,5,1,1,1,인천,23.6,0,99,,,,,,,,,
7.26금,SK 와이번스,14,1,0,4,3,0,1,부산,27.9,0,64,,,,,,,,,
7.27토,SK 와이번스,7,1,2,1,1,1,0,부산,26.2,0,63,,,,,,,,,
7.28일,SK 와이번스,11,0,2,6,0,0,1,부산,26.4,0,85,,,,,,,,,
7.30화,SK 와이번스,5,0,1,4,0,1,0,인천,25.5,0,92,,,,,,,,,
7.31수,SK 와이번스,2,0,0,12,0,1,0,인천,25.2,0,95,,,,,,,,,
8.1목,SK 와이번스,8,3,1,8,1,0,0,인천,30,0,70,,,,,,,,,
8.2금,SK 와이번스,11,1,0,10,0,1,0,인천,29.1,0,87,,,,,,,,,
8.3토,SK 와이번스,11,2,0,6,1,1,1,인천,29.4,0,87,,,,,,,,,
8.4일,SK 와이번스,6,0,2,5,2,0,0,인천,28.3,0,97,,,,,,,,,
8.7수,SK 와이번스,7,2,0,10,0,0,1,대전,33.5,0,64,,,,,,,,,
8.8목,SK 와이번스,7,0,1,5,1,0,1,서울,31.8,0,64,,,,,,,,,
8.10토,SK 와이번스,10,1,1,4,2,0,1,인천,27.8,0,89,,,,,,,,,
8.11일,SK 와이번스,6,3,0,9,0,0,1,인천,29.8,0,93,,,,,,,,,
8.13화,SK 와이번스,13,2,3,5,2,0,1,인천,29.6,0,85,,,,,,,,,
8.14수,SK 와이번스,11,1,0,5,0,0,1,인천,29.8,0,83,,,,,,,,,
8.17토,SK 와이번스,3,0,1,8,1,1,0,서울,29.8,0,64,,,,,,,,,
8.18일,SK 와이번스,10,1,0,4,1,0,1,서울,29.1,0,66,,,,,,,,,
8.20화,SK 와이번스,9,1,1,8,2,0,1,대구,30.6,0,57,,,,,,,,,
8.21수,SK 와이번스,12,1,0,5,1,0,0,대구,31.3,0,60,,,,,,,,,
8.22목,SK 와이번스,9,3,3,6,0,0,1,인천,29.8,0,67,,,,,,,,,
8.23금,SK 와이번스,10,2,2,13,1,1,0,인천,25.7,0,97,,,,,,,,,
8.25일,SK 와이번스,8,0,2,7,0,1,1,창원,26.8,0,64,,,,,,,,,
8.27화,SK 와이번스,11,1,0,3,2,0,1,인천,26.8,0,76,,,,,,,,,
8.28수,SK 와이번스,10,1,3,11,0,1,1,인천,27.3,0,85,,,,,,,,,
8.29목,SK 와이번스,8,0,0,11,1,0,1,인천,26,0,98,,,,,,,,,
8.30금,SK 와이번스,4,0,1,7,0,2,0,인천,24.7,0,80,,,,,,,,,
9.3화,SK 와이번스,8,0,0,5,0,0,1,서울,25.5,0,29,,,,,,,,,
9.4수,SK 와이번스,4,0,0,5,0,1,0,서울,26,0,35,,,,,,,,,
9.5목,SK 와이번스,15,1,3,7,1,0,1,부산,23.2,0,57,,,,,,,,,
9.7토,SK 와이번스,6,2,0,10,0,0,1,인천,23.7,0,77,,,,,,,,,
9.8일,SK 와이번스,14,3,1,6,1,1,1,인천,24,0,77,,,,,,,,,
9.10화,SK 와이번스,10,1,1,12,0,0,1,광주,26.1,0,55,,,,,,,,,
9.11수,SK 와이번스,4,0,1,7,1,0,0,광주,25.3,0,74,,,,,,,,,
9.12목,SK 와이번스,9,1,1,9,2,2,0,인천,23.8,0,86,,,,,,,,,
9.13금,SK 와이번스,11,1,1,3,0,0,1,인천,24.1,0,99,,,,,,,,,
9.14토,SK 와이번스,10,0,1,12,1,0,0,인천,24.1,0,86,,,,,,,,,
9.15일,SK 와이번스,11,2,1,8,1,1,0,인천,25.8,0,56,,,,,,,,,
9.17화,SK 와이번스,9,2,0,7,1,0,0,인천,25,0,81,,,,,,,,,
9.18수,SK 와이번스,7,2,0,7,2,0,0,인천,26.7,0,69,,,,,,,,,
9.19목,SK 와이번스,10,1,3,5,2,1,1,인천,24.8,0,78,,,,,,,,,
9.20금,SK 와이번스,10,1,4,10,1,1,0,대전,25.7,0,72,,,,,,,,,
9.21토,SK 와이번스,14,2,1,4,2,1,1,대전,25.9,0,67,,,,,,,,,
9.22일,SK 와이번스,7,0,3,7,0,2,1,대전,22.8,0,68,,,,,,,,,
9.24화,SK 와이번스,9,3,1,6,1,0,0,인천,21.5,0,98,,,,,,,,,
9.25수,SK 와이번스,5,1,1,10,1,0,0,인천,20.3,0,49,,,,,,,,,
9.26목,SK 와이번스,9,3,1,4,1,1,1,인천,20,0,50,,,,,,,,,
9.28토,SK 와이번스,11,1,1,10,1,2,0,인천,18.7,0,82,,,,,,,,,
9.30월,SK 와이번스,7,0,0,8,1,3,0,부산,23.2,0,70,,,,,,,,,
10.2수,SK 와이번스,15,1,3,12,0,0,1,광주,18.4,0,62,,,,,,,,,
10.3목,SK 와이번스,14,2,4,9,1,1,1,인천,18.3,0,68,,,,,,,,,
10.4금,SK 와이번스,6,0,0,7,1,2,0,부산,21.1,0,50,,,,,,,,,
10.5토,SK 와이번스,7,2,0,4,1,0,0,창원,23.9,0,55,,,,,,,,,
4.1화,SK 와이번스,15,0,3,7,0,2,1,서울,19.2,0,25,,,,,,,,,
4.2수,SK 와이번스,8,0,0,7,0,3,0,서울,18.7,0,21,,,,,,,,,
4.3목,SK 와이번스,10,2,2,5,0,1,1,서울,10.1,0,61,,,,,,,,,
4.4금,SK 와이번스,14,2,1,5,2,1,1,인천,7.3,0,56,,,,,,,,,
4.5토,SK 와이번스,10,0,2,3,1,0,1,인천,6.7,0,69,,,,,,,,,
4.6일,SK 와이번스,9,1,0,5,0,0,1,인천,8.3,0,71,,,,,,,,,
4.8화,SK 와이번스,7,0,0,2,1,0,0,서울,17.2,0,27,,,,,,,,,
4.9수,SK 와이번스,7,2,0,8,0,0,1,서울,13.1,0,75,,,,,,,,,
4.10목,SK 와이번스,3,0,0,4,1,1,0,서울,17.6,0,56,,,,,,,,,
4.11금,SK 와이번스,12,0,3,6,1,0,1,대구,15.7,0,45,,,,,,,,,
4.12토,SK 와이번스,12,2,0,12,1,0,1,대구,15.7,0,58,,,,,,,,,
4.13일,SK 와이번스,8,2,0,7,0,0,0,대구,16.8,0,32,,,,,,,,,
4.18금,SK 와이번스,14,1,1,9,0,1,1,인천,16.4,0,53,,,,,,,,,
4.19토,SK 와이번스,10,0,2,6,0,0,1,인천,16.6,0,49,,,,,,,,,
4.20일,SK 와이번스,4,0,1,5,1,1,0,인천,14,0,70,,,,,,,,,
4.22화,SK 와이번스,12,1,4,10,0,3,1,인천,18.1,0,35,,,,,,,,,
4.23수,SK 와이번스,8,0,0,4,3,1,0,인천,18,0,66,,,,,,,,,
4.24목,SK 와이번스,6,1,1,11,0,0,0,인천,19.2,0,62,,,,,,,,,
4.25금,SK 와이번스,14,1,2,3,2,0,1,부산,19.8,0,40,,,,,,,,,
4.26토,SK 와이번스,6,1,0,7,0,0,0,부산,18.9,0,70,,,,,,,,,
4.27일,SK 와이번스,6,0,0,10,1,1,0,부산,17.7,0,63,,,,,,,,,
4.29화,SK 와이번스,15,1,1,7,1,2,1,광주,16.3,0,80,,,,,,,,,
4.30수,SK 와이번스,10,0,4,9,0,0,0,광주,18.4,0,54,,,,,,,,,
5.1목,SK 와이번스,10,0,1,8,2,8,0,광주,20.8,0,36,,,,,,,,,
5.3토,SK 와이번스,13,1,2,9,1,0,0,인천,13.4,0,51,,,,,,,,,
5.4일,SK 와이번스,6,1,0,6,0,2,0,인천,10.4,0.3,89,,,,,,,,,
5.5월,SK 와이번스,12,1,3,10,2,2,1,인천,11.4,0,79,,,,,,,,,
5.6화,SK 와이번스,8,1,1,8,0,1,0,인천,13.4,0,43,,,,,,,,,
5.7수,SK 와이번스,9,1,1,7,2,1,0,인천,16.6,0,55,,,,,,,,,
5.8목,SK 와이번스,3,0,1,11,1,0,0,인천,14.7,0,86,,,,,,,,,
5.13화,SK 와이번스,10,3,0,7,0,1,0,인천,18.5,0,78,,,,,,,,,
5.14수,SK 와이번스,5,0,2,11,1,1,0,인천,19.6,0,64,,,,,,,,,
5.15목,SK 와이번스,4,0,1,7,0,3,0,인천,17.6,0,68,,,,,,,,,
5.16금,SK 와이번스,7,1,2,8,1,2,0,대전,24.2,0,36,,,,,,,,,
5.17토,SK 와이번스,16,0,6,6,0,1,1,대전,25.1,0,38,,,,,,,,,
5.18일,SK 와이번스,12,0,0,5,1,0,0,대전,26.4,0,24,,,,,,,,,
5.20화,SK 와이번스,7,1,0,1,1,0,0,창원,20.1,0,70,,,,,,,,,
5.21수,SK 와이번스,16,2,0,9,0,0,1,창원,26.9,0,28,,,,,,,,,
5.22목,SK 와이번스,9,0,0,14,0,1,1,창원,20.4,0,68,,,,,,,,,
5.23금,SK 와이번스,8,1,2,10,1,2,0,인천,18.3,0,96,,,,,,,,,
5.24토,SK 와이번스,8,3,2,5,0,0,1,인천,20,0,83,,,,,,,,,
5.25일,SK 와이번스,12,0,5,5,0,0,1,인천,19,0,99,,,,,,,,,
5.27화,SK 와이번스,10,0,0,6,1,1,0,서울,27,0,40,,,,,,,,,
5.28수,SK 와이번스,7,1,2,4,1,0,0,서울,26.9,0,59,,,,,,,,,
5.29목,SK 와이번스,16,1,4,7,1,1,1,서울,28.7,0,33,,,,,,,,,
5.30금,SK 와이번스,10,0,1,6,2,0,1,대전,31.6,0,31,,,,,,,,,
5.31토,SK 와이번스,11,0,0,1,1,0,1,대전,31.9,0,37,,,,,,,,,
6.1일,SK 와이번스,9,1,2,10,0,2,0,대전,26.5,0,63,,,,,,,,,
6.4수,SK 와이번스,9,1,2,6,1,1,1,인천,25.8,0,61,,,,,,,,,
6.5목,SK 와이번스,10,1,1,8,0,0,1,인천,24.4,0,60,,,,,,,,,
6.6금,SK 와이번스,14,1,2,6,1,1,1,인천,24.9,0,68,,,,,,,,,
6.7토,SK 와이번스,9,0,0,10,0,0,0,인천,23.9,0,75,,,,,,,,,
6.8일,SK 와이번스,7,0,0,8,1,1,0,인천,21,0,91,,,,,,,,,
6.13금,SK 와이번스,13,0,1,7,2,0,0,서울,24.8,0,66,,,,,,,,,
6.14토,SK 와이번스,9,0,2,5,0,2,1,서울,26.1,0,58,,,,,,,,,
6.15일,SK 와이번스,11,0,0,11,1,0,0,서울,26.8,0,48,,,,,,,,,
6.17화,SK 와이번스,11,1,2,10,0,1,0,인천,25.8,0,75,,,,,,,,,
6.18수,SK 와이번스,14,1,0,14,1,1,0,인천,23.9,0,85,,,,,,,,,
6.19목,SK 와이번스,8,0,1,5,1,2,0,인천,21.3,0,99,,,,,,,,,
6.20금,SK 와이번스,10,1,1,4,2,0,0,서울,26,0.2,77,,,,,,,,,
6.21토,SK 와이번스,9,2,2,10,2,1,0,서울,25.7,0,73,,,,,,,,,
6.22일,SK 와이번스,11,3,0,4,1,0,0,서울,27.3,0,63,,,,,,,,,
6.24화,SK 와이번스,13,1,6,7,0,0,1,광주,26.8,0,45,,,,,,,,,
6.25수,SK 와이번스,10,2,0,9,0,2,0,광주,25.5,0,61,,,,,,,,,
6.26목,SK 와이번스,9,0,2,5,2,2,0,광주,26.3,0,61,,,,,,,,,
6.27금,SK 와이번스,10,2,0,5,1,0,1,인천,24.1,0,81,,,,,,,,,
6.28토,SK 와이번스,10,0,1,9,0,1,1,인천,23.5,0,87,,,,,,,,,
6.29일,SK 와이번스,10,1,1,8,1,2,0,인천,25.4,0,76,,,,,,,,,
7.1화,SK 와이번스,5,1,0,12,0,2,0,창원,25.8,0,72,,,,,,,,,
7.3목,SK 와이번스,11,1,0,7,1,1,0,창원,22.8,0,86,,,,,,,,,
7.4금,SK 와이번스,8,0,1,5,1,1,0,부산,23.9,0,81,,,,,,,,,
7.5토,SK 와이번스,13,2,1,9,0,1,0,부산,23.5,0,77,,,,,,,,,
7.7월,SK 와이번스,15,1,3,9,0,1,1,부산,23.2,0,95,,,,,,,,,
7.8화,SK 와이번스,9,0,1,7,0,0,0,인천,27.9,0,78,,,,,,,,,
7.9수,SK 와이번스,13,0,1,2,1,0,1,인천,26.8,0,91,,,,,,,,,
7.10목,SK 와이번스,7,0,1,10,0,0,0,인천,31.4,0,49,,,,,,,,,
7.11금,SK 와이번스,9,2,0,9,1,1,0,대구,33.1,0,29,,,,,,,,,
7.12토,SK 와이번스,16,3,2,9,2,1,1,대구,30.1,0,40,,,,,,,,,
7.13일,SK 와이번스,8,0,0,4,0,1,1,대구,29.6,0,47,,,,,,,,,
7.15화,SK 와이번스,8,1,0,6,2,0,0,인천,27,0,83,,,,,,,,,
7.16수,SK 와이번스,5,1,0,11,0,2,0,인천,27.2,0,84,,,,,,,,,
7.24목,SK 와이번스,12,0,1,9,1,3,1,서울,24.5,0,74,,,,,,,,,
7.26토,SK 와이번스,7,0,1,7,2,0,1,인천,23.5,0,94,,,,,,,,,
7.27일,SK 와이번스,11,1,0,13,0,2,0,인천,26.9,0,83,,,,,,,,,
7.28월,SK 와이번스,11,2,2,5,0,1,0,인천,26.6,0,85,,,,,,,,,
8.1금,SK 와이번스,18,2,0,6,0,0,1,인천,33,0,57,,,,,,,,,
8.2토,SK 와이번스,15,2,0,6,1,1,1,인천,31.7,0,63,,,,,,,,,
8.5화,SK 와이번스,9,2,0,7,2,0,0,서울,28.4,0,79,,,,,,,,,
8.7목,SK 와이번스,9,1,1,11,0,2,1,인천,25,0,99,,,,,,,,,
8.8금,SK 와이번스,6,0,1,10,1,0,0,인천,28.7,0,60,,,,,,,,,
8.9토,SK 와이번스,14,2,0,6,0,0,1,창원,26.7,0,62,,,,,,,,,
8.11월,SK 와이번스,8,0,0,9,1,0,0,창원,26.1,0,73,,,,,,,,,
8.12화,SK 와이번스,12,0,1,4,3,0,1,서울,29,0,61,,,,,,,,,
8.13수,SK 와이번스,11,0,2,9,0,1,1,서울,24.7,0,61,,,,,,,,,
8.14목,SK 와이번스,8,0,0,8,2,0,0,인천,22.1,0,94,,,,,,,,,
8.15금,SK 와이번스,13,3,2,7,0,1,1,인천,26,0,94,,,,,,,,,
8.19화,SK 와이번스,16,0,1,9,1,0,0,인천,24.1,0,99,,,,,,,,,
8.20수,SK 와이번스,9,1,1,8,0,1,1,인천,25.7,0,97,,,,,,,,,
8.22금,SK 와이번스,9,0,0,2,3,1,0,대전,27.2,0,74,,,,,,,,,
8.23토,SK 와이번스,11,1,3,6,2,2,0,대구,30.3,0,35,,,,,,,,,
8.24일,SK 와이번스,14,3,3,13,0,0,1,대구,27.4,0,66,,,,,,,,,
8.28목,SK 와이번스,8,1,1,7,0,1,1,인천,27,0,83,,,,,,,,,
8.29금,SK 와이번스,7,1,0,8,1,0,0,인천,25.5,0,87,,,,,,,,,
8.30토,SK 와이번스,12,2,1,5,2,1,1,광주,26,0,64,,,,,,,,,
8.31일,SK 와이번스,11,1,1,10,1,0,1,광주,23.8,0,66,,,,,,,,,
9.4목,SK 와이번스,8,1,0,8,0,0,0,인천,24.2,0,90,,,,,,,,,
9.5금,SK 와이번스,18,1,2,9,0,1,1,인천,24.1,0,95,,,,,,,,,
9.6토,SK 와이번스,8,2,2,4,0,0,1,서울,29.1,0,54,,,,,,,,,
9.7일,SK 와이번스,13,2,1,7,1,0,1,서울,27.7,0,63,,,,,,,,,
9.9화,SK 와이번스,9,3,0,6,0,1,1,부산,25.4,0,79,,,,,,,,,
9.10수,SK 와이번스,14,1,0,11,2,0,0,부산,24.9,0,80,,,,,,,,,
9.11목,SK 와이번스,12,1,1,1,0,0,1,인천,25.3,0,71,,,,,,,,,
9.12금,SK 와이번스,7,0,1,8,0,1,1,인천,23.4,0,82,,,,,,,,,
9.13토,SK 와이번스,9,0,2,4,1,1,0,인천,25.3,0,82,,,,,,,,,
9.14일,SK 와이번스,7,1,1,2,0,0,1,인천,23.7,0,82,,,,,,,,,
10.1수,SK 와이번스,14,1,0,11,0,2,1,대전,21.4,0,73,,,,,,,,,
10.2목,SK 와이번스,5,0,0,8,1,1,0,창원,21,0,70,,,,,,,,,
10.5일,SK 와이번스,9,2,2,5,1,2,1,인천,20,0,51,,,,,,,,,
10.6월,SK 와이번스,19,2,0,4,0,0,1,인천,18.5,0,70,,,,,,,,,
10.7화,SK 와이번스,5,0,2,6,2,0,1,인천,18,0,62,,,,,,,,,
10.13월,SK 와이번스,12,1,1,6,0,0,1,인천,16.2,0,64,,,,,,,,,
10.15수,SK 와이번스,9,0,1,6,0,2,0,서울,15.3,0,49,,,,,,,,,
10.16목,SK 와이번스,13,0,0,2,1,1,1,서울,14.9,0,26,,,,,,,,,
10.17금,SK 와이번스,9,1,1,9,0,1,0,서울,16.9,0,48,,,,,,,,,
4.1수,SK 와이번스,4,0,0,10,1,2,0,인천,15.7,0,55,,,,,,,,,
4.3금,SK 와이번스,6,2,0,13,1,0,0,서울,14.1,0,63,,,,,,,,,
4.4토,SK 와이번스,11,1,1,9,0,1,1,서울,16,0,46,,,,,,,,,
4.5일,SK 와이번스,13,2,5,9,1,0,1,서울,10.8,0,85,,,,,,,,,
4.7화,SK 와이번스,9,0,0,5,0,0,1,인천,10,0,64,,,,,,,,,
4.8수,SK 와이번스,8,1,0,3,3,0,1,인천,10.1,0,61,,,,,,,,,
4.9목,SK 와이번스,16,3,0,10,1,0,1,인천,11,0,51,,,,,,,,,
4.10금,SK 와이번스,6,0,0,5,1,1,1,창원,14.1,0,45,,,,,,,,,
4.11토,SK 와이번스,6,0,0,7,1,2,0,창원,14.5,0,40,,,,,,,,,
4.12일,SK 와이번스,11,2,0,6,0,0,1,창원,15.8,0,31,,,,,,,,,
4.15수,SK 와이번스,9,2,1,11,1,1,0,인천,12.4,0,95,,,,,,,,,
4.16목,SK 와이번스,10,1,1,8,1,0,1,인천,9.5,0,82,,,,,,,,,
4.17금,SK 와이번스,8,0,0,8,2,2,0,인천,11.5,0,65,,,,,,,,,
4.18토,SK 와이번스,14,2,1,6,1,0,1,인천,17.2,0,45,,,,,,,,,
4.21화,SK 와이번스,10,0,1,8,1,1,1,수원,16.9,0,30,,,,,,,,,
4.22수,SK 와이번스,8,0,1,10,1,1,0,수원,16.4,0,53,,,,,,,,,
4.23목,SK 와이번스,7,0,1,7,1,1,1,수원,17.9,0,25,,,,,,,,,
4.24금,SK 와이번스,6,0,0,11,1,0,0,대전,22,0,43,,,,,,,,,
4.25토,SK 와이번스,9,1,1,6,1,2,0,대전,23,0,21,,,,,,,,,
4.26일,SK 와이번스,11,1,0,5,0,1,0,대전,23.4,0,27,,,,,,,,,
4.28화,SK 와이번스,12,1,1,11,0,3,0,인천,20.8,0,65,,,,,,,,,
4.30목,SK 와이번스,11,0,1,4,0,2,1,인천,22.5,0,66,,,,,,,,,
5.1금,SK 와이번스,8,1,0,6,0,1,1,광주,23.9,0,57,,,,,,,,,
5.2토,SK 와이번스,6,0,1,5,1,0,0,광주,21.9,0,59,,,,,,,,,
5.5화,SK 와이번스,15,2,5,7,3,0,1,부산,17.5,0,49,,,,,,,,,
5.6수,SK 와이번스,13,2,1,5,1,1,1,부산,16.7,0,69,,,,,,,,,
5.7목,SK 와이번스,5,2,0,9,0,1,1,부산,20.1,0,45,,,,,,,,,
5.8금,SK 와이번스,5,1,2,6,1,0,1,인천,15.3,0,94,,,,,,,,,
5.9토,SK 와이번스,3,1,0,7,1,1,0,인천,17.1,0,84,,,,,,,,,
5.10일,SK 와이번스,11,1,0,11,0,0,1,인천,20.7,0,33,,,,,,,,,
5.13수,SK 와이번스,8,0,1,6,1,1,0,인천,16.7,0,84,,,,,,,,,
5.14목,SK 와이번스,14,3,0,8,1,1,1,인천,18,0,99,,,,,,,,,
5.15금,SK 와이번스,8,0,0,7,1,1,1,서울,23.6,0,47,,,,,,,,,
5.16토,SK 와이번스,15,0,1,9,0,0,1,서울,22.1,0,29,,,,,,,,,
5.17일,SK 와이번스,10,0,1,7,1,0,0,서울,24,0,20,,,,,,,,,
5.19화,SK 와이번스,10,0,5,3,1,0,1,인천,13.9,0.4,99,,,,,,,,,
5.20수,SK 와이번스,8,2,1,4,0,2,1,인천,19.3,0,63,,,,,,,,,
5.21목,SK 와이번스,4,0,1,9,1,3,0,인천,18,0,70,,,,,,,,,
5.22금,SK 와이번스,7,1,1,3,0,0,0,서울,24.6,0,28,,,,,,,,,
5.23토,SK 와이번스,6,0,0,5,2,2,0,서울,26.7,0,22,,,,,,,,,
5.24일,SK 와이번스,8,0,0,8,1,1,0,서울,25.8,0,25,,,,,,,,,
5.26화,SK 와이번스,9,0,1,8,0,1,0,인천,20.6,0,83,,,,,,,,,
5.27수,SK 와이번스,9,2,0,6,0,1,1,인천,26.8,0,28,,,,,,,,,
5.28목,SK 와이번스,7,0,0,5,0,0,0,인천,26.1,0,34,,,,,,,,,
5.29금,SK 와이번스,5,1,0,8,1,0,0,인천,21.9,0,61,,,,,,,,,
5.31일,SK 와이번스,10,1,0,10,2,0,0,인천,23.5,0,62,,,,,,,,,
6.2화,SK 와이번스,19,1,1,11,0,0,1,수원,24.4,0,49,,,,,,,,,
6.3수,SK 와이번스,8,0,0,6,0,0,0,수원,24.8,0,40,,,,,,,,,
6.4목,SK 와이번스,9,0,0,5,2,0,0,수원,24.2,0,33,,,,,,,,,
6.5금,SK 와이번스,10,0,1,10,0,1,0,서울,19.5,0,59,,,,,,,,,
6.6토,SK 와이번스,13,2,0,8,1,2,1,서울,27.2,0,36,,,,,,,,,
6.7일,SK 와이번스,10,0,3,4,1,0,1,서울,26.8,0,32,,,,,,,,,
6.9화,SK 와이번스,7,0,0,8,0,1,0,인천,21.2,0,96,,,,,,,,,
6.10수,SK 와이번스,6,1,1,7,0,3,0,인천,24.4,0,76,,,,,,,,,
6.12금,SK 와이번스,11,0,0,5,0,0,1,인천,23.2,0,75,,,,,,,,,
6.13토,SK 와이번스,12,1,0,5,0,1,1,인천,24.6,0,95,,,,,,,,,
6.14일,SK 와이번스,3,0,2,6,1,0,0,인천,22.9,0,85,,,,,,,,,
6.16화,SK 와이번스,10,1,0,8,1,1,0,대전,28.9,0,63,,,,,,,,,
6.17수,SK 와이번스,12,2,1,7,0,0,1,대전,22.5,0,93,,,,,,,,,
6.18목,SK 와이번스,7,2,1,6,0,0,1,대전,28.6,0,48,,,,,,,,,
6.19금,SK 와이번스,8,0,0,7,0,2,0,인천,26.3,0,70,,,,,,,,,
6.21일,SK 와이번스,8,0,0,10,0,1,0,인천,25.2,0,65,,,,,,,,,
6.23화,SK 와이번스,7,1,1,10,0,0,0,서울,27.8,0,57,,,,,,,,,
6.24수,SK 와이번스,16,1,2,4,2,0,1,서울,27.7,0,48,,,,,,,,,
6.25목,SK 와이번스,10,2,0,8,0,0,1,서울,27.1,0,46,,,,,,,,,
6.26금,SK 와이번스,5,0,0,8,1,2,0,인천,22.9,0,76,,,,,,,,,
6.27토,SK 와이번스,12,3,0,8,0,0,1,인천,26.9,0,70,,,,,,,,,
6.28일,SK 와이번스,9,1,0,2,1,0,0,인천,25.2,0,81,,,,,,,,,
7.1수,SK 와이번스,9,0,2,12,1,0,0,인천,23.2,0,92,,,,,,,,,
7.2목,SK 와이번스,5,1,0,8,0,0,1,인천,23.5,0,99,,,,,,,,,
7.3금,SK 와이번스,16,1,0,7,3,2,1,부산,24.2,0,76,,,,,,,,,
7.4토,SK 와이번스,9,2,0,11,0,1,0,부산,21.7,0,74,,,,,,,,,
7.5일,SK 와이번스,9,1,0,8,1,0,1,부산,22.2,0,76,,,,,,,,,
7.9목,SK 와이번스,8,0,0,10,0,0,0,대구,21.6,0,87,,,,,,,,,
7.10금,SK 와이번스,11,1,0,6,0,1,1,인천,29.8,0,85,,,,,,,,,
7.11토,SK 와이번스,11,1,0,6,1,0,1,인천,29.9,0,80,,,,,,,,,
7.14화,SK 와이번스,7,0,0,7,1,0,0,창원,25.5,0,80,,,,,,,,,
7.15수,SK 와이번스,13,2,0,8,0,0,1,창원,26.9,0,72,,,,,,,,,
7.21화,SK 와이번스,11,4,1,12,1,0,1,인천,29.3,0,90,,,,,,,,,
7.22수,SK 와이번스,14,0,0,5,2,1,0,인천,27.4,0,96,,,,,,,,,
7.23목,SK 와이번스,8,1,0,3,1,0,1,인천,26.5,0,99,,,,,,,,,
7.26일,SK 와이번스,9,0,0,5,1,0,0,서울,27.7,0,75,,,,,,,,,
7.28화,SK 와이번스,5,2,1,6,0,1,0,광주,27,0,82,,,,,,,,,
7.29수,SK 와이번스,9,1,0,5,0,0,0,광주,31.7,0,71,,,,,,,,,
7.30목,SK 와이번스,9,2,2,6,2,0,0,광주,32.6,0,69,,,,,,,,,
7.31금,SK 와이번스,9,1,1,6,0,0,1,인천,26.9,0,99,,,,,,,,,
8.1토,SK 와이번스,8,1,0,9,2,2,0,인천,26.9,0,99,,,,,,,,,
8.2일,SK 와이번스,16,1,0,9,1,1,1,인천,27.2,0,99,,,,,,,,,
8.4화,SK 와이번스,13,0,1,5,2,0,1,인천,27,0,99,,,,,,,,,
8.5수,SK 와이번스,8,1,3,3,0,1,1,인천,28.6,0,99,,,,,,,,,
8.6목,SK 와이번스,10,2,1,10,0,1,0,대구,35.3,0,37,,,,,,,,,
8.7금,SK 와이번스,12,2,0,6,1,0,0,대구,28.8,1.5,81,,,,,,,,,
8.8토,SK 와이번스,14,2,1,6,0,3,1,인천,27.2,0,98,,,,,,,,,
8.9일,SK 와이번스,11,2,0,6,0,1,0,인천,27.5,0,97,,,,,,,,,
8.11화,SK 와이번스,15,2,1,4,2,0,0,부산,27.6,0,77,,,,,,,,,
8.13목,SK 와이번스,5,2,1,15,0,0,0,인천,28.2,0,74,,,,,,,,,
8.14금,SK 와이번스,10,2,1,4,0,2,1,인천,28.7,0,71,,,,,,,,,
8.15토,SK 와이번스,7,0,0,10,0,0,0,인천,27.4,0,99,,,,,,,,,
8.17월,SK 와이번스,3,1,0,4,1,0,0,인천,28.4,0,87,,,,,,,,,
8.18화,SK 와이번스,6,1,0,6,1,1,0,광주,27,0,71,,,,,,,,,
8.19수,SK 와이번스,7,0,0,4,0,0,0,광주,28,0,67,,,,,,,,,
8.20목,SK 와이번스,8,1,1,9,2,0,0,서울,26.4,0,69,,,,,,,,,
8.21금,SK 와이번스,10,2,1,1,0,0,1,서울,28.6,0,59,,,,,,,,,
8.22토,SK 와이번스,4,0,0,9,0,1,0,인천,25.9,0,89,,,,,,,,,
8.23일,SK 와이번스,4,0,1,10,2,1,0,인천,28.1,0,83,,,,,,,,,
8.25화,SK 와이번스,6,0,2,8,0,0,0,인천,21.8,0,94,,,,,,,,,
8.26수,SK 와이번스,7,2,0,8,2,0,1,인천,23.8,0,86,,,,,,,,,
8.27목,SK 와이번스,7,0,1,8,1,0,1,서울,28.6,0,39,,,,,,,,,
8.28금,SK 와이번스,11,1,0,3,0,1,1,서울,25.9,0,61,,,,,,,,,
8.29토,SK 와이번스,7,0,1,6,2,0,0,수원,26.8,0,53,,,,,,,,,
8.30일,SK 와이번스,8,0,0,8,1,0,0,수원,27.3,0,58,,,,,,,,,
9.1화,SK 와이번스,10,0,0,8,1,0,0,서울,28.4,0,52,,,,,,,,,
9.2수,SK 와이번스,4,2,0,8,3,1,0,서울,24.8,0,67,,,,,,,,,
9.3목,SK 와이번스,4,1,0,14,0,2,0,인천,25.7,0,93,,,,,,,,,
9.4금,SK 와이번스,15,2,0,7,1,1,1,인천,26.2,0,75,,,,,,,,,
9.5토,SK 와이번스,5,0,0,3,3,0,0,인천,22.8,0,98,,,,,,,,,
9.6일,SK 와이번스,7,3,0,3,0,2,1,인천,24.4,0,63,,,,,,,,,
9.8화,SK 와이번스,10,2,1,9,1,0,0,인천,27.5,0,35,,,,,,,,,
9.9수,SK 와이번스,9,1,1,5,1,0,1,인천,26.2,0,50,,,,,,,,,
9.10목,SK 와이번스,11,1,0,7,0,1,1,대전,26.1,0,54,,,,,,,,,
9.11금,SK 와이번스,10,0,2,5,0,0,1,대전,21.3,0,86,,,,,,,,,
9.12토,SK 와이번스,10,0,0,9,0,0,0,창원,20.3,4.2,90,,,,,,,,,
9.13일,SK 와이번스,18,4,0,7,3,2,0,창원,22.9,0,52,,,,,,,,,
9.15화,SK 와이번스,10,0,1,9,1,0,1,대구,21.1,0,53,,,,,,,,,
9.16수,SK 와이번스,8,3,0,8,0,3,1,대구,20.6,0,68,,,,,,,,,
9.17목,SK 와이번스,10,2,1,8,0,1,0,대구,18.3,0.5,95,,,,,,,,,
9.18금,SK 와이번스,6,2,1,11,0,0,1,부산,21.8,0,72,,,,,,,,,
9.19토,SK 와이번스,13,1,2,9,1,1,1,인천,23.7,0,68,,,,,,,,,
9.20일,SK 와이번스,10,1,3,4,2,1,1,인천,24,0,71,,,,,,,,,
9.21월,SK 와이번스,4,0,0,9,1,1,0,인천,24.5,0,75,,,,,,,,,
9.23수,SK 와이번스,7,0,0,6,2,0,0,서울,23.8,0,51,,,,,,,,,
9.24목,SK 와이번스,16,1,1,6,3,1,1,서울,27.8,0,35,,,,,,,,,
9.25금,SK 와이번스,8,1,1,6,0,0,1,인천,24.4,0,88,,,,,,,,,
9.26토,SK 와이번스,13,0,0,10,0,0,0,광주,23.9,0,58,,,,,,,,,
9.28월,SK 와이번스,17,6,0,5,1,0,1,인천,23.8,0,41,,,,,,,,,
9.29화,SK 와이번스,15,3,1,9,0,0,1,인천,24,0,48,,,,,,,,,
9.30수,SK 와이번스,8,2,3,6,0,1,1,인천,22.6,0,53,,,,,,,,,
10.1목,SK 와이번스,6,0,0,6,0,0,0,인천,17.6,0,98,,,,,,,,,
10.2금,SK 와이번스,7,1,1,10,2,1,0,인천,20,0,72,,,,,,,,,
10.3토,SK 와이번스,11,2,0,7,2,1,1,인천,19.7,0,42,,,,,,,,,
10.7수,SK 와이번스,12,1,1,13,1,1,0,서울,22,0,53,,,,,,,,,
4.1금,SK 와이번스,10,1,0,7,1,1,0,인천,16.1,0,39,,,,,,,,,
4.2토,SK 와이번스,10,1,2,6,1,2,1,인천,14.4,0,59,,,,,,,,,
4.3일,SK 와이번스,8,0,1,4,0,1,0,인천,11.3,0,72,,,,,,,,,
4.5화,SK 와이번스,4,0,1,12,0,2,0,부산,15.5,0,59,,,,,,,,,
4.6수,SK 와이번스,1,0,0,2,1,1,0,부산,15.5,0,60,,,,,,,,,
4.7목,SK 와이번스,12,3,2,5,0,0,1,부산,13.8,0,88,,,,,,,,,
4.8금,SK 와이번스,8,0,0,4,0,1,1,인천,7.5,0,98,,,,,,,,,
4.9토,SK 와이번스,5,3,0,7,1,1,1,인천,11.1,0,98,,,,,,,,,
4.10일,SK 와이번스,9,2,0,5,1,1,1,인천,11.2,0,98,,,,,,,,,
4.12화,SK 와이번스,7,2,3,11,0,0,0,인천,15.3,0,51,,,,,,,,,
4.13수,SK 와이번스,7,1,2,8,1,1,1,인천,16.5,0,92,,,,,,,,,
4.14목,SK 와이번스,14,0,1,8,1,0,1,인천,9.9,0,98,,,,,,,,,
4.15금,SK 와이번스,9,2,1,9,2,0,1,수원,18.4,0,33,,,,,,,,,
4.17일,SK 와이번스,11,1,0,7,2,4,1,수원,12.8,0,40,,,,,,,,,
4.19화,SK 와이번스,7,1,1,9,0,1,0,인천,12.5,0,75,,,,,,,,,
4.20수,SK 와이번스,13,1,0,2,1,0,1,인천,13.1,0,96,,,,,,,,,
4.21목,SK 와이번스,6,1,2,5,0,1,1,인천,15.6,0,98,,,,,,,,,
4.22금,SK 와이번스,9,1,0,8,1,2,0,인천,10.3,0,98,,,,,,,,,
4.23토,SK 와이번스,13,0,0,7,1,0,1,인천,15,0,42,,,,,,,,,
4.24일,SK 와이번스,9,1,1,7,0,0,1,인천,18.4,0,41,,,,,,,,,
4.26화,SK 와이번스,13,0,0,6,1,1,0,서울,27.1,0,27,,,,,,,,,
4.27수,SK 와이번스,6,1,1,8,0,0,1,서울,19.4,0,28,,,,,,,,,
4.28목,SK 와이번스,8,0,2,6,2,0,0,서울,20.7,0,32,,,,,,,,,
4.29금,SK 와이번스,10,0,0,5,0,2,1,서울,18.9,0,42,,,,,,,,,
4.30토,SK 와이번스,13,1,1,7,0,0,1,서울,18.8,0,35,,,,,,,,,
5.1일,SK 와이번스,5,0,0,4,1,1,0,서울,22.9,0,29,,,,,,,,,
5.3화,SK 와이번스,8,0,0,9,0,0,0,인천,10.2,0,96,,,,,,,,,
5.4수,SK 와이번스,10,1,1,2,0,0,1,인천,17.3,0,46,,,,,,,,,
5.5목,SK 와이번스,21,5,1,5,0,1,1,인천,21.7,0,38,,,,,,,,,
5.6금,SK 와이번스,10,1,0,6,1,1,0,대구,22.6,0,72,,,,,,,,,
5.7토,SK 와이번스,7,0,1,7,0,2,1,대구,23.7,0,25,,,,,,,,,
5.8일,SK 와이번스,15,1,1,8,1,3,0,대구,22.1,0,37,,,,,,,,,
5.10화,SK 와이번스,13,1,0,11,1,2,0,인천,15.2,0,98,,,,,,,,,
5.11수,SK 와이번스,9,0,0,7,1,1,0,인천,17.6,0,69,,,,,,,,,
5.12목,SK 와이번스,10,3,0,8,1,0,1,인천,18.5,0,86,,,,,,,,,
5.13금,SK 와이번스,3,0,0,7,0,1,0,서울,25.1,0,30,,,,,,,,,
5.14토,SK 와이번스,5,1,0,4,0,2,0,서울,24.4,0,34,,,,,,,,,
5.17화,SK 와이번스,9,0,0,5,0,2,1,인천,21.9,0,47,,,,,,,,,
5.18수,SK 와이번스,7,1,0,7,1,1,1,인천,25.7,0,40,,,,,,,,,
5.19목,SK 와이번스,8,3,0,8,1,2,0,인천,26.7,0,35,,,,,,,,,
5.20금,SK 와이번스,8,0,1,6,0,0,0,광주,27.4,0,39,,,,,,,,,
5.21토,SK 와이번스,12,4,0,2,1,1,1,광주,27.6,0,28,,,,,,,,,
5.22일,SK 와이번스,10,2,0,12,1,5,0,광주,28.2,0,30,,,,,,,,,
5.25수,SK 와이번스,1,0,1,14,0,1,0,창원,23.7,0,56,,,,,,,,,
5.26목,SK 와이번스,18,4,0,11,2,0,1,창원,24.4,0,59,,,,,,,,,
5.27금,SK 와이번스,10,2,1,2,0,0,1,인천,21.9,0,71,,,,,,,,,
5.28토,SK 와이번스,8,0,0,2,3,0,0,인천,23,0,50,,,,,,,,,
5.29일,SK 와이번스,11,3,0,8,1,1,0,인천,22.8,0,58,,,,,,,,,
5.31화,SK 와이번스,10,1,1,9,1,0,0,대전,25.8,0,46,,,,,,,,,
6.1,SK 와이번스,15,1,2,8,0,0,1,대전,26.6,0,44,,,,,,,,,
6.2,SK 와이번스,4,1,0,7,1,1,0,대전,25.8,0,53,,,,,,,,,
6.3,SK 와이번스,4,0,0,5,1,0,0,서울,24.3,0,33,,,,,,,,,
6.4,SK 와이번스,9,3,0,8,1,1,0,서울,23.8,0,55,,,,,,,,,
6.5,SK 와이번스,7,0,0,3,1,3,0,서울,29.4,0,39,,,,,,,,,
6.7,SK 와이번스,9,2,0,8,1,1,0,인천,21.5,0,88,,,,,,,,,
6.8,SK 와이번스,6,0,0,10,2,0,0,인천,21.6,0,98,,,,,,,,,
6.9,SK 와이번스,8,1,0,7,1,0,1,인천,26.1,0,67,,,,,,,,,
6.1,SK 와이번스,11,1,3,10,0,1,0,인천,22.5,0,98,,,,,,,,,
6.11,SK 와이번스,11,2,1,5,0,2,0,인천,23.2,0,98,,,,,,,,,
6.12,SK 와이번스,12,0,0,4,3,1,0,인천,23,0,98,,,,,,,,,
6.14,SK 와이번스,9,2,2,7,0,1,1,대구,26.8,0,55,,,,,,,,,
6.15,SK 와이번스,15,2,0,8,2,1,1,대구,25.1,0,63,,,,,,,,,
6.16,SK 와이번스,21,2,0,4,2,0,1,대구,26.6,0,47,,,,,,,,,
6.17,SK 와이번스,19,1,3,10,0,0,1,부산,23.6,0,67,,,,,,,,,
6.18,SK 와이번스,10,3,1,11,0,0,1,부산,22.7,0,80,,,,,,,,,
6.19,SK 와이번스,7,2,0,7,1,0,0,부산,24.7,0,79,,,,,,,,,
6.21,SK 와이번스,8,2,2,7,0,2,0,인천,25.7,0,82,,,,,,,,,
6.22,SK 와이번스,13,3,1,5,0,1,1,인천,24,0,98,,,,,,,,,
6.23,SK 와이번스,11,2,0,2,1,0,1,인천,23.3,0,98,,,,,,,,,
6.24,SK 와이번스,9,1,1,6,0,1,1,인천,24.8,0,81,,,,,,,,,
6.25,SK 와이번스,10,2,0,8,0,2,0,인천,24.6,0,78,,,,,,,,,
6.26,SK 와이번스,17,1,0,8,1,0,1,인천,24.6,0,89,,,,,,,,,
6.28,SK 와이번스,19,3,0,3,1,0,1,수원,27.7,0,53,,,,,,,,,
6.29,SK 와이번스,15,2,0,8,0,0,1,수원,26.9,0,65,,,,,,,,,
6.3,SK 와이번스,10,2,0,8,2,1,0,수원,26.7,0,80,,,,,,,,,
7.2토,SK 와이번스,8,2,3,5,0,1,1,서울,26.7,0,62,,,,,,,,,
7.3일,SK 와이번스,17,1,1,6,0,0,1,서울,26.3,0,53,,,,,,,,,
7.6수,SK 와이번스,6,1,0,8,1,1,0,인천,23.8,0,94,,,,,,,,,
7.7목,SK 와이번스,13,1,0,7,1,1,0,인천,26.2,0,75,,,,,,,,,
7.8금,SK 와이번스,10,2,4,9,2,0,1,인천,29.5,0,78,,,,,,,,,
7.9토,SK 와이번스,11,2,2,8,0,1,0,인천,28,0,77,,,,,,,,,
7.10일,SK 와이번스,14,0,0,9,0,2,0,인천,28.6,0,80,,,,,,,,,
7.12화,SK 와이번스,14,3,0,9,1,0,1,광주,25.9,0,89,,,,,,,,,
7.13수,SK 와이번스,9,0,1,2,0,1,0,광주,29.2,0,77,,,,,,,,,
7.14목,SK 와이번스,11,3,0,4,1,1,1,광주,27.9,0,61,,,,,,,,,
7.19화,SK 와이번스,10,1,0,12,1,0,1,창원,26.7,0,79,,,,,,,,,
7.20수,SK 와이번스,6,0,1,12,1,1,0,창원,26.7,0,73,,,,,,,,,
7.21목,SK 와이번스,9,2,0,8,2,0,0,창원,25.6,0,77,,,,,,,,,
7.22금,SK 와이번스,16,2,2,7,2,1,1,인천,29,0,93,,,,,,,,,
7.23토,SK 와이번스,11,1,0,7,1,1,0,인천,27.6,0,98,,,,,,,,,
7.24일,SK 와이번스,10,4,0,3,1,1,1,인천,27.6,0,98,,,,,,,,,
7.26화,SK 와이번스,12,2,0,7,0,2,1,대전,33,0,58,,,,,,,,,
7.27수,SK 와이번스,4,0,0,4,2,2,0,대전,31.2,0,67,,,,,,,,,
7.28목,SK 와이번스,13,2,0,9,1,2,0,대전,30.8,0,55,,,,,,,,,
7.29금,SK 와이번스,14,2,0,6,1,1,0,인천,27.2,0,98,,,,,,,,,
7.30토,SK 와이번스,6,0,0,8,0,0,0,인천,29.6,0,92,,,,,,,,,
7.31일,SK 와이번스,8,2,2,6,1,0,0,인천,29,0,98,,,,,,,,,
8.3,SK 와이번스,13,1,0,6,0,2,1,인천,30.5,0,0,,,,,,,,,
8.4,SK 와이번스,9,1,3,12,0,2,0,인천,31.9,0,0,,,,,,,,,
8.5,SK 와이번스,13,4,0,8,0,1,1,서울,35.1,0,0,,,,,,,,,
8.6,SK 와이번스,16,1,3,4,1,0,1,서울,33.5,0,0,,,,,,,,,
8.7,SK 와이번스,13,0,2,12,0,0,0,서울,33.5,0,0,,,,,,,,,
8.9,SK 와이번스,7,1,0,11,0,0,0,인천,32.2,0,0,,,,,,,,,
8.1,SK 와이번스,6,0,0,6,0,1,0,인천,30.2,0,0,,,,,,,,,
8.11,SK 와이번스,13,1,0,7,0,1,1,인천,31.6,0,0,,,,,,,,,
8.12,SK 와이번스,13,2,0,9,0,0,1,인천,31.6,0,0,,,,,,,,,
8.13,SK 와이번스,7,2,0,5,1,0,1,인천,30.2,0,0,,,,,,,,,
8.14,SK 와이번스,9,0,1,8,0,0,1,인천,29.8,0,0,,,,,,,,,
8.16,SK 와이번스,9,0,0,8,1,0,0,서울,31,0,0,,,,,,,,,
8.17,SK 와이번스,18,0,0,8,1,0,1,서울,33.5,0,0,,,,,,,,,
8.18,SK 와이번스,13,1,0,10,0,0,0,인천,29.7,0,0,,,,,,,,,
8.19,SK 와이번스,8,2,0,6,1,0,0,인천,30,0,0,,,,,,,,,
8.2,SK 와이번스,8,0,1,9,1,1,1,부산,29.6,0,0,,,,,,,,,
8.21,SK 와이번스,9,0,1,8,0,2,0,부산,30.2,0,0,,,,,,,,,
8.23,SK 와이번스,13,1,1,7,1,3,0,대구,30.2,0,0,,,,,,,,,
8.24,SK 와이번스,8,4,1,5,0,0,1,대구,30.6,0,0,,,,,,,,,
8.25,SK 와이번스,6,0,1,10,1,0,1,수원,29.3,0,0,,,,,,,,,
8.26,SK 와이번스,4,0,1,7,0,0,0,수원,24.6,0,0,,,,,,,,,
8.27,SK 와이번스,12,1,0,8,2,2,0,인천,26.8,0,0,,,,,,,,,
8.28,SK 와이번스,5,1,1,9,1,0,0,인천,22.1,0,0,,,,,,,,,
8.3,SK 와이번스,13,2,1,12,0,1,1,광주,22.7,0,0,,,,,,,,,
8.31,SK 와이번스,9,0,0,10,0,1,0,광주,26.5,0,0,,,,,,,,,
9.1,SK 와이번스,8,1,0,5,2,2,0,서울,27.7,0,44,,,,,,,,,
9.2,SK 와이번스,17,1,0,8,1,0,0,서울,25.8,0,62,,,,,,,,,
9.3,SK 와이번스,11,2,1,10,0,1,1,창원,23.6,0,93,,,,,,,,,
9.4,SK 와이번스,13,3,1,6,0,0,1,창원,25.8,0,88,,,,,,,,,
9.6,SK 와이번스,7,0,0,5,2,1,1,인천,25,0,98,,,,,,,,,
9.7,SK 와이번스,17,0,4,7,0,0,1,인천,25,0,75,,,,,,,,,
9.8,SK 와이번스,17,3,1,6,0,0,1,인천,24.5,0,91,,,,,,,,,
9.9,SK 와이번스,8,0,2,5,0,1,1,인천,25.2,0,89,,,,,,,,,
9.1,SK 와이번스,6,0,0,6,2,2,0,대전,26.7,0,69,,,,,,,,,
9.11,SK 와이번스,12,2,0,8,1,0,0,대전,25.7,0,64,,,,,,,,,
9.13,SK 와이번스,9,0,0,6,0,2,0,서울,27.1,0,59,,,,,,,,,
9.14,SK 와이번스,6,0,0,7,1,1,0,서울,26.7,0,55,,,,,,,,,
9.15,SK 와이번스,11,0,0,5,1,0,0,인천,24.5,0,90,,,,,,,,,
9.16,SK 와이번스,14,4,0,6,0,0,0,인천,24.7,0,91,,,,,,,,,
9.17,SK 와이번스,11,0,0,7,2,3,0,인천,26.2,0,61,,,,,,,,,
9.18,SK 와이번스,14,3,0,7,2,2,0,인천,25.1,0,68,,,,,,,,,
9.23,SK 와이번스,9,0,0,8,2,4,0,수원,23.3,0,58,,,,,,,,,
9.25,SK 와이번스,10,3,0,3,0,0,1,인천,23.5,0,73,,,,,,,,,
9.3,SK 와이번스,13,1,0,7,1,0,1,서울,22.3,0,62,,,,,,,,,
10.1,SK 와이번스,10,1,1,9,1,0,1,서울,23.6,0,59,,,,,,,,,
10.6,SK 와이번스,4,0,1,11,0,0,0,창원,21,0,82,,,,,,,,,
10.8,SK 와이번스,12,3,0,9,1,0,1,인천,17.4,0,61,,,,,,,,,
4.1,SK 와이번스,7,0,0,5,1,0,0,인천,9.2,0,72,,,,,,,,,
4.2,SK 와이번스,3,1,0,4,2,2,0,인천,9.4,0,61,,,,,,,,,
4.4,SK 와이번스,5,0,0,10,2,1,0,광주,18.8,0,35,,,,,,,,,
4.6,SK 와이번스,8,2,2,5,0,0,0,광주,15.3,0,97,,,,,,,,,
4.7,SK 와이번스,6,1,1,9,1,0,0,인천,14.4,0,72,,,,,,,,,
4.8,SK 와이번스,13,6,0,10,1,0,1,인천,10.3,0,86,,,,,,,,,
4.9,SK 와이번스,13,2,0,7,0,1,1,인천,17.1,0,44,,,,,,,,,
4.11,SK 와이번스,10,2,0,9,1,2,0,인천,16.2,0,43,,,,,,,,,
4.12,SK 와이번스,9,0,0,14,2,0,1,인천,10.5,0,32,,,,,,,,,
4.13,SK 와이번스,13,3,0,7,1,1,1,인천,11.9,0,73,,,,,,,,,
4.14,SK 와이번스,11,1,1,4,0,1,1,대전,18.5,0,57,,,,,,,,,
4.15,SK 와이번스,17,3,2,8,1,1,1,대전,23.3,0,37,,,,,,,,,
4.16,SK 와이번스,12,1,0,7,1,0,1,대전,26.6,0,17,,,,,,,,,
4.18,SK 와이번스,9,2,0,5,1,1,1,인천,10.3,0,95,,,,,,,,,
4.19,SK 와이번스,7,2,1,7,0,2,1,인천,13.2,0,55,,,,,,,,,
4.2,SK 와이번스,6,1,0,10,1,2,0,인천,13.6,0,55,,,,,,,,,
4.21,SK 와이번스,11,3,0,7,1,0,1,인천,12.5,0,72,,,,,,,,,
4.22,SK 와이번스,11,3,0,6,1,1,1,인천,16.1,0,42,,,,,,,,,
4.23,SK 와이번스,6,1,0,10,1,3,0,인천,15.9,0,32,,,,,,,,,
4.25,SK 와이번스,12,3,1,6,0,0,1,서울,17.8,0,53,,,,,,,,,
4.26,SK 와이번스,2,0,0,12,0,1,0,서울,17.8,0,25,,,,,,,,,
4.27,SK 와이번스,6,0,0,8,0,0,0,서울,16.6,0,25,,,,,,,,,
4.28,SK 와이번스,9,2,1,5,2,0,1,대구,24.3,0,14,,,,,,,,,
4.29,SK 와이번스,8,3,0,11,2,1,0,대구,26.3,0,17,,,,,,,,,
4.3,SK 와이번스,13,5,0,10,0,0,1,대구,28.9,0,27,,,,,,,,,
5.2,SK 와이번스,13,2,0,5,0,1,0,인천,20.1,0,38,,,,,,,,,
5.3,SK 와이번스,10,3,0,6,0,0,0,인천,21.6,0,42,,,,,,,,,
5.4,SK 와이번스,8,2,0,8,1,0,1,인천,21.6,0,49,,,,,,,,,
5.5,SK 와이번스,11,0,1,8,0,0,0,서울,22.5,0,54,,,,,,,,,
5.6,SK 와이번스,20,0,2,5,2,1,1,서울,16.8,0,41,,,,,,,,,
5.1,SK 와이번스,5,0,0,14,0,0,0,서울,18.9,0,59,,,,,,,,,
5.11,SK 와이번스,4,0,0,5,0,1,0,서울,24.6,0,49,,,,,,,,,
5.12,SK 와이번스,8,1,2,6,0,0,1,인천,16.8,0,84,,,,,,,,,
5.13,SK 와이번스,4,1,0,5,0,0,0,인천,14.9,0,83,,,,,,,,,
5.14,SK 와이번스,10,2,0,6,1,0,1,인천,17.3,0,47,,,,,,,,,
5.16,SK 와이번스,4,1,0,10,1,3,0,인천,16.7,0,64,,,,,,,,,
5.17,SK 와이번스,6,2,0,7,0,2,0,인천,20.9,0,53,,,,,,,,,
5.18,SK 와이번스,12,1,1,5,2,1,1,인천,20.4,0,56,,,,,,,,,
5.19,SK 와이번스,12,3,1,7,0,1,1,창원,25,0,42,,,,,,,,,
5.2,SK 와이번스,4,0,1,10,0,0,0,창원,24.3,0,41,,,,,,,,,
5.21,SK 와이번스,14,1,1,13,1,1,1,창원,23.4,0,53,,,,,,,,,
5.23,SK 와이번스,13,0,2,10,1,0,0,부산,21.6,0,64,,,,,,,,,
5.24,SK 와이번스,8,3,0,8,2,0,0,부산,19,0,83,,,,,,,,,
5.25,SK 와이번스,12,4,0,8,1,0,0,부산,23.3,0,52,,,,,,,,,
5.26,SK 와이번스,8,2,1,5,0,0,1,인천,19.5,0,51,,,,,,,,,
5.27,SK 와이번스,9,2,0,6,2,1,1,인천,20.2,0,34,,,,,,,,,
5.28,SK 와이번스,7,4,0,11,1,0,1,인천,21.8,0,70,,,,,,,,,
5.3,SK 와이번스,9,1,2,8,0,0,1,수원,27.6,0,24,,,,,,,,,
5.31,SK 와이번스,10,2,0,7,1,0,1,수원,25.8,0,55,,,,,,,,,
6.1,SK 와이번스,13,3,1,8,0,1,1,수원,22.7,0,57,,,,,,,,,
6.2,SK 와이번스,6,2,0,5,0,2,0,대전,25.9,0,25,,,,,,,,,
6.3,SK 와이번스,6,2,0,8,1,2,1,대전,24.7,0,28,,,,,,,,,
6.4,SK 와이번스,11,6,0,4,0,3,1,대전,27.2,0,26,,,,,,,,,
6.6,SK 와이번스,7,1,1,5,1,0,1,인천,16.9,0,79,,,,,,,,,
6.7,SK 와이번스,9,2,0,8,1,1,0,인천,19.1,0,78,,,,,,,,,
6.8,SK 와이번스,6,0,1,12,0,1,0,인천,19.9,0,71,,,,,,,,,
6.9,SK 와이번스,8,0,0,10,1,0,0,서울,23.2,0,62,,,,,,,,,
6.1,SK 와이번스,7,2,1,3,1,1,1,서울,27.2,0,18,,,,,,,,,
6.11,SK 와이번스,4,1,0,9,0,1,0,서울,28.3,0,24,,,,,,,,,
6.13,SK 와이번스,12,3,0,7,1,0,0,인천,20.5,0,74,,,,,,,,,
6.14,SK 와이번스,6,2,0,13,1,1,1,인천,21,0,75,,,,,,,,,
6.15,SK 와이번스,11,2,0,7,1,1,1,인천,21.9,0,73,,,,,,,,,
6.16,SK 와이번스,7,1,0,3,0,1,1,대구,24.8,0,54,,,,,,,,,
6.17,SK 와이번스,17,2,0,4,1,0,1,대구,30,0,44,,,,,,,,,
6.18,SK 와이번스,12,3,0,5,1,3,0,대구,30.6,0,43,,,,,,,,,
6.2,SK 와이번스,7,3,0,5,0,1,1,인천,24.9,0,42,,,,,,,,,
6.21,SK 와이번스,8,0,0,1,1,1,0,인천,23.9,0,68,,,,,,,,,
6.22,SK 와이번스,10,3,0,10,0,0,1,인천,25.3,0,64,,,,,,,,,
6.23,SK 와이번스,5,3,0,7,1,0,1,인천,26.1,0,57,,,,,,,,,
6.24,SK 와이번스,7,1,0,6,0,0,1,인천,22.6,0,65,,,,,,,,,
6.25,SK 와이번스,9,2,0,6,0,1,1,인천,26.3,0,52,,,,,,,,,
6.27,SK 와이번스,5,1,0,7,0,1,1,서울,27.3,0,65,,,,,,,,,
6.28,SK 와이번스,10,0,0,5,0,0,1,서울,28.8,0,54,,,,,,,,,
6.29,SK 와이번스,9,1,0,9,0,1,0,서울,29.6,0,49,,,,,,,,,
6.3,SK 와이번스,10,4,0,11,0,0,1,인천,25.6,0,69,,,,,,,,,
7.1,SK 와이번스,7,1,0,11,0,1,0,인천,25.3,0,84,,,,,,,,,
7.2,SK 와이번스,12,1,0,4,0,0,1,인천,23.9,0,96,,,,,,,,,
7.4,SK 와이번스,13,2,0,3,3,0,0,인천,26.4,0,78,,,,,,,,,
7.5,SK 와이번스,17,4,0,11,0,0,1,인천,29,0,62,,,,,,,,,
7.6,SK 와이번스,5,1,0,8,1,1,0,인천,28.1,0,75,,,,,,,,,
7.7,SK 와이번스,11,4,0,7,1,0,1,부산,25.5,0,93,,,,,,,,,
7.8,SK 와이번스,8,1,0,6,1,1,0,부산,25.7,0,90,,,,,,,,,
7.9,SK 와이번스,9,1,0,9,2,0,1,부산,24.9,0,94,,,,,,,,,
7.11,SK 와이번스,7,1,1,9,0,1,1,인천,26.1,0,90,,,,,,,,,
7.12,SK 와이번스,11,1,1,8,1,1,0,인천,27.1,0,73,,,,,,,,,
7.13,SK 와이번스,5,1,0,9,0,1,0,인천,29.6,0,69,,,,,,,,,
7.18,SK 와이번스,5,1,0,2,1,1,0,인천,28.1,0,78,,,,,,,,,
7.19,SK 와이번스,13,5,1,4,2,1,1,인천,28.3,0,74,,,,,,,,,
7.2,SK 와이번스,8,1,0,9,0,1,0,인천,29.6,0,74,,,,,,,,,
7.21,SK 와이번스,14,3,0,6,1,1,0,창원,31.2,0,81,,,,,,,,,
7.22,SK 와이번스,7,0,0,9,1,2,0,창원,30.7,0,73,,,,,,,,,
7.23,SK 와이번스,7,1,0,11,1,1,0,창원,30,0,87,,,,,,,,,
7.25,SK 와이번스,15,3,2,5,0,2,0,광주,31.9,0,77,,,,,,,,,
7.26,SK 와이번스,9,2,1,4,2,1,0,광주,31.3,0,61,,,,,,,,,
7.27,SK 와이번스,3,0,1,7,0,0,0,광주,33,0,46,,,,,,,,,
7.28,SK 와이번스,6,3,1,10,1,0,1,인천,26.6,0,92,,,,,,,,,
7.29,SK 와이번스,7,1,1,6,0,0,1,인천,29.3,0,68,,,,,,,,,
7.3,SK 와이번스,6,0,1,7,1,0,0,인천,28.5,0,56,,,,,,,,,
8.1,SK 와이번스,3,0,0,14,1,0,0,서울,32.6,0,59,,,,,,,,,
8.2,SK 와이번스,11,2,1,5,3,1,0,서울,32.8,0,60,,,,,,,,,
8.3,SK 와이번스,11,1,0,6,0,0,0,서울,32.4,0,48,,,,,,,,,
8.4,SK 와이번스,13,0,1,5,2,0,1,수원,33.2,0,52,,,,,,,,,
8.5,SK 와이번스,11,0,0,5,0,1,0,수원,33.5,0,62,,,,,,,,,
8.6,SK 와이번스,9,0,0,11,1,2,0,수원,30.7,0,72,,,,,,,,,
8.8,SK 와이번스,8,2,2,8,1,0,1,인천,27.7,0,77,,,,,,,,,
8.9,SK 와이번스,9,2,0,9,1,2,0,인천,29,0,64,,,,,,,,,
8.1,SK 와이번스,9,0,0,8,0,0,1,서울,25.4,0,90,,,,,,,,,
8.11,SK 와이번스,7,1,0,9,0,1,0,서울,29.3,0,68,,,,,,,,,
8.12,SK 와이번스,13,1,0,3,0,0,1,인천,29.5,0,65,,,,,,,,,
8.13,SK 와이번스,8,1,0,12,0,1,0,인천,27.5,0,62,,,,,,,,,
8.16,SK 와이번스,10,1,1,9,2,0,0,대전,27.6,0,85,,,,,,,,,
8.17,SK 와이번스,11,1,0,4,1,1,1,인천,27,0,74,,,,,,,,,
8.18,SK 와이번스,13,3,0,6,0,2,1,인천,27.4,0,68,,,,,,,,,
8.19,SK 와이번스,20,3,1,3,0,0,1,광주,28.2,0,82,,,,,,,,,
8.22,SK 와이번스,13,2,1,9,0,1,0,인천,28.5,0,70,,,,,,,,,
8.23,SK 와이번스,5,0,0,5,2,0,0,인천,27.4,0,94,,,,,,,,,
8.24,SK 와이번스,9,4,1,10,0,0,1,대구,33.2,0,53,,,,,,,,,
8.25,SK 와이번스,14,2,1,8,0,3,1,대구,31.3,0,32,,,,,,,,,
8.26,SK 와이번스,5,0,0,6,1,0,1,인천,26.2,0,48,,,,,,,,,
8.27,SK 와이번스,6,1,2,5,0,0,1,인천,24.1,0,69,,,,,,,,,
8.29,SK 와이번스,8,0,0,11,0,1,0,서울,22.5,0,34,,,,,,,,,
8.3,SK 와이번스,6,0,0,7,1,2,0,서울,23.3,0,61,,,,,,,,,
8.31,SK 와이번스,11,1,1,5,2,0,1,인천,24.7,0,50,,,,,,,,,
9.1,SK 와이번스,11,1,0,6,0,1,1,인천,24.8,0,61,,,,,,,,,
9.2,SK 와이번스,16,7,0,10,0,1,1,수원,25.7,0,58,,,,,,,,,
9.3,SK 와이번스,14,0,0,9,1,0,0,수원,25.8,0,58,,,,,,,,,
9.5,SK 와이번스,10,4,0,9,2,1,1,인천,22.7,0,71,,,,,,,,,
9.7,SK 와이번스,4,2,0,12,0,2,0,창원,23.3,0,86,,,,,,,,,
9.8,SK 와이번스,7,2,0,10,0,2,0,창원,26.3,0,69,,,,,,,,,
9.9,SK 와이번스,5,1,0,8,0,0,1,인천,25.5,0,63,,,,,,,,,
9.1,SK 와이번스,19,3,0,6,0,1,1,인천,23.9,0,74,,,,,,,,,
9.12,SK 와이번스,9,1,0,12,0,1,0,인천,24.7,0,37,,,,,,,,,
9.13,SK 와이번스,18,4,0,10,1,1,1,인천,23.6,0,55,,,,,,,,,
9.14,SK 와이번스,14,1,2,9,0,1,1,서울,27,0,37,,,,,,,,,
9.15,SK 와이번스,11,1,0,8,1,0,1,서울,25.4,0,39,,,,,,,,,
9.16,SK 와이번스,5,1,0,10,0,2,0,부산,22.6,0,68,,,,,,,,,
9.17,SK 와이번스,12,0,0,13,1,1,0,부산,22.1,0,81,,,,,,,,,
9.19,SK 와이번스,13,0,0,9,1,0,1,광주,25.1,0,76,,,,,,,,,
9.2,SK 와이번스,11,2,0,8,0,0,1,광주,21.6,0,54,,,,,,,,,
9.29,SK 와이번스,6,2,0,9,1,1,0,인천,18.9,0,44,,,,,,,,,
9.3,SK 와이번스,6,1,0,8,0,0,1,대전,23.1,0,57,,,,,,,,,
10.3,SK 와이번스,8,0,1,8,0,0,1,서울,19.5,0,47,,,,,,,,,
10.5,SK 와이번스,6,2,0,3,1,0,0,창원,18.7,0,64,,,,,,,,,
4.1일,SK 와이번스,15,6,1,5,0,0,1,대전,10.5,0,23,,,,,,,,,
4.3화,SK 와이번스,14,6,0,7,0,1,1,인천,6.3,0,36,,,,,,,,,
4.4수,SK 와이번스,7,1,0,11,1,1,0,인천,8,0,75,,,,,,,,,
4.7토,SK 와이번스,7,2,1,12,1,3,1,인천,8.3,0,33,,,,,,,,,
4.8일,SK 와이번스,10,0,0,4,1,2,0,인천,10.6,0,68,,,,,,,,,
4.10화,SK 와이번스,12,1,1,9,1,2,1,서울,12.8,0.5,88,,,,,,,,,
4.11수,SK 와이번스,3,0,0,6,3,0,0,서울,15.9,0,52,,,,,,,,,
4.12목,SK 와이번스,7,0,2,10,1,2,0,서울,10.3,0,35,,,,,,,,,
4.13금,SK 와이번스,10,1,1,7,1,2,1,인천,9.5,0,69,,,,,,,,,
4.14토,SK 와이번스,12,3,0,10,0,0,1,인천,11,0,77,,,,,,,,,
4.15일,SK 와이번스,12,0,0,3,1,0,1,인천,13.8,0,52,,,,,,,,,
4.17화,SK 와이번스,17,4,5,12,1,1,1,수원,17.7,0,33,,,,,,,,,
4.18수,SK 와이번스,13,4,0,6,2,0,1,수원,20.9,0,32,,,,,,,,,
4.19목,SK 와이번스,7,2,1,12,0,0,1,수원,16.7,0,49,,,,,,,,,
4.20금,SK 와이번스,7,1,1,11,0,0,0,부산,14.6,0,64,,,,,,,,,
4.21토,SK 와이번스,9,1,0,8,0,0,0,부산,15,7,92,,,,,,,,,
4.22일,SK 와이번스,13,2,0,7,3,0,1,부산,16.6,0,65,,,,,,,,,
4.24화,SK 와이번스,13,1,3,7,0,1,0,인천,20.9,0,65,,,,,,,,,
4.25수,SK 와이번스,12,3,0,9,1,1,1,인천,14.5,0.5,91,,,,,,,,,
4.26목,SK 와이번스,8,2,0,8,0,0,1,인천,11.8,0,56,,,,,,,,,
4.27금,SK 와이번스,10,3,1,6,1,0,1,서울,19.2,0,16,,,,,,,,,
4.28토,SK 와이번스,11,0,1,11,1,3,1,서울,18.4,0,51,,,,,,,,,
4.29일,SK 와이번스,10,1,1,7,1,1,0,서울,23.6,0,47,,,,,,,,,
5.1화,SK 와이번스,17,2,1,4,0,0,1,대구,22.5,0,60,,,,,,,,,
5.2수,SK 와이번스,14,2,1,11,0,0,1,대구,14.7,0,90,,,,,,,,,
5.3목,SK 와이번스,5,1,0,13,0,1,0,대구,16.7,0,26,,,,,,,,,
5.4금,SK 와이번스,10,0,0,5,0,0,1,인천,14.5,0,58,,,,,,,,,
5.5토,SK 와이번스,5,0,0,14,0,0,0,인천,18.8,0,59,,,,,,,,,
5.8화,SK 와이번스,6,0,1,11,1,0,0,창원,15.5,0,63,,,,,,,,,
5.9수,SK 와이번스,10,0,0,6,1,2,1,창원,14.7,0,72,,,,,,,,,
5.10목,SK 와이번스,11,3,0,6,0,1,1,창원,17.7,0,74,,,,,,,,,
5.11금,SK 와이번스,16,2,0,7,1,1,0,인천,15.6,0,76,,,,,,,,,
5.13일,SK 와이번스,15,2,0,5,0,0,1,인천,14.2,0,84,,,,,,,,,
5.15화,SK 와이번스,7,1,0,9,1,0,0,서울,27.5,0,47,,,,,,,,,
5.16수,SK 와이번스,6,2,0,10,1,1,0,서울,21.9,0,97,,,,,,,,,
5.18금,SK 와이번스,5,0,2,8,0,0,0,광주,22.3,0,97,,,,,,,,,
5.19토,SK 와이번스,4,1,0,1,1,1,0,광주,21.1,0,63,,,,,,,,,
5.20일,SK 와이번스,7,0,0,8,0,0,0,광주,20.9,0,43,,,,,,,,,
5.22화,SK 와이번스,6,2,0,4,1,2,0,인천,17.3,2.1,86,,,,,,,,,
5.23수,SK 와이번스,16,5,0,3,2,1,1,인천,17.4,0,60,,,,,,,,,
5.24목,SK 와이번스,9,1,1,4,3,0,1,인천,18.6,0,57,,,,,,,,,
5.25금,SK 와이번스,9,1,1,9,0,0,1,인천,19.9,0,44,,,,,,,,,
5.26토,SK 와이번스,14,0,0,4,1,0,1,인천,23.1,0,52,,,,,,,,,
5.27일,SK 와이번스,14,1,0,4,2,5,0,인천,20,0,47,,,,,,,,,
5.30수,SK 와이번스,7,2,0,5,1,0,0,서울,23.6,0,42,,,,,,,,,
5.31목,SK 와이번스,7,2,1,8,0,1,0,서울,26.4,0,42,,,,,,,,,
6.1금,SK 와이번스,14,1,0,6,1,0,1,인천,23.5,0,49,,,,,,,,,
6.2토,SK 와이번스,10,3,1,4,0,1,1,인천,23.3,0,47,,,,,,,,,
6.3일,SK 와이번스,9,1,0,16,2,1,0,인천,26.9,0,32,,,,,,,,,
6.5화,SK 와이번스,9,4,2,9,2,0,1,인천,24.6,0,48,,,,,,,,,
6.6수,SK 와이번스,9,5,0,8,0,0,1,인천,22.2,0,78,,,,,,,,,
6.7목,SK 와이번스,6,1,0,11,1,0,0,인천,22,0,74,,,,,,,,,
6.8금,SK 와이번스,8,2,0,4,0,1,0,대전,25.6,0,63,,,,,,,,,
6.9토,SK 와이번스,8,0,1,10,0,1,1,대전,24.8,0,59,,,,,,,,,
6.10일,SK 와이번스,9,1,0,9,1,0,0,대전,23,0,63,,,,,,,,,
6.12화,SK 와이번스,6,0,0,8,1,0,0,광주,23.8,0,64,,,,,,,,,
6.13수,SK 와이번스,10,2,1,6,0,1,1,광주,25.1,0,61,,,,,,,,,
6.14목,SK 와이번스,12,3,1,3,1,0,1,광주,25.8,0,54,,,,,,,,,
6.15금,SK 와이번스,8,1,2,8,1,2,0,인천,23.5,0,65,,,,,,,,,
6.16토,SK 와이번스,7,2,1,6,1,0,0,인천,24.7,0,58,,,,,,,,,
6.17일,SK 와이번스,11,3,0,10,0,1,0,인천,22.2,0,66,,,,,,,,,
6.20수,SK 와이번스,10,1,0,8,0,1,0,대구,28.4,0,35,,,,,,,,,
6.21목,SK 와이번스,8,0,2,9,0,0,1,대구,29.8,0,26,,,,,,,,,
6.22금,SK 와이번스,18,5,2,7,0,2,1,수원,27.8,0,36,,,,,,,,,
6.23토,SK 와이번스,6,2,1,9,0,0,1,수원,26,0,63,,,,,,,,,
6.24일,SK 와이번스,5,0,0,6,2,0,0,수원,27.5,0,58,,,,,,,,,
6.27수,SK 와이번스,6,0,1,2,1,0,1,인천,22,0,81,,,,,,,,,
6.29금,SK 와이번스,9,3,1,7,0,0,1,인천,24.4,0,78,,,,,,,,,
6.30토,SK 와이번스,9,3,0,6,1,0,1,인천,27.2,0,72,,,,,,,,,
7.3화,SK 와이번스,11,4,1,9,0,1,1,서울,21,16.5,92,,,,,,,,,
7.4수,SK 와이번스,15,1,1,8,2,0,0,서울,24.9,0,76,,,,,,,,,
7.5목,SK 와이번스,9,0,2,12,2,1,0,서울,22.4,0.5,91,,,,,,,,,
7.6금,SK 와이번스,12,3,0,6,1,2,1,인천,20.8,1.2,95,,,,,,,,,
7.7토,SK 와이번스,8,1,0,6,0,0,1,인천,26.3,0,61,,,,,,,,,
7.8일,SK 와이번스,6,2,0,7,0,0,0,인천,26,0,82,,,,,,,,,
7.10화,SK 와이번스,16,1,3,7,1,1,1,서울,28,0,49,,,,,,,,,
7.11수,SK 와이번스,5,1,1,10,0,0,0,서울,24.2,0,80,,,,,,,,,
7.12목,SK 와이번스,9,1,3,6,1,0,1,서울,27.3,0,62,,,,,,,,,
7.17화,SK 와이번스,10,4,2,3,1,0,1,인천,25.9,0,88,,,,,,,,,
7.18수,SK 와이번스,13,0,1,8,0,0,0,인천,27,0,97,,,,,,,,,
7.19목,SK 와이번스,10,1,2,7,2,1,1,인천,22.1,0,100,,,,,,,,,
7.20금,SK 와이번스,10,2,0,3,1,1,1,부산,26.9,0,75,,,,,,,,,
7.21토,SK 와이번스,12,1,0,8,0,0,1,부산,26.7,0,76,,,,,,,,,
7.22일,SK 와이번스,10,1,0,9,0,1,0,부산,27.5,0,74,,,,,,,,,
7.24화,SK 와이번스,9,1,2,5,1,1,1,인천,28.5,0,88,,,,,,,,,
7.25수,SK 와이번스,15,3,5,9,1,1,1,인천,30,0,71,,,,,,,,,
7.26목,SK 와이번스,14,2,0,7,1,2,1,인천,29.8,0,68,,,,,,,,,
7.27금,SK 와이번스,2,0,3,5,1,1,0,창원,30.1,0,70,,,,,,,,,
7.28토,SK 와이번스,13,3,0,11,0,1,1,창원,31.3,0,65,,,,,,,,,
7.29일,SK 와이번스,7,1,0,7,1,1,0,창원,31.4,0,64,,,,,,,,,
7.31화,SK 와이번스,3,0,0,9,0,1,0,인천,29.1,0,77,,,,,,,,,
8.1수,SK 와이번스,20,4,1,5,0,1,1,인천,33.9,0,58,,,,,,,,,
8.2목,SK 와이번스,5,2,1,4,1,0,0,인천,34,0,53,,,,,,,,,
8.4토,SK 와이번스,10,1,0,7,1,0,1,서울,33.2,0,52,,,,,,,,,
8.5일,SK 와이번스,20,0,1,5,3,0,1,서울,31.8,0,63,,,,,,,,,
8.7화,SK 와이번스,9,1,0,9,0,2,0,인천,32.1,0,61,,,,,,,,,
8.8수,SK 와이번스,14,2,1,5,1,0,1,인천,31.3,0,71,,,,,,,,,
8.9목,SK 와이번스,3,1,0,8,0,1,0,창원,28.6,0,81,,,,,,,,,
8.10금,SK 와이번스,9,3,0,5,0,2,1,창원,27,0,91,,,,,,,,,
8.11토,SK 와이번스,8,2,0,4,2,2,0,인천,32.1,0,63,,,,,,,,,
8.12일,SK 와이번스,10,3,0,6,1,3,0,인천,31,0,67,,,,,,,,,
8.14화,SK 와이번스,8,1,0,7,1,1,0,서울,33.7,0,53,,,,,,,,,
8.15수,SK 와이번스,17,1,0,4,1,1,1,서울,32.8,0.1,63,,,,,,,,,
8.16목,SK 와이번스,7,0,1,14,0,1,0,인천,32.2,0,43,,,,,,,,,
9.4화,SK 와이번스,9,1,0,7,0,1,0,인천,25.9,0,52,,,,,,,,,
9.5수,SK 와이번스,17,3,0,12,0,1,1,인천,25.5,0,67,,,,,,,,,
9.6목,SK 와이번스,4,0,1,10,1,1,0,부산,24.1,0,79,,,,,,,,,
9.7금,SK 와이번스,3,1,1,7,0,0,1,부산,22.3,0,84,,,,,,,,,
9.8토,SK 와이번스,5,0,0,5,3,2,0,인천,24.9,0,50,,,,,,,,,
9.9일,SK 와이번스,15,2,1,7,0,0,1,인천,24.2,0,55,,,,,,,,,
9.11화,SK 와이번스,7,0,1,13,0,1,1,인천,23.8,0,49,,,,,,,,,
9.12수,SK 와이번스,15,1,0,4,2,1,1,인천,24.9,0,60,,,,,,,,,
9.13목,SK 와이번스,8,1,1,4,2,0,1,대전,23.1,0,78,,,,,,,,,
9.14금,SK 와이번스,7,1,1,9,0,1,1,대전,22.6,0,89,,,,,,,,,
9.15토,SK 와이번스,6,0,1,7,1,1,0,광주,26,0,86,,,,,,,,,
9.16일,SK 와이번스,13,2,0,8,1,1,0,광주,24,0,87,,,,,,,,,
9.18화,SK 와이번스,9,0,0,4,1,2,0,수원,23.9,0,51,,,,,,,,,
9.19수,SK 와이번스,17,6,0,10,0,0,1,수원,23.1,0,64,,,,,,,,,
9.20목,SK 와이번스,10,0,0,7,0,3,0,인천,19.4,0,81,,,,,,,,,
9.21금,SK 와이번스,9,2,2,6,0,1,1,인천,21,0,79,,,,,,,,,
9.22토,SK 와이번스,6,1,0,10,0,1,0,서울,23.2,0,36,,,,,,,,,
9.23일,SK 와이번스,6,0,0,7,2,2,0,서울,22.3,0,53,,,,,,,,,
9.25화,SK 와이번스,21,5,0,4,0,1,1,인천,21.2,0,36,,,,,,,,,
9.26수,SK 와이번스,7,1,1,5,0,1,1,인천,21.8,0,44,,,,,,,,,
9.27목,SK 와이번스,14,1,2,6,1,0,1,인천,21.9,0,46,,,,,,,,,
9.28금,SK 와이번스,8,2,1,6,0,0,1,인천,20.3,0,59,,,,,,,,,
9.29토,SK 와이번스,7,2,1,9,1,1,0,대구,19.1,0,79,,,,,,,,,
9.30일,SK 와이번스,9,2,0,12,0,2,1,대구,23.2,0,36,,,,,,,,,
10.2화,SK 와이번스,10,2,2,12,1,0,0,인천,18.3,0,57,,,,,,,,,
10.4목,SK 와이번스,10,1,0,14,1,0,0,인천,23.1,0,47,,,,,,,,,
10.6토,SK 와이번스,8,2,3,5,0,2,0,인천,21.7,0,66,,,,,,,,,
10.6토,SK 와이번스,11,0,2,8,0,2,1,인천,21.7,0,66,,,,,,,,,
10.9화,SK 와이번스,8,2,0,9,0,0,0,인천,17.7,0,50,,,,,,,,,
10.10수,SK 와이번스,10,4,4,6,0,0,1,서울,12.2,0,45,,,,,,,,,
10.11목,SK 와이번스,7,1,0,6,1,1,0,서울,12.1,0,40,,,,,,,,,
10.13토,SK 와이번스,12,1,1,12,0,1,0,인천,15.5,0,56,,,,,,,,,
10.27토,SK 와이번스,13,4,0,6,1,3,1,인천,9.7,0,43,,,,,,,,,
10.28일,SK 와이번스,9,3,0,5,0,2,1,인천,10.7,0,76,,,,,,,,,
10.30화,SK 와이번스,8,2,1,13,1,0,0,서울,8.4,0,52,,,,,,,,,
4.2화,SK 와이번스,7,0,1,9,0,1,0,인천,8.1,0,47,,,,,,,,,
4.3수,SK 와이번스,3,0,0,9,0,0,0,인천,8.8,0,43,,,,,,,,,
4.4목,SK 와이번스,14,3,0,7,0,0,1,인천,9.4,0,64,,,,,,,,,
4.5금,SK 와이번스,9,0,1,7,1,0,1,인천,12.1,0,36,,,,,,,,,
4.6토,SK 와이번스,8,0,0,10,0,1,1,인천,10.5,0,46,,,,,,,,,
4.7일,SK 와이번스,7,2,1,6,1,1,1,인천,16.1,0,28,,,,,,,,,
4.10수,SK 와이번스,11,1,0,7,1,2,1,대전,9.9,0,68,,,,,,,,,
4.11목,SK 와이번스,8,0,0,9,1,0,1,대전,14.2,0,39,,,,,,,,,
4.13토,SK 와이번스,8,2,2,8,0,0,0,인천,13.4,0,29,,,,,,,,,
4.14일,SK 와이번스,6,0,1,7,2,0,0,인천,12.1,0,31,,,,,,,,,
4.16화,SK 와이번스,8,0,0,6,0,0,0,서울,20,0,12,,,,,,,,,
4.17수,SK 와이번스,7,1,0,7,0,3,0,서울,18.6,0,43,,,,,,,,,
4.18목,SK 와이번스,8,0,2,8,0,0,1,서울,12.7,0,83,,,,,,,,,
4.19금,SK 와이번스,11,2,0,12,0,0,0,인천,18,0,42,,,,,,,,,
4.20토,SK 와이번스,15,3,0,5,0,1,1,인천,14.1,0,77,,,,,,,,,
4.21일,SK 와이번스,9,2,0,7,1,0,1,인천,14.7,0,77,,,,,,,,,
4.24수,SK 와이번스,12,3,1,6,2,2,1,대구,21.1,0,71,,,,,,,,,
4.25목,SK 와이번스,8,0,2,11,0,1,1,대구,12.9,0,77,,,,,,,,,
4.26금,SK 와이번스,6,0,2,3,1,0,1,수원,9.1,0,84,,,,,,,,,
4.27토,SK 와이번스,4,2,0,10,0,0,1,수원,13.8,0,53,,,,,,,,,
4.28일,SK 와이번스,9,0,0,6,0,0,1,수원,14.9,0,47,,,,,,,,,
4.30화,SK 와이번스,8,1,1,6,0,0,0,인천,16.4,0,51,,,,,,,,,
5.1수,SK 와이번스,5,0,2,3,2,1,1,인천,16.1,0,61,,,,,,,,,
5.2목,SK 와이번스,12,1,0,7,0,0,0,인천,17,0,40,,,,,,,,,
5.3금,SK 와이번스,16,1,1,7,0,3,1,부산,20,0,52,,,,,,,,,
5.4토,SK 와이번스,14,3,1,5,0,0,1,부산,20.4,0,42,,,,,,,,,
5.5일,SK 와이번스,7,2,1,7,0,0,1,부산,22.9,0,33,,,,,,,,,
5.7화,SK 와이번스,12,2,2,10,0,1,1,인천,15,0,44,,,,,,,,,
5.8수,SK 와이번스,19,3,1,8,1,0,1,인천,14.7,0,69,,,,,,,,,
5.9목,SK 와이번스,10,0,0,6,0,2,0,인천,15.9,0,56,,,,,,,,,
5.10금,SK 와이번스,6,1,2,4,1,0,1,광주,23.6,0,27,,,,,,,,,
5.11토,SK 와이번스,15,2,2,4,2,1,1,광주,24.3,0,29,,,,,,,,,
5.12일,SK 와이번스,7,1,3,4,0,0,1,광주,25.6,0,24,,,,,,,,,
5.14화,SK 와이번스,8,0,0,4,1,0,0,창원,20.7,0.1,73,,,,,,,,,
5.15수,SK 와이번스,10,1,0,9,1,2,1,창원,22.8,0,48,,,,,,,,,
5.16목,SK 와이번스,9,0,1,12,0,1,0,창원,22.9,0,52,,,,,,,,,
5.17금,SK 와이번스,4,0,0,7,1,0,0,인천,22.9,0,52,,,,,,,,,
5.18토,SK 와이번스,13,0,1,12,1,1,0,인천,24.1,0,46,,,,,,,,,
5.21화,SK 와이번스,10,0,0,7,0,1,1,서울,21,0,33,,,,,,,,,
5.22수,SK 와이번스,6,0,3,5,0,0,1,서울,23.6,0,30,,,,,,,,,
5.23목,SK 와이번스,8,0,3,10,1,0,0,서울,28.2,0,19,,,,,,,,,
5.24금,SK 와이번스,8,1,0,5,2,0,1,창원,25.3,0,50,,,,,,,,,
5.25토,SK 와이번스,10,2,1,7,0,1,0,창원,26.6,0,35,,,,,,,,,
5.26일,SK 와이번스,9,1,1,7,1,1,1,창원,23,0,67,,,,,,,,,
5.28화,SK 와이번스,5,0,0,6,2,2,1,인천,19.2,0,48,,,,,,,,,
5.29수,SK 와이번스,8,0,0,9,1,2,0,인천,21.6,0,45,,,,,,,,,
5.30목,SK 와이번스,10,1,2,7,0,0,1,인천,18.5,0,65,,,,,,,,,
5.31금,SK 와이번스,5,1,2,5,0,0,1,인천,19.3,0,53,,,,,,,,,
6.1토,SK 와이번스,4,0,0,9,1,1,0,인천,18.9,0,59,,,,,,,,,
6.2일,SK 와이번스,14,2,0,4,0,0,1,인천,23,0,46,,,,,,,,,
6.4화,SK 와이번스,12,0,0,8,1,0,1,서울,26,0,50,,,,,,,,,
6.5수,SK 와이번스,10,1,1,8,0,0,1,서울,25.8,0,55,,,,,,,,,
6.6목,SK 와이번스,6,0,0,5,0,2,0,서울,22.2,0,74,,,,,,,,,
6.7금,SK 와이번스,9,1,0,16,1,0,1,인천,23.9,0,54,,,,,,,,,
6.8토,SK 와이번스,13,2,0,4,0,0,1,인천,23.3,0,57,,,,,,,,,
6.9일,SK 와이번스,8,0,1,8,0,0,0,인천,21.6,0,75,,,,,,,,,
6.11화,SK 와이번스,21,1,0,6,0,0,1,수원,23.3,0,51,,,,,,,,,
6.12수,SK 와이번스,12,1,0,4,1,1,1,수원,23.1,0,58,,,,,,,,,
6.13목,SK 와이번스,9,0,0,4,2,2,0,수원,26.9,0,45,,,,,,,,,
6.14금,SK 와이번스,14,0,0,3,0,0,1,인천,24.1,0,54,,,,,,,,,
6.15토,SK 와이번스,8,0,1,8,1,0,1,인천,24.9,0,52,,,,,,,,,
6.16일,SK 와이번스,13,0,0,3,0,0,1,인천,22.1,0,61,,,,,,,,,
6.18화,SK 와이번스,6,0,1,6,1,0,0,광주,25.3,0,61,,,,,,,,,
6.19수,SK 와이번스,13,1,0,3,0,0,1,광주,26.9,0,61,,,,,,,,,
6.20목,SK 와이번스,6,1,0,8,0,0,0,광주,26.4,0,65,,,,,,,,,
6.21금,SK 와이번스,11,3,0,4,0,1,1,인천,23.7,0,77,,,,,,,,,
6.22토,SK 와이번스,7,1,0,4,2,0,1,인천,26.5,0,51,,,,,,,,,
6.23일,SK 와이번스,8,2,0,5,0,0,1,인천,27,0,44,,,,,,,,,
6.25화,SK 와이번스,14,3,0,6,1,1,1,서울,29.7,0,42,,,,,,,,,
6.26수,SK 와이번스,14,0,0,5,1,1,1,서울,28.1,0,46,,,,,,,,,
6.27목,SK 와이번스,8,0,1,8,0,2,0,서울,28.2,0,60,,,,,,,,,
6.28금,SK 와이번스,7,0,0,5,3,0,0,대구,25.5,0,73,,,,,,,,,
6.30일,SK 와이번스,18,0,1,3,1,1,1,대구,29.8,0,56,,,,,,,,,
7.2화,SK 와이번스,9,2,1,7,0,0,1,인천,24.9,0,67,,,,,,,,,
7.3수,SK 와이번스,12,2,2,7,1,0,1,인천,23.8,0,83,,,,,,,,,
7.4목,SK 와이번스,12,3,1,4,0,1,1,인천,25.6,0,60,,,,,,,,,
7.5금,SK 와이번스,10,1,2,5,2,4,1,서울,32.3,0,37,,,,,,,,,
7.6토,SK 와이번스,8,0,0,3,2,1,1,서울,34.2,0,28,,,,,,,,,
7.7일,SK 와이번스,9,0,2,5,0,0,0,서울,29,0,35,,,,,,,,,
7.9화,SK 와이번스,5,0,1,11,1,0,0,대전,26.8,0,57,,,,,,,,,
7.11목,SK 와이번스,9,2,1,7,2,0,1,대전,22.7,0,93,,,,,,,,,
7.12금,SK 와이번스,9,0,1,4,2,1,0,인천,23.8,0,84,,,,,,,,,
7.13토,SK 와이번스,10,0,1,2,2,0,1,인천,24.8,0,77,,,,,,,,,
7.14일,SK 와이번스,6,1,3,9,1,0,1,인천,26.9,0,69,,,,,,,,,
7.16화,SK 와이번스,15,1,4,4,0,0,1,인천,26.6,0,74,,,,,,,,,
7.17수,SK 와이번스,13,1,1,4,1,2,1,인천,27,0,65,,,,,,,,,
7.18목,SK 와이번스,10,1,2,10,1,0,0,인천,28.9,0,59,,,,,,,,,
7.26금,SK 와이번스,14,1,0,2,1,0,1,부산,26.5,0,91,,,,,,,,,
7.27토,SK 와이번스,10,0,2,6,0,0,1,부산,26,6.9,100,,,,,,,,,
7.28일,SK 와이번스,10,0,0,6,1,0,1,부산,27.6,0,83,,,,,,,,,
7.30화,SK 와이번스,3,0,1,7,1,0,0,인천,27.7,0,86,,,,,,,,,
7.31수,SK 와이번스,4,0,0,8,0,1,0,인천,25.4,0,98,,,,,,,,,
8.1목,SK 와이번스,12,3,0,7,0,0,1,인천,27.5,0,86,,,,,,,,,
8.3토,SK 와이번스,10,0,0,4,0,0,1,대전,31.1,0,71,,,,,,,,,
8.4일,SK 와이번스,5,0,0,6,1,0,0,대전,31.6,0,78,,,,,,,,,
8.6화,SK 와이번스,5,0,1,8,0,1,0,인천,33.7,0,57,,,,,,,,,
8.7수,SK 와이번스,9,0,0,1,1,0,1,인천,29.8,0,63,,,,,,,,,
8.8목,SK 와이번스,10,0,0,11,0,2,1,서울,30.1,0,65,,,,,,,,,
8.9금,SK 와이번스,9,0,1,4,0,0,0,서울,33,0,58,,,,,,,,,
8.10토,SK 와이번스,7,0,1,5,0,1,1,서울,35.4,0,44,,,,,,,,,
8.11일,SK 와이번스,9,0,3,8,0,0,0,서울,33.4,0,40,,,,,,,,,
8.13화,SK 와이번스,6,1,0,10,0,0,1,인천,31.2,0,69,,,,,,,,,
8.15목,SK 와이번스,11,1,1,8,0,1,1,광주,27.7,0,84,,,,,,,,,
8.16금,SK 와이번스,3,0,1,11,0,2,0,광주,28.8,0,74,,,,,,,,,
8.17토,SK 와이번스,3,0,0,5,1,1,0,창원,28.5,0,69,,,,,,,,,
8.18일,SK 와이번스,12,1,0,7,0,2,0,창원,29.1,0,67,,,,,,,,,
8.20화,SK 와이번스,10,1,1,5,1,0,1,인천,30.2,0,56,,,,,,,,,
8.21수,SK 와이번스,10,0,2,7,2,0,1,인천,27,0,80,,,,,,,,,
8.22목,SK 와이번스,13,0,1,7,2,1,1,인천,27.1,0,70,,,,,,,,,
8.23금,SK 와이번스,11,1,1,6,0,0,1,인천,27.4,0,58,,,,,,,,,
8.24토,SK 와이번스,8,0,1,5,0,0,1,인천,26.3,0,62,,,,,,,,,
8.25일,SK 와이번스,8,0,2,7,3,0,0,인천,26.9,0,60,,,,,,,,,
8.27화,SK 와이번스,8,1,0,8,0,1,0,서울,28.8,0,52,,,,,,,,,
8.28수,SK 와이번스,2,0,2,9,0,2,0,서울,28.1,0,56,,,,,,,,,
8.29목,SK 와이번스,11,0,0,7,0,1,0,대구,24.5,0,82,,,,,,,,,
8.30금,SK 와이번스,5,0,1,9,0,0,1,대구,28.8,0,50,,,,,,,,,
8.31토,SK 와이번스,14,0,2,7,1,2,0,인천,24.9,0,67,,,,,,,,,
9.1일,SK 와이번스,9,3,1,5,2,0,1,인천,25.4,0,66,,,,,,,,,
9.3화,SK 와이번스,13,1,2,6,0,0,1,인천,26,0,66,,,,,,,,,
9.8일,SK 와이번스,3,0,0,4,2,0,0,수원,25.1,0,90,,,,,,,,,
9.11수,SK 와이번스,5,1,2,7,0,1,0,인천,27,0,60,,,,,,,,,
9.12목,SK 와이번스,4,1,0,10,0,0,1,부산,21.6,0,73,,,,,,,,,
9.13금,SK 와이번스,3,0,0,4,0,0,0,부산,24.2,0,63,,,,,,,,,
9.14토,SK 와이번스,18,1,1,7,1,2,1,인천,23.3,0,89,,,,,,,,,
9.15일,SK 와이번스,9,3,1,8,0,1,0,인천,25.6,0,69,,,,,,,,,
9.18수,SK 와이번스,5,0,0,6,2,0,0,인천,20.9,0,34,,,,,,,,,
9.19목,SK 와이번스,9,1,0,10,1,1,0,인천,22.3,0,36,,,,,,,,,
9.19목,SK 와이번스,4,2,0,8,0,1,0,인천,22.3,0,36,,,,,,,,,
9.20금,SK 와이번스,9,0,2,9,1,0,0,인천,22.2,0,44,,,,,,,,,
9.24화,SK 와이번스,8,0,1,3,1,1,0,수원,22,0,46,,,,,,,,,
9.25수,SK 와이번스,6,1,0,4,0,0,1,인천,21.8,0,71,,,,,,,,,
9.27금,SK 와이번스,8,1,2,5,0,0,1,대구,24,0,74,,,,,,,,,
9.28토,SK 와이번스,13,3,1,9,1,2,0,대구,25.7,0,75,,,,,,,,,
9.29일,SK 와이번스,3,2,0,7,1,0,1,대전,24.7,0,62,,,,,,,,,
9.30월,SK 와이번스,9,1,1,9,1,1,1,대전,25.8,0,65,,,,,,,,,
10.14월,SK 와이번스,6,0,0,8,0,0,0,인천,14.5,0,49,,,,,,,,,
10.15화,SK 와이번스,8,3,1,6,0,1,0,인천,16.8,0,64,,,,,,,,,
10.17목,SK 와이번스,8,0,0,11,1,1,0,서울,18.5,0,42,,,,,,,,,
