day_text,team_text,H_text,HR_text,S_text,ST_text,DU_text,ER_text,result_text,location,temp,rain,humidity,,,,,,한화이글스,,,
4.7,한화 이글스,11,0,2,6,2,2,0,부산,10.7,0,41,,,행 레이블,평균 : H_text,평균 : HR_text,평균 : S_text,평균 : ST_text,평균 : DU_text,평균 : ER_text
4.8,한화 이글스,8,0,0,5,0,1,0,부산,10.7,0,41,,,5-15,8.253731343,0.671641791,0.552238806,7.507462687,1.044776119,0.895522388
4.11,한화 이글스,7,0,0,9,1,0,0,대전,16.4,0,64,,,15-25,8.988864143,0.750556793,0.614699332,7.416481069,0.79064588,0.739420935
4.12,한화 이글스,17,0,1,8,3,1,1,대전,13.9,0,29,,,25-35,9.590339893,0.844364937,0.610017889,6.980322004,0.871198569,0.66726297
4.13,한화 이글스,2,0,0,10,0,1,0,인천,9.5,0,69,,,35-45,10,0.8,0.4,7,0.8,0.4
4.14,한화 이글스,5,0,1,6,1,0,0,인천,11,0,77,,,총합계,9.259259259,0.794444444,0.607407407,7.194444444,0.848148148,0.710185185
4.15,한화 이글스,9,1,1,8,2,0,0,인천,13.8,0,52,,,,,,,,,
4.17,한화 이글스,11,1,2,6,2,1,1,대전,20.4,0,18,,,,,,,,,
4.18,한화 이글스,6,0,1,5,0,2,0,대전,22.3,0,23,,,,,,,,,
4.19,한화 이글스,8,1,0,3,1,0,0,대전,17.6,0,34,,,,,,,,,
4.2,한화 이글스,9,1,1,5,1,1,0,대전,19.5,0,45,,,,,,,,,
4.22,한화 이글스,10,2,1,6,3,0,0,대전,10.6,0,78,,,,,,,,,
4.24,한화 이글스,18,1,0,8,0,2,1,광주,23.6,0,46,,,,,,,,,
4.26,한화 이글스,13,0,0,3,1,0,1,광주,16.1,0,28,,,,,,,,,
4.27,한화 이글스,9,0,1,5,2,2,0,대전,21.8,0,22,,,,,,,,,
4.28,한화 이글스,6,0,0,9,0,0,0,대전,24.7,0,20,,,,,,,,,
4.29,한화 이글스,12,2,0,2,0,0,1,대전,20.2,0,42,,,,,,,,,
5.1,한화 이글스,9,0,0,3,2,0,0,서울,26.6,0,31,,,,,,,,,
5.2,한화 이글스,8,1,1,4,4,3,0,서울,25.5,0,43,,,,,,,,,
5.3,한화 이글스,6,0,0,3,1,0,1,서울,23.3,0,39,,,,,,,,,
5.4,한화 이글스,11,0,1,7,0,0,1,대구,28,0,24,,,,,,,,,
5.5,한화 이글스,7,0,0,6,0,0,0,대구,27.5,0,16,,,,,,,,,
5.6,한화 이글스,14,0,3,5,0,0,1,대구,24.9,0,15,,,,,,,,,
5.8,한화 이글스,8,1,1,1,2,0,1,대전,25.9,0,41,,,,,,,,,
5.9,한화 이글스,8,1,0,8,2,1,0,대전,26.1,0,26,,,,,,,,,
5.1,한화 이글스,5,0,0,8,1,1,0,대전,22.7,0,50,,,,,,,,,
5.11,한화 이글스,18,2,1,5,0,1,1,대전,18.3,0,56,,,,,,,,,
5.12,한화 이글스,8,0,0,5,0,0,0,대전,21.7,0,45,,,,,,,,,
5.13,한화 이글스,6,1,1,6,0,0,1,대전,22.7,0,38,,,,,,,,,
5.15,한화 이글스,7,0,1,3,1,4,0,서울,18.3,0,54,,,,,,,,,
5.16,한화 이글스,9,0,0,6,0,3,1,서울,18.2,0,63,,,,,,,,,
5.17,한화 이글스,13,0,2,8,1,1,1,서울,19.9,0,34,,,,,,,,,
5.18,한화 이글스,10,0,0,6,2,0,0,대전,24.2,0,32,,,,,,,,,
5.19,한화 이글스,9,1,1,9,0,0,0,대전,23.5,0,31,,,,,,,,,
5.2,한화 이글스,10,3,1,10,0,0,0,대전,27.2,0,29,,,,,,,,,
5.22,한화 이글스,12,0,1,5,0,2,0,광주,25.2,0,41,,,,,,,,,
5.23,한화 이글스,5,0,0,7,1,3,0,광주,26.4,0,33,,,,,,,,,
5.24,한화 이글스,5,2,0,9,1,0,0,광주,21.8,0,55,,,,,,,,,
5.25,한화 이글스,6,1,2,10,0,0,1,서울,23.9,0,36,,,,,,,,,
5.26,한화 이글스,8,1,0,6,0,1,1,서울,22.8,0,40,,,,,,,,,
5.27,한화 이글스,9,0,3,9,1,0,1,서울,21.1,0,57,,,,,,,,,
5.29,한화 이글스,6,1,0,13,0,0,0,대전,27.4,0,18,,,,,,,,,
5.3,한화 이글스,2,0,0,8,2,1,0,대전,20.2,0,69,,,,,,,,,
5.31,한화 이글스,11,0,0,5,2,1,0,대전,26.2,0,42,,,,,,,,,
6.1,한화 이글스,14,0,3,4,2,0,1,서울,24.9,0,28,,,,,,,,,
6.2,한화 이글스,11,2,1,4,1,1,0,서울,25.5,0,41,,,,,,,,,
6.5,한화 이글스,10,1,0,6,0,0,1,대전,28.7,0,48,,,,,,,,,
6.6,한화 이글스,5,0,1,5,0,0,1,대전,25.9,0,59,,,,,,,,,
6.7,한화 이글스,11,1,1,7,1,0,0,대전,28.1,0,42,,,,,,,,,
6.9,한화 이글스,6,1,0,7,1,1,0,대전,27.9,0,53,,,,,,,,,
6.1,한화 이글스,8,2,0,7,0,0,1,대전,29.1,0,50,,,,,,,,,
6.12,한화 이글스,9,0,0,5,0,1,0,대구,25.1,0,52,,,,,,,,,
6.13,한화 이글스,5,0,1,7,2,0,0,대구,23.7,0,54,,,,,,,,,
6.14,한화 이글스,8,0,0,10,1,0,0,대구,22.5,0,57,,,,,,,,,
6.15,한화 이글스,7,0,0,5,0,0,0,인천,25.6,0,60,,,,,,,,,
6.16,한화 이글스,7,0,0,6,0,0,0,인천,23.1,0,83,,,,,,,,,
6.17,한화 이글스,9,1,0,5,1,0,1,인천,24.2,0,68,,,,,,,,,
6.19,한화 이글스,5,1,0,4,0,1,1,대전,29.6,0,51,,,,,,,,,
6.2,한화 이글스,12,0,1,4,0,0,1,대전,28.1,0,44,,,,,,,,,
6.21,한화 이글스,11,0,2,4,2,3,0,대전,31.2,0,39,,,,,,,,,
6.22,한화 이글스,11,0,1,2,0,0,1,대전,29.7,0,44,,,,,,,,,
6.23,한화 이글스,8,0,1,7,0,0,1,대전,28.4,0,60,,,,,,,,,
6.24,한화 이글스,9,2,0,6,4,0,0,대전,27.1,0,60,,,,,,,,,
6.26,한화 이글스,4,0,0,12,1,1,0,부산,20.2,0,73,,,,,,,,,
6.27,한화 이글스,7,0,0,7,0,0,0,부산,19.8,0,76,,,,,,,,,
6.28,한화 이글스,6,1,0,6,2,1,0,부산,24.5,0,66,,,,,,,,,
6.29,한화 이글스,5,1,1,7,1,0,0,대전,29.3,0,55,,,,,,,,,
7.1일,한화 이글스,7,0,0,6,2,2,0,대전,27.3,0,62,,,,,,,,,
7.3화,한화 이글스,4,0,1,14,0,0,0,서울,21,16.5,92,,,,,,,,,
7.4수,한화 이글스,8,3,0,12,1,2,0,서울,24.9,0,76,,,,,,,,,
7.7토,한화 이글스,7,1,0,2,1,0,1,대전,28.6,0,56,,,,,,,,,
7.8일,한화 이글스,8,3,0,4,3,0,1,대전,30.2,0,65,,,,,,,,,
7.10화,한화 이글스,8,1,0,8,1,0,0,서울,28,0,49,,,,,,,,,
7.11수,한화 이글스,10,3,0,5,1,0,1,서울,24.2,0,80,,,,,,,,,
7.12목,한화 이글스,4,0,0,6,0,0,0,서울,27.3,0,62,,,,,,,,,
7.18수,한화 이글스,12,0,1,9,1,0,0,대전,28.8,0,78,,,,,,,,,
7.19목,한화 이글스,14,1,1,8,1,1,0,대전,26.9,0,82,,,,,,,,,
7.24화,한화 이글스,10,0,1,8,0,0,1,대전,32.6,0,62,,,,,,,,,
7.25수,한화 이글스,14,1,0,4,1,0,1,대전,31.9,0,68,,,,,,,,,
7.26목,한화 이글스,8,1,3,10,0,0,0,대전,31.7,0,65,,,,,,,,,
7.27금,한화 이글스,9,0,1,7,1,0,1,광주,31.8,0,63,,,,,,,,,
7.28토,한화 이글스,10,2,0,6,1,1,1,광주,33.4,0,53,,,,,,,,,
7.29일,한화 이글스,11,1,3,9,0,0,1,광주,32.5,0,58,,,,,,,,,
7.31화,한화 이글스,11,0,0,2,1,1,0,서울,30.4,0,59,,,,,,,,,
8.1,한화 이글스,12,1,1,6,1,0,1,서울,34.4,0,0,,,,,,,,,
8.2,한화 이글스,12,0,1,5,0,0,1,서울,34.6,0,0,,,,,,,,,
8.3,한화 이글스,11,1,0,8,0,2,1,대전,33.7,0,0,,,,,,,,,
8.4,한화 이글스,6,0,0,10,0,0,0,대전,34.1,0,0,,,,,,,,,
8.5,한화 이글스,7,0,1,11,0,0,0,대전,35.6,0,0,,,,,,,,,
8.7,한화 이글스,8,1,1,10,0,0,0,대전,33.5,0,0,,,,,,,,,
8.8,한화 이글스,6,0,2,7,1,0,0,대전,31.7,0,0,,,,,,,,,
8.9,한화 이글스,4,1,0,10,0,0,0,대전,29.4,0,0,,,,,,,,,
8.1,한화 이글스,5,0,0,11,1,0,1,서울,28.3,0,0,,,,,,,,,
8.11,한화 이글스,3,0,1,4,0,0,0,서울,30.1,0,0,,,,,,,,,
8.14,한화 이글스,6,1,0,14,0,0,0,대구,26.6,0,0,,,,,,,,,
8.15,한화 이글스,8,0,1,9,1,0,1,대구,31.8,0,0,,,,,,,,,
8.17,한화 이글스,5,0,1,10,1,0,0,대전,32.3,0,0,,,,,,,,,
8.18,한화 이글스,4,0,0,3,0,2,0,대전,29.7,0,0,,,,,,,,,
8.19,한화 이글스,7,0,2,4,0,1,1,대전,30.5,0,0,,,,,,,,,
8.22,한화 이글스,11,0,1,8,0,0,0,인천,23.1,0,0,,,,,,,,,
8.23,한화 이글스,7,1,0,4,1,2,0,인천,26,0,0,,,,,,,,,
8.25,한화 이글스,6,0,0,5,0,3,0,대전,29.4,0,0,,,,,,,,,
8.26,한화 이글스,5,0,0,3,2,0,0,대전,30.9,0,0,,,,,,,,,
8.29,한화 이글스,12,0,3,6,2,1,1,대전,28.2,0,0,,,,,,,,,
8.31,한화 이글스,8,0,1,3,1,0,1,광주,26.9,0,0,,,,,,,,,
9.1토,한화 이글스,5,0,0,11,0,0,1,광주,26.8,0,68,,,,,,,,,
9.2일,한화 이글스,4,0,0,10,0,0,0,대전,26.8,0,77,,,,,,,,,
9.5수,한화 이글스,6,0,2,9,0,0,1,대전,24.5,0,63,,,,,,,,,
9.6목,한화 이글스,5,1,2,8,0,0,1,대전,24,0,54,,,,,,,,,
9.7금,한화 이글스,8,0,1,9,1,1,0,부산,25.6,0,66,,,,,,,,,
9.8토,한화 이글스,5,0,1,10,0,0,0,부산,25.1,0,82,,,,,,,,,
9.10월,한화 이글스,4,0,0,7,0,0,0,부산,21.8,0,73,,,,,,,,,
9.11화,한화 이글스,11,3,1,6,0,0,1,대전,24.8,0,56,,,,,,,,,
9.12수,한화 이글스,12,0,4,7,0,0,1,대전,24.1,0,80,,,,,,,,,
9.14금,한화 이글스,9,0,5,9,1,0,1,서울,20.2,0,56,,,,,,,,,
9.15토,한화 이글스,4,1,3,11,0,0,0,서울,23.9,0,53,,,,,,,,,
9.16일,한화 이글스,13,0,2,4,2,0,1,서울,21.6,0,58,,,,,,,,,
9.18화,한화 이글스,9,0,0,6,2,1,0,대구,24.9,0,48,,,,,,,,,
9.19수,한화 이글스,10,1,4,3,1,0,1,대전,22.2,0,63,,,,,,,,,
9.20목,한화 이글스,10,0,2,9,1,1,1,서울,22.5,0,58,,,,,,,,,
9.21금,한화 이글스,3,1,2,8,1,0,1,대전,22.2,0,61,,,,,,,,,
9.24월,한화 이글스,3,1,0,6,1,0,0,서울,25.3,0,26,,,,,,,,,
9.25화,한화 이글스,8,0,0,6,1,0,1,서울,25.5,0,34,,,,,,,,,
9.26수,한화 이글스,3,0,0,9,2,1,0,서울,23.4,0,52,,,,,,,,,
9.27목,한화 이글스,3,0,0,10,0,0,0,인천,21.4,0,70,,,,,,,,,
9.28금,한화 이글스,3,0,0,5,0,3,0,대전,19.2,0.1,79,,,,,,,,,
9.29토,한화 이글스,3,0,1,10,0,1,0,대전,17.5,0,60,,,,,,,,,
10.1월,한화 이글스,8,0,1,10,0,1,0,대전,20.1,0,60,,,,,,,,,
10.2화,한화 이글스,10,1,1,6,0,0,1,대전,21,0,60,,,,,,,,,
10.3수,한화 이글스,10,0,3,7,0,2,0,대전,20.8,0,59,,,,,,,,,
4.2화,한화 이글스,11,0,1,8,1,2,0,광주,5.4,0,75,,,,,,,,,
4.3수,한화 이글스,5,0,0,3,3,0,0,광주,14.2,0,28,,,,,,,,,
4.4목,한화 이글스,10,0,0,10,1,1,0,광주,22.7,0,12,,,,,,,,,
4.5금,한화 이글스,10,0,0,7,0,0,0,서울,17.6,0,33,,,,,,,,,
4.7일,한화 이글스,3,0,0,10,2,1,0,서울,8.1,0,44,,,,,,,,,
4.9화,한화 이글스,8,1,0,8,2,0,0,대전,8.5,0,34,,,,,,,,,
4.10수,한화 이글스,6,0,1,10,0,0,0,대전,8.9,0,33,,,,,,,,,
4.11목,한화 이글스,8,0,1,12,0,1,0,대전,9.8,0,28,,,,,,,,,
4.12금,한화 이글스,5,0,0,5,2,0,0,서울,9.5,0,29,,,,,,,,,
4.13토,한화 이글스,9,0,1,7,1,1,0,서울,16.1,0,22,,,,,,,,,
4.14일,한화 이글스,5,0,0,7,2,1,0,서울,8.4,0,16,,,,,,,,,
4.16화,한화 이글스,10,1,1,2,2,1,1,창원,18.6,0,73,,,,,,,,,
4.17수,한화 이글스,9,0,0,8,1,1,1,창원,13.7,0,68,,,,,,,,,
4.18목,한화 이글스,8,2,0,6,0,0,1,창원,17.5,0,61,,,,,,,,,
4.19금,한화 이글스,9,0,0,10,1,1,0,대전,16.3,0,27,,,,,,,,,
4.21일,한화 이글스,6,0,1,4,2,0,1,대전,13.9,0,28,,,,,,,,,
4.26금,한화 이글스,3,0,2,10,0,0,0,대전,16.3,0,29,,,,,,,,,
4.27토,한화 이글스,7,0,0,6,1,0,0,대전,11.4,0,68,,,,,,,,,
4.30화,한화 이글스,15,0,0,2,1,1,1,부산,17.7,0,26,,,,,,,,,
5.1수,한화 이글스,6,0,3,9,1,1,0,대전,17.3,0,47,,,,,,,,,
5.2목,한화 이글스,7,1,0,5,1,0,0,대전,17.9,0,43,,,,,,,,,
5.3금,한화 이글스,9,0,1,3,3,1,1,대전,16,0,50,,,,,,,,,
5.4토,한화 이글스,3,0,0,4,3,1,0,대전,19.3,0,51,,,,,,,,,
5.5일,한화 이글스,14,1,0,3,3,2,0,대전,21.5,0,35,,,,,,,,,
5.7화,한화 이글스,8,0,2,8,0,0,1,창원,17.2,0,58,,,,,,,,,
5.8수,한화 이글스,11,1,1,12,0,0,1,창원,19.5,0,40,,,,,,,,,
5.9목,한화 이글스,7,0,0,9,0,1,0,창원,20.8,0,73,,,,,,,,,
5.14화,한화 이글스,10,0,0,6,2,1,1,서울,23,0,44,,,,,,,,,
5.15수,한화 이글스,5,0,0,7,1,1,0,서울,21.9,0,48,,,,,,,,,
5.16목,한화 이글스,8,0,1,4,3,0,0,서울,27.5,0,24,,,,,,,,,
5.17금,한화 이글스,9,0,0,9,0,1,1,대전,24.4,0,40,,,,,,,,,
5.18토,한화 이글스,16,0,1,6,1,0,1,대전,22.8,0,53,,,,,,,,,
5.19일,한화 이글스,9,0,0,10,1,0,0,대전,18.5,0,89,,,,,,,,,
5.21화,한화 이글스,10,0,1,10,0,0,0,광주,25.8,0,34,,,,,,,,,
5.22수,한화 이글스,10,0,1,5,1,1,1,광주,27.2,0,43,,,,,,,,,
5.23목,한화 이글스,7,0,2,7,1,1,0,광주,29,0,41,,,,,,,,,
5.24금,한화 이글스,4,0,3,11,0,0,0,대전,27.4,0,43,,,,,,,,,
5.25토,한화 이글스,7,0,0,8,2,0,0,대전,30,0,40,,,,,,,,,
5.26일,한화 이글스,8,0,0,8,0,0,1,대전,26,0,57,,,,,,,,,
5.28화,한화 이글스,11,2,0,9,1,0,1,서울,20.1,0,86,,,,,,,,,
5.29수,한화 이글스,8,1,0,5,1,2,0,서울,15.5,0,88,,,,,,,,,
5.30목,한화 이글스,10,0,0,7,1,1,0,서울,23.5,0,32,,,,,,,,,
5.31금,한화 이글스,8,0,0,7,0,1,0,대전,24.5,0,52,,,,,,,,,
6.1토,한화 이글스,4,0,0,2,0,1,0,대전,24.4,0,50,,,,,,,,,
6.2일,한화 이글스,9,1,1,4,1,1,1,대전,28.2,0,41,,,,,,,,,
6.7금,한화 이글스,8,1,0,5,1,1,0,인천,25.2,0,62,,,,,,,,,
6.8토,한화 이글스,10,0,1,10,2,1,0,인천,26.4,0,67,,,,,,,,,
6.9일,한화 이글스,13,1,1,9,0,0,1,인천,28.6,0,51,,,,,,,,,
6.11화,한화 이글스,13,0,1,9,1,1,0,대전,23.2,0,78,,,,,,,,,
6.13목,한화 이글스,14,0,0,8,1,1,0,대전,25.3,0,70,,,,,,,,,
6.14금,한화 이글스,8,1,0,10,0,1,0,부산,21.5,0,98,,,,,,,,,
6.15토,한화 이글스,7,0,0,7,0,1,1,부산,24.2,0,74,,,,,,,,,
6.16일,한화 이글스,12,1,0,5,2,0,0,부산,23.3,0,80,,,,,,,,,
6.19수,한화 이글스,7,0,0,7,3,1,0,대전,28.4,0,72,,,,,,,,,
6.20목,한화 이글스,8,1,1,5,1,0,0,대전,29.6,0,55,,,,,,,,,
6.21금,한화 이글스,9,1,1,12,0,0,0,서울,29.6,0,49,,,,,,,,,
6.22토,한화 이글스,8,1,1,11,0,1,0,서울,25.7,0,66,,,,,,,,,
6.23일,한화 이글스,8,2,1,10,2,0,0,서울,25,0,52,,,,,,,,,
6.26수,한화 이글스,4,1,1,4,1,0,1,대전,27.7,0,71,,,,,,,,,
6.28금,한화 이글스,11,1,1,9,2,0,1,대전,28.8,0,69,,,,,,,,,
6.29토,한화 이글스,10,0,2,8,1,2,0,대전,30.5,0,60,,,,,,,,,
6.30일,한화 이글스,5,0,0,6,0,0,0,대전,31.1,0,56,,,,,,,,,
7.3수,한화 이글스,18,0,0,8,3,0,0,서울,28.4,0,54,,,,,,,,,
7.6토,한화 이글스,8,2,0,2,0,0,1,대전,29.4,0,68,,,,,,,,,
7.9화,한화 이글스,3,0,1,7,2,1,0,대전,29.7,0,75,,,,,,,,,
7.10수,한화 이글스,8,0,2,5,1,1,0,대전,31.2,0,74,,,,,,,,,
7.11목,한화 이글스,6,1,2,6,0,1,1,대전,29.7,0,73,,,,,,,,,
7.12금,한화 이글스,8,1,0,4,1,0,0,대구,31.2,0,53,,,,,,,,,
7.13토,한화 이글스,8,0,0,6,1,1,0,대구,29.9,0,69,,,,,,,,,
7.16화,한화 이글스,13,0,3,11,2,0,1,광주,29.7,0,50,,,,,,,,,
7.17수,한화 이글스,6,0,3,9,3,2,0,광주,28.2,0,67,,,,,,,,,
7.23화,한화 이글스,11,1,1,10,1,0,0,대전,27.3,0,95,,,,,,,,,
7.24수,한화 이글스,14,0,0,7,4,0,0,대전,28.4,0,77,,,,,,,,,
7.25목,한화 이글스,7,0,1,4,3,0,0,대전,29.3,0,71,,,,,,,,,
7.30화,한화 이글스,14,1,1,7,1,0,1,서울,26.8,0,70,,,,,,,,,
7.31수,한화 이글스,11,1,0,4,1,0,0,서울,26.8,0,72,,,,,,,,,
8.1목,한화 이글스,7,0,1,13,0,0,0,서울,31.5,0,57,,,,,,,,,
8.2금,한화 이글스,7,0,0,10,2,1,0,창원,27.5,0,81,,,,,,,,,
8.3토,한화 이글스,11,0,0,9,2,1,1,창원,28.7,0,76,,,,,,,,,
8.7수,한화 이글스,10,0,0,4,2,1,0,대전,33.5,0,64,,,,,,,,,
8.8목,한화 이글스,12,0,0,7,0,0,0,대구,36,0,43,,,,,,,,,
8.9금,한화 이글스,18,1,0,6,1,0,1,대구,35.9,0,46,,,,,,,,,
8.10토,한화 이글스,10,1,1,7,0,0,0,서울,29.1,0,72,,,,,,,,,
8.11일,한화 이글스,11,1,0,10,1,0,1,서울,32.2,0,55,,,,,,,,,
8.13화,한화 이글스,5,1,0,7,1,1,0,대전,32.5,0,59,,,,,,,,,
8.14수,한화 이글스,6,0,0,4,2,0,0,대전,32.2,0,59,,,,,,,,,
8.15목,한화 이글스,10,0,2,9,0,0,0,서울,31.2,0,61,,,,,,,,,
8.16금,한화 이글스,10,0,0,5,1,1,1,서울,30.7,0,61,,,,,,,,,
8.20화,한화 이글스,3,0,0,9,0,0,0,대전,31,0,45,,,,,,,,,
8.21수,한화 이글스,6,1,0,9,1,2,0,대전,31.4,0,73,,,,,,,,,
8.22목,한화 이글스,6,1,0,4,1,0,1,대전,29.9,0,82,,,,,,,,,
8.24토,한화 이글스,10,0,0,3,1,0,1,서울,30.2,0,30,,,,,,,,,
8.25일,한화 이글스,7,0,0,5,2,0,1,서울,30.7,0,29,,,,,,,,,
8.27화,한화 이글스,6,0,0,4,3,0,0,인천,26.8,0,76,,,,,,,,,
8.28수,한화 이글스,7,1,1,6,3,2,0,인천,27.3,0,85,,,,,,,,,
8.29목,한화 이글스,4,0,0,4,0,0,0,부산,28.9,0,68,,,,,,,,,
8.30금,한화 이글스,8,1,1,8,1,1,0,부산,26.1,0,72,,,,,,,,,
8.31토,한화 이글스,7,0,0,9,1,0,1,대전,27.3,0,61,,,,,,,,,
9.1일,한화 이글스,10,0,1,5,1,0,0,대전,26.4,0,64,,,,,,,,,
9.3화,한화 이글스,6,0,1,5,1,1,0,대전,23.5,0,59,,,,,,,,,
9.4수,한화 이글스,7,0,0,5,1,1,0,대전,24.7,0,54,,,,,,,,,
9.5목,한화 이글스,5,0,2,6,3,0,1,대전,22.6,0,73,,,,,,,,,
9.6금,한화 이글스,6,0,1,6,0,2,0,대전,18.7,0,93,,,,,,,,,
9.7토,한화 이글스,14,0,2,8,0,2,1,광주,25,0,63,,,,,,,,,
9.8일,한화 이글스,15,1,0,8,1,3,1,광주,26.3,0,49,,,,,,,,,
9.12목,한화 이글스,13,3,0,9,0,1,1,창원,25.7,0,68,,,,,,,,,
9.13금,한화 이글스,4,0,0,10,2,0,0,창원,28.3,0,69,,,,,,,,,
9.14토,한화 이글스,7,0,0,9,0,0,1,대전,23.7,0,86,,,,,,,,,
9.15일,한화 이글스,7,0,0,7,1,1,0,대전,24.8,0,77,,,,,,,,,
9.16월,한화 이글스,14,0,1,8,1,0,1,대전,23.7,0,46,,,,,,,,,
9.17화,한화 이글스,7,0,1,7,1,0,0,대전,25.2,0,57,,,,,,,,,
9.18수,한화 이글스,8,0,0,6,3,0,0,서울,29,0,43,,,,,,,,,
9.20금,한화 이글스,12,0,0,8,1,0,1,대전,25.7,0,72,,,,,,,,,
9.21토,한화 이글스,6,1,0,7,1,0,0,대전,25.9,0,67,,,,,,,,,
9.22일,한화 이글스,6,0,1,10,0,1,0,대전,22.8,0,68,,,,,,,,,
9.23월,한화 이글스,3,0,0,8,2,2,0,대구,26,0,45,,,,,,,,,
9.25수,한화 이글스,14,1,1,5,0,0,1,대전,20.7,0,70,,,,,,,,,
9.27금,한화 이글스,6,1,0,14,0,0,0,창원,21.9,0,51,,,,,,,,,
9.28토,한화 이글스,4,0,0,15,0,1,0,부산,23.2,0,60,,,,,,,,,
9.29일,한화 이글스,15,0,0,6,0,2,1,광주,22,0,92,,,,,,,,,
9.30월,한화 이글스,8,1,0,10,1,0,0,대전,23,0,86,,,,,,,,,
10.1화,한화 이글스,4,1,0,12,0,1,0,대전,24.3,0,74,,,,,,,,,
10.2수,한화 이글스,18,1,1,5,2,0,1,서울,20.3,0,36,,,,,,,,,
10.3목,한화 이글스,6,0,0,10,3,1,0,서울,18.5,0,51,,,,,,,,,
10.5토,한화 이글스,10,0,0,2,1,0,1,대전,21.6,0,70,,,,,,,,,
4.1화,한화 이글스,9,1,1,7,1,0,0,대전,21.4,0,25,,,,,,,,,
4.2수,한화 이글스,14,3,0,6,2,0,1,대전,22.1,0,29,,,,,,,,,
4.4금,한화 이글스,7,1,0,8,0,4,0,인천,7.3,0,56,,,,,,,,,
4.5토,한화 이글스,5,0,0,5,1,1,0,인천,6.7,0,69,,,,,,,,,
4.6일,한화 이글스,3,0,0,3,2,4,0,인천,8.3,0,71,,,,,,,,,
4.8화,한화 이글스,11,1,0,3,1,0,1,창원,16.7,0,20,,,,,,,,,
4.9수,한화 이글스,8,0,1,9,2,1,0,창원,18.3,0,34,,,,,,,,,
4.10목,한화 이글스,9,1,0,7,0,0,1,창원,15.5,0,52,,,,,,,,,
4.11금,한화 이글스,7,2,1,4,2,0,0,대전,18,0,53,,,,,,,,,
4.12토,한화 이글스,5,0,0,5,1,0,0,대전,17.9,0,60,,,,,,,,,
4.13일,한화 이글스,6,0,0,4,0,1,0,대전,19.8,0,32,,,,,,,,,
4.15화,한화 이글스,9,1,3,14,0,0,0,광주,18.7,0,54,,,,,,,,,
4.16수,한화 이글스,12,0,1,10,1,0,1,광주,20,0,17,,,,,,,,,
4.18금,한화 이글스,7,1,1,5,2,1,0,대전,20.1,0,57,,,,,,,,,
4.19토,한화 이글스,10,1,1,3,0,1,1,대전,16.2,0,50,,,,,,,,,
4.20일,한화 이글스,12,1,1,2,1,1,1,대전,20.3,0,43,,,,,,,,,
4.22화,한화 이글스,9,0,0,10,0,0,0,대전,21.2,0,26,,,,,,,,,
4.23수,한화 이글스,10,1,0,5,1,2,0,대전,23,0,29,,,,,,,,,
4.24목,한화 이글스,13,1,0,8,0,2,1,대전,24,0,29,,,,,,,,,
4.30수,한화 이글스,10,0,1,6,1,1,0,대전,19.4,0,61,,,,,,,,,
5.1목,한화 이글스,8,0,0,7,0,1,1,대전,20.7,0,51,,,,,,,,,
5.6화,한화 이글스,10,0,2,5,2,1,0,서울,16.7,0,29,,,,,,,,,
5.7수,한화 이글스,15,1,2,7,0,1,1,서울,18.9,0,37,,,,,,,,,
5.8목,한화 이글스,11,1,0,5,1,0,1,서울,16.1,0,73,,,,,,,,,
5.9금,한화 이글스,7,0,3,12,0,1,0,대전,22.3,0,37,,,,,,,,,
5.10토,한화 이글스,9,1,0,3,0,0,0,대전,24.8,0,31,,,,,,,,,
5.11일,한화 이글스,6,0,3,6,2,1,0,대전,21.1,0.1,58,,,,,,,,,
5.13화,한화 이글스,7,0,0,7,2,1,0,대구,29.3,0,20,,,,,,,,,
5.14수,한화 이글스,7,0,2,11,1,0,0,대구,21.7,0,48,,,,,,,,,
5.16금,한화 이글스,10,0,1,6,1,0,1,대전,24.2,0,36,,,,,,,,,
5.17토,한화 이글스,10,1,0,8,1,1,0,대전,25.1,0,38,,,,,,,,,
5.18일,한화 이글스,13,0,0,3,1,0,1,대전,26.4,0,24,,,,,,,,,
5.20화,한화 이글스,4,1,1,2,2,2,0,서울,27.5,0,30,,,,,,,,,
5.21수,한화 이글스,15,2,1,8,2,1,1,서울,22.6,0,57,,,,,,,,,
5.22목,한화 이글스,20,1,0,5,1,2,1,서울,26.4,0,37,,,,,,,,,
5.23금,한화 이글스,12,1,0,3,1,1,0,서울,24.8,0,65,,,,,,,,,
5.24토,한화 이글스,15,0,2,6,0,1,1,서울,22.2,0,70,,,,,,,,,
5.25일,한화 이글스,12,0,3,8,2,0,0,서울,19.1,0,97,,,,,,,,,
5.27화,한화 이글스,15,0,1,4,1,2,0,대전,28.7,0,35,,,,,,,,,
5.28수,한화 이글스,7,0,0,7,0,0,0,대전,25.5,0,52,,,,,,,,,
5.29목,한화 이글스,16,0,0,4,3,0,0,대전,30.5,0,39,,,,,,,,,
5.30금,한화 이글스,6,1,1,4,0,0,0,대전,31.6,0,31,,,,,,,,,
5.31토,한화 이글스,11,1,1,6,1,1,0,대전,31.9,0,37,,,,,,,,,
6.1일,한화 이글스,12,0,1,4,0,1,1,대전,26.5,0,63,,,,,,,,,
6.5목,한화 이글스,6,1,0,6,2,1,0,부산,19.7,0,83,,,,,,,,,
6.6금,한화 이글스,13,3,0,4,0,2,1,대전,27.6,0,54,,,,,,,,,
6.7토,한화 이글스,8,2,0,4,2,2,0,대전,25.4,0,69,,,,,,,,,
6.8일,한화 이글스,12,1,0,8,0,1,0,대전,25.4,0,67,,,,,,,,,
6.10화,한화 이글스,17,1,1,9,0,0,1,광주,25.9,0,56,,,,,,,,,
6.11수,한화 이글스,7,0,0,5,1,0,0,광주,24.8,0,54,,,,,,,,,
6.12목,한화 이글스,13,0,0,10,1,0,0,광주,23.8,0,57,,,,,,,,,
6.13금,한화 이글스,12,1,0,10,0,0,1,창원,22.1,0.5,76,,,,,,,,,
6.14토,한화 이글스,9,0,0,8,1,0,0,창원,25.5,0,55,,,,,,,,,
6.15일,한화 이글스,7,0,0,3,3,1,0,창원,25.9,0,48,,,,,,,,,
6.21토,한화 이글스,7,1,0,4,0,0,1,대전,23.8,0,75,,,,,,,,,
6.22일,한화 이글스,16,1,0,6,0,0,0,대전,27.6,0,68,,,,,,,,,
6.23월,한화 이글스,4,0,0,3,2,1,0,대전,22.5,1,90,,,,,,,,,
6.24화,한화 이글스,11,1,0,5,2,1,1,대전,25.8,0,67,,,,,,,,,
6.25수,한화 이글스,10,0,0,8,1,2,0,대전,27.6,0,61,,,,,,,,,
6.26목,한화 이글스,16,1,1,7,2,2,0,대전,29.5,0,52,,,,,,,,,
6.27금,한화 이글스,9,1,1,5,1,0,1,대구,31.7,0,32,,,,,,,,,
6.28토,한화 이글스,12,0,0,6,1,1,0,대구,31.3,0,25,,,,,,,,,
6.29일,한화 이글스,10,2,0,5,2,1,0,대구,28.5,0,39,,,,,,,,,
7.1화,한화 이글스,5,0,0,6,1,2,0,서울,30.4,0,56,,,,,,,,,
7.2수,한화 이글스,6,0,0,3,2,1,0,서울,26.7,0,76,,,,,,,,,
7.3목,한화 이글스,9,1,0,8,2,1,0,서울,24,0,76,,,,,,,,,
7.8화,한화 이글스,8,0,0,4,1,2,0,대전,29.4,0,74,,,,,,,,,
7.9수,한화 이글스,6,0,0,8,2,2,0,대전,28.3,0,80,,,,,,,,,
7.10목,한화 이글스,10,1,1,8,0,2,1,대전,30.8,0,50,,,,,,,,,
7.11금,한화 이글스,13,1,1,4,1,1,1,서울,29,0,60,,,,,,,,,
7.12토,한화 이글스,8,1,2,5,1,1,0,서울,26.6,0,71,,,,,,,,,
7.13일,한화 이글스,13,0,1,6,2,0,1,서울,26.3,0,74,,,,,,,,,
7.15화,한화 이글스,12,1,2,5,0,0,1,인천,27,0,83,,,,,,,,,
7.16수,한화 이글스,16,4,0,3,0,0,1,인천,27.2,0,84,,,,,,,,,
7.22화,한화 이글스,15,3,1,5,1,1,1,대전,28.6,0,76,,,,,,,,,
7.23수,한화 이글스,10,1,0,6,3,1,0,대전,28.5,0,78,,,,,,,,,
7.24목,한화 이글스,14,3,0,5,1,5,0,대전,29.2,0,84,,,,,,,,,
7.25금,한화 이글스,10,0,1,5,1,0,1,대전,33,0,61,,,,,,,,,
7.26토,한화 이글스,8,0,1,9,1,2,1,대전,25.5,0,69,,,,,,,,,
7.27일,한화 이글스,9,0,0,8,1,1,0,대전,28.8,0,63,,,,,,,,,
7.29화,한화 이글스,10,0,0,6,1,4,0,서울,29.2,0,63,,,,,,,,,
7.30수,한화 이글스,10,2,2,8,0,0,0,서울,33,0,55,,,,,,,,,
7.31목,한화 이글스,9,2,1,9,1,0,1,서울,30.4,1.5,82,,,,,,,,,
8.1금,한화 이글스,14,1,1,8,2,0,1,대전,30.9,0,67,,,,,,,,,
8.3일,한화 이글스,10,1,1,7,1,0,1,대전,26.9,0,89,,,,,,,,,
8.5화,한화 이글스,9,0,0,12,0,0,0,대전,29.8,0,74,,,,,,,,,
8.6수,한화 이글스,8,3,0,9,0,1,1,대전,27.6,0,85,,,,,,,,,
8.9토,한화 이글스,5,0,0,3,0,0,1,서울,29.1,0,38,,,,,,,,,
8.11월,한화 이글스,9,1,1,4,4,2,1,서울,26.9,0,68,,,,,,,,,
8.12화,한화 이글스,11,1,0,6,0,1,0,대전,28.7,0,69,,,,,,,,,
8.14목,한화 이글스,13,1,0,6,1,1,0,대전,21.5,0,96,,,,,,,,,
8.15금,한화 이글스,10,0,0,6,0,1,1,대전,26.6,0,87,,,,,,,,,
8.16토,한화 이글스,8,1,1,8,1,0,0,창원,25.7,0,77,,,,,,,,,
8.17일,한화 이글스,4,1,0,4,1,0,0,창원,24.2,0,74,,,,,,,,,
8.19화,한화 이글스,17,0,0,6,2,0,1,부산,24.1,0.5,98,,,,,,,,,
8.22금,한화 이글스,18,0,1,5,1,1,1,대전,27.2,0,74,,,,,,,,,
8.23토,한화 이글스,12,0,1,8,0,0,0,광주,28,0,56,,,,,,,,,
8.25월,한화 이글스,13,2,0,4,3,0,1,광주,26.5,0,79,,,,,,,,,
8.26화,한화 이글스,9,0,2,11,0,2,1,대전,28.2,0,77,,,,,,,,,
8.27수,한화 이글스,9,1,0,10,0,0,1,대전,24.8,0,79,,,,,,,,,
8.28목,한화 이글스,12,0,0,9,0,0,0,대전,26.7,0,64,,,,,,,,,
8.29금,한화 이글스,13,2,0,10,1,0,1,대전,26.6,0,61,,,,,,,,,
9.4목,한화 이글스,6,0,1,7,3,1,0,대구,27.7,0,46,,,,,,,,,
9.5금,한화 이글스,2,0,0,14,0,0,0,대구,29.5,0,35,,,,,,,,,
9.6토,한화 이글스,12,3,0,2,1,0,1,대전,27.7,0,60,,,,,,,,,
9.7일,한화 이글스,11,3,1,5,1,1,1,대전,27.1,0,69,,,,,,,,,
9.9화,한화 이글스,9,1,1,12,0,3,0,서울,24.6,0,44,,,,,,,,,
9.10수,한화 이글스,6,0,0,11,2,1,0,서울,26.5,0,42,,,,,,,,,
9.11목,한화 이글스,12,1,1,11,0,1,0,서울,26.7,0,49,,,,,,,,,
9.12금,한화 이글스,7,0,0,6,0,2,0,서울,21.2,0.1,84,,,,,,,,,
9.13토,한화 이글스,4,1,0,10,0,2,0,대전,25.4,0,60,,,,,,,,,
9.14일,한화 이글스,12,4,0,10,0,0,1,대전,24.9,0,53,,,,,,,,,
10.1수,한화 이글스,6,0,0,10,1,0,0,대전,21.4,0,73,,,,,,,,,
10.2목,한화 이글스,12,2,0,8,2,0,0,부산,21.6,0,72,,,,,,,,,
10.3금,한화 이글스,7,1,0,5,0,1,0,부산,21.4,0,58,,,,,,,,,
10.5일,한화 이글스,8,1,1,4,3,0,0,인천,20,0,51,,,,,,,,,
10.6월,한화 이글스,4,0,0,7,1,1,0,인천,18.5,0,70,,,,,,,,,
10.7화,한화 이글스,11,2,1,6,1,1,1,대전,18.9,0,56,,,,,,,,,
10.9목,한화 이글스,5,0,1,6,0,0,1,대전,20.4,0,64,,,,,,,,,
10.10금,한화 이글스,14,0,0,11,2,0,0,대전,22.8,0,54,,,,,,,,,
10.11토,한화 이글스,6,2,0,6,0,0,0,부산,19.5,0,68,,,,,,,,,
10.12일,한화 이글스,5,0,1,7,0,1,0,부산,19.9,0,79,,,,,,,,,
10.13월,한화 이글스,8,0,0,8,0,3,0,대전,17.6,0,61,,,,,,,,,
10.17금,한화 이글스,6,2,0,8,3,3,0,광주,19.3,0,26,,,,,,,,,
4.1수,한화 이글스,7,0,0,9,0,0,0,대전,10.7,0,83,,,,,,,,,
4.2목,한화 이글스,7,0,0,11,1,1,1,대전,17.9,0,72,,,,,,,,,
4.3금,한화 이글스,8,1,0,8,1,1,0,창원,16.6,0,71,,,,,,,,,
4.5일,한화 이글스,8,0,0,6,2,0,0,창원,11.4,0,86,,,,,,,,,
4.7화,한화 이글스,14,0,1,6,1,0,1,대전,10.6,0,69,,,,,,,,,
4.8수,한화 이글스,7,0,1,7,1,1,0,대전,12.7,0,53,,,,,,,,,
4.9목,한화 이글스,7,1,0,9,0,1,1,대전,15.2,0,44,,,,,,,,,
4.10금,한화 이글스,14,1,0,12,2,0,0,부산,12.9,0,59,,,,,,,,,
4.11토,한화 이글스,8,2,2,6,1,1,1,부산,13.3,0,68,,,,,,,,,
4.12일,한화 이글스,5,3,0,11,0,2,0,부산,13.7,0,60,,,,,,,,,
4.14화,한화 이글스,12,2,0,7,0,1,1,대전,10.7,0,71,,,,,,,,,
4.15수,한화 이글스,9,0,0,7,1,0,0,대전,16.9,0,54,,,,,,,,,
4.17금,한화 이글스,14,1,0,5,0,1,1,대전,16.4,0,28,,,,,,,,,
4.18토,한화 이글스,8,1,1,3,0,0,1,대전,20,0,33,,,,,,,,,
4.21화,한화 이글스,4,0,1,9,0,2,0,서울,18.4,0,21,,,,,,,,,
4.22수,한화 이글스,5,1,3,8,0,0,1,서울,18.2,0,39,,,,,,,,,
4.23목,한화 이글스,6,1,1,8,1,1,0,서울,17.5,0,26,,,,,,,,,
4.24금,한화 이글스,7,1,0,4,1,1,1,대전,22,0,43,,,,,,,,,
4.25토,한화 이글스,11,0,1,7,0,2,1,대전,23,0,21,,,,,,,,,
4.26일,한화 이글스,8,0,0,2,0,1,1,대전,23.4,0,27,,,,,,,,,
4.29수,한화 이글스,9,2,0,5,2,0,0,광주,19.2,0,72,,,,,,,,,
4.30목,한화 이글스,8,1,3,9,1,0,1,광주,23.6,0,53,,,,,,,,,
5.1금,한화 이글스,9,2,0,8,0,4,1,대전,25.8,0,60,,,,,,,,,
5.2토,한화 이글스,6,2,0,4,0,0,1,대전,25.4,0,58,,,,,,,,,
5.3일,한화 이글스,10,0,0,6,1,2,0,대전,20.7,0,82,,,,,,,,,
5.5화,한화 이글스,13,3,0,7,1,1,1,대전,18.7,0,29,,,,,,,,,
5.6수,한화 이글스,6,2,0,12,0,1,0,대전,21.4,0,38,,,,,,,,,
5.7목,한화 이글스,8,1,0,5,1,1,0,대전,22.4,0,36,,,,,,,,,
5.8금,한화 이글스,13,0,1,9,1,0,1,서울,19.7,0,58,,,,,,,,,
5.9토,한화 이글스,7,0,0,6,0,2,0,서울,21.4,0,48,,,,,,,,,
5.10일,한화 이글스,7,0,0,5,2,0,0,서울,23.7,0,29,,,,,,,,,
5.12화,한화 이글스,10,1,2,11,1,0,1,대구,21.7,0,32,,,,,,,,,
5.13수,한화 이글스,8,0,0,6,2,1,0,대구,27.2,0,22,,,,,,,,,
5.14목,한화 이글스,9,2,3,11,0,2,1,대구,28.4,0,45,,,,,,,,,
5.15금,한화 이글스,5,1,0,5,0,1,0,대전,20.7,0,82,,,,,,,,,
5.16토,한화 이글스,10,0,0,2,2,2,0,대전,24.4,0,18,,,,,,,,,
5.17일,한화 이글스,13,1,0,6,0,1,1,대전,25.5,0,24,,,,,,,,,
5.19화,한화 이글스,8,2,1,12,0,5,0,인천,13.9,0.4,99,,,,,,,,,
5.20수,한화 이글스,9,0,1,10,0,1,0,인천,19.3,0,63,,,,,,,,,
5.21목,한화 이글스,10,2,0,7,0,0,1,인천,18,0,70,,,,,,,,,
5.22금,한화 이글스,11,2,0,6,0,0,1,수원,21.8,0,43,,,,,,,,,
5.23토,한화 이글스,11,0,2,5,2,1,1,수원,24.3,0,29,,,,,,,,,
5.24일,한화 이글스,7,0,0,4,1,0,0,수원,22.4,0,24,,,,,,,,,
5.26화,한화 이글스,7,1,0,13,0,1,0,대전,29,0,25,,,,,,,,,
5.27수,한화 이글스,12,0,0,3,3,2,1,대전,29.7,0,18,,,,,,,,,
5.28목,한화 이글스,3,0,1,7,2,0,1,대전,30.3,0,28,,,,,,,,,
5.29금,한화 이글스,3,0,0,12,1,0,0,부산,24.7,0,54,,,,,,,,,
5.30토,한화 이글스,6,1,1,6,0,4,1,부산,19.4,0,95,,,,,,,,,
5.31일,한화 이글스,6,2,0,8,0,0,0,부산,21,0,71,,,,,,,,,
6.2화,한화 이글스,15,4,2,12,0,0,0,서울,26.1,0,31,,,,,,,,,
6.3수,한화 이글스,5,1,2,10,0,1,1,서울,28.8,0,16,,,,,,,,,
6.4목,한화 이글스,8,2,1,5,3,2,0,서울,26.2,0,28,,,,,,,,,
6.5금,한화 이글스,10,1,0,11,0,3,1,대전,19.4,0,55,,,,,,,,,
6.6토,한화 이글스,11,0,1,8,1,0,1,대전,28.3,0,37,,,,,,,,,
6.7일,한화 이글스,9,0,2,8,1,1,0,대전,30.1,0,38,,,,,,,,,
6.9화,한화 이글스,10,2,0,9,0,1,1,대구,29.5,0,31,,,,,,,,,
6.10수,한화 이글스,9,2,2,4,0,0,1,대구,30.5,0,34,,,,,,,,,
6.11목,한화 이글스,9,1,0,8,0,0,1,대구,23.9,0,66,,,,,,,,,
6.12금,한화 이글스,10,0,1,13,0,4,0,대전,28.4,0,40,,,,,,,,,
6.13토,한화 이글스,10,0,2,5,2,0,1,대전,31,0,39,,,,,,,,,
6.14일,한화 이글스,13,0,0,10,1,2,1,대전,26.5,0,58,,,,,,,,,
6.16화,한화 이글스,9,4,0,4,0,1,1,대전,28.9,0,63,,,,,,,,,
6.17수,한화 이글스,11,0,0,10,0,0,0,대전,22.5,0,93,,,,,,,,,
6.18목,한화 이글스,12,0,0,7,1,1,0,대전,28.6,0,48,,,,,,,,,
6.19금,한화 이글스,6,1,0,11,0,1,0,창원,23.6,0,63,,,,,,,,,
6.20토,한화 이글스,8,0,0,11,2,1,0,창원,19.6,0,86,,,,,,,,,
6.21일,한화 이글스,4,0,0,5,2,1,0,창원,21.6,0,78,,,,,,,,,
6.23화,한화 이글스,4,1,0,4,0,0,1,대전,29.5,0,47,,,,,,,,,
6.26금,한화 이글스,12,2,1,5,2,1,1,인천,22.9,0,76,,,,,,,,,
6.27토,한화 이글스,13,2,1,11,0,2,0,인천,26.9,0,70,,,,,,,,,
6.28일,한화 이글스,9,1,0,9,2,0,1,인천,25.2,0,81,,,,,,,,,
7.1수,한화 이글스,5,0,0,8,2,1,0,광주,25,0,62,,,,,,,,,
7.2목,한화 이글스,13,0,2,4,1,0,1,광주,26.2,0,66,,,,,,,,,
7.3금,한화 이글스,13,1,0,6,0,1,1,대전,26,0,44,,,,,,,,,
7.4토,한화 이글스,9,0,0,5,2,0,1,대전,28.5,0,41,,,,,,,,,
7.8수,한화 이글스,7,0,1,10,0,1,0,대전,22.8,0,92,,,,,,,,,
7.9목,한화 이글스,12,2,0,8,0,2,0,대전,23.8,0,85,,,,,,,,,
7.10금,한화 이글스,8,0,1,12,0,1,1,서울,33.6,0,46,,,,,,,,,
7.11토,한화 이글스,9,1,1,7,1,1,1,서울,32.7,0,53,,,,,,,,,
7.14화,한화 이글스,13,0,1,9,0,1,1,대전,30.1,0,65,,,,,,,,,
7.15수,한화 이글스,13,2,1,7,2,2,0,대전,30.2,0,58,,,,,,,,,
7.16목,한화 이글스,8,0,1,9,2,0,0,대전,27.9,0,57,,,,,,,,,
7.21화,한화 이글스,11,0,1,3,0,0,1,수원,29.2,0,74,,,,,,,,,
7.22수,한화 이글스,8,0,0,12,0,0,0,수원,28,0,74,,,,,,,,,
7.24금,한화 이글스,7,0,0,7,0,1,0,대전,26.4,0,96,,,,,,,,,
7.25토,한화 이글스,8,0,0,13,1,0,1,대전,28.7,0,76,,,,,,,,,
7.26일,한화 이글스,6,2,2,6,1,0,0,대전,32.7,0,54,,,,,,,,,
7.28화,한화 이글스,15,1,1,6,2,0,1,서울,29.8,0,63,,,,,,,,,
7.29수,한화 이글스,8,0,0,6,0,0,0,서울,28.8,0,77,,,,,,,,,
7.30목,한화 이글스,7,0,0,10,1,0,1,서울,31.5,0,65,,,,,,,,,
7.31금,한화 이글스,7,0,0,13,1,1,0,대전,32.8,0,62,,,,,,,,,
8.1토,한화 이글스,17,0,2,8,0,2,0,대전,32.8,0,61,,,,,,,,,
8.2일,한화 이글스,5,0,0,4,2,0,0,대전,30.8,0,74,,,,,,,,,
8.4화,한화 이글스,8,1,1,9,1,0,0,인천,27,0,99,,,,,,,,,
8.5수,한화 이글스,8,0,2,9,2,0,0,인천,28.6,0,99,,,,,,,,,
8.6목,한화 이글스,13,0,0,6,1,0,1,대전,33.1,0,59,,,,,,,,,
8.7금,한화 이글스,17,0,2,10,1,0,0,대전,34.3,0,52,,,,,,,,,
8.8토,한화 이글스,8,2,0,6,1,0,1,대전,27.3,0,82,,,,,,,,,
8.9일,한화 이글스,8,1,0,5,1,0,1,대전,30.9,0,63,,,,,,,,,
8.11화,한화 이글스,9,1,0,11,0,0,1,수원,28.5,0,69,,,,,,,,,
8.12수,한화 이글스,18,1,0,10,0,0,1,수원,29.7,0,66,,,,,,,,,
8.13목,한화 이글스,9,0,0,5,1,1,0,서울,27.5,0,67,,,,,,,,,
8.14금,한화 이글스,8,1,0,7,0,1,0,서울,30.1,0,59,,,,,,,,,
8.15토,한화 이글스,6,0,3,12,0,0,0,대구,30.4,0,58,,,,,,,,,
8.16일,한화 이글스,8,0,0,8,0,1,0,대구,27.3,0,69,,,,,,,,,
8.18화,한화 이글스,2,1,0,10,1,0,0,대전,30.6,0,55,,,,,,,,,
8.19수,한화 이글스,5,0,0,6,1,0,0,대전,28.6,0,64,,,,,,,,,
8.20목,한화 이글스,5,2,0,11,0,0,0,대전,25.3,0,79,,,,,,,,,
8.21금,한화 이글스,15,4,0,6,0,0,1,대전,27.8,0,72,,,,,,,,,
8.22토,한화 이글스,10,0,0,4,0,0,1,광주,26,0,84,,,,,,,,,
8.23일,한화 이글스,7,1,1,6,0,2,0,광주,27.5,0,68,,,,,,,,,
8.26수,한화 이글스,16,4,1,17,1,1,1,대전,26.5,0,59,,,,,,,,,
8.27목,한화 이글스,4,0,0,7,1,0,0,창원,25.6,0,77,,,,,,,,,
8.28금,한화 이글스,14,3,0,8,2,0,1,창원,25.8,0,73,,,,,,,,,
8.29토,한화 이글스,7,0,2,9,1,1,0,서울,27.7,0,54,,,,,,,,,
8.30일,한화 이글스,12,1,3,5,3,0,0,서울,26.2,0,51,,,,,,,,,
9.1화,한화 이글스,12,3,1,12,0,0,1,대전,27.5,0,62,,,,,,,,,
9.2수,한화 이글스,12,2,0,9,2,3,0,대전,22,2,91,,,,,,,,,
9.3목,한화 이글스,12,0,0,10,0,1,0,대전,26.9,0,62,,,,,,,,,
9.4금,한화 이글스,14,2,0,6,0,0,0,대전,28.1,0,58,,,,,,,,,
9.5토,한화 이글스,10,2,0,5,2,0,1,대전,22,0,87,,,,,,,,,
9.6일,한화 이글스,9,2,0,9,1,0,1,대전,23.2,0,66,,,,,,,,,
9.8화,한화 이글스,12,1,0,16,1,2,0,서울,27.5,0,26,,,,,,,,,
9.9수,한화 이글스,4,0,0,10,0,1,0,서울,26.9,0,30,,,,,,,,,
9.10목,한화 이글스,5,1,0,7,3,1,0,대전,26.1,0,54,,,,,,,,,
9.11금,한화 이글스,11,0,0,9,1,0,0,대전,21.3,0,86,,,,,,,,,
9.12토,한화 이글스,3,1,0,8,0,2,0,부산,21.2,0,89,,,,,,,,,
9.13일,한화 이글스,12,2,0,5,1,0,1,부산,23.4,0,54,,,,,,,,,
9.15화,한화 이글스,9,0,0,6,2,0,1,광주,24.4,0,49,,,,,,,,,
9.16수,한화 이글스,5,1,1,11,0,1,0,광주,22.1,0,68,,,,,,,,,
9.17목,한화 이글스,10,1,0,8,1,1,0,대전,23.9,0,59,,,,,,,,,
9.18금,한화 이글스,5,2,0,10,0,0,0,대전,25.1,0,54,,,,,,,,,
9.19토,한화 이글스,15,2,0,2,1,0,1,대전,25.4,0,49,,,,,,,,,
9.20일,한화 이글스,13,0,0,12,1,0,0,대전,25.3,0,56,,,,,,,,,
9.25금,한화 이글스,8,1,0,5,2,0,1,대전,25.2,0,57,,,,,,,,,
9.26토,한화 이글스,14,2,0,4,2,1,1,대전,24.2,0,53,,,,,,,,,
9.28월,한화 이글스,2,0,0,10,1,0,0,창원,22.9,0,53,,,,,,,,,
9.29화,한화 이글스,11,3,0,8,0,0,1,대전,26.4,0,44,,,,,,,,,
9.30수,한화 이글스,17,2,0,9,0,0,1,대전,22.5,0,54,,,,,,,,,
10.1목,한화 이글스,11,0,0,16,0,1,0,서울,17.9,0,88,,,,,,,,,
10.2금,한화 이글스,7,0,2,10,1,0,1,서울,19.5,0,53,,,,,,,,,
10.3토,한화 이글스,8,0,0,7,1,0,0,수원,19.4,0,47,,,,,,,,,
4.1금,한화 이글스,13,0,0,10,1,2,0,서울,18.9,0,20,,,,,,,,,
4.2토,한화 이글스,13,0,0,9,0,2,0,서울,17.5,0,32,,,,,,,,,
4.5화,한화 이글스,13,0,1,1,1,2,1,대전,18.6,0,21,,,,,,,,,
4.6수,한화 이글스,11,2,1,5,1,1,0,대전,20.8,0,17,,,,,,,,,
4.7목,한화 이글스,12,2,0,10,0,1,0,대전,17.7,0,61,,,,,,,,,
4.8금,한화 이글스,5,1,0,9,1,1,0,창원,19.5,0,35,,,,,,,,,
4.9토,한화 이글스,7,0,0,8,3,0,0,창원,20,0,42,,,,,,,,,
4.10일,한화 이글스,6,0,0,12,0,1,1,창원,15.3,0,66,,,,,,,,,
4.12화,한화 이글스,9,0,0,7,3,0,0,대전,21.2,0,27,,,,,,,,,
4.13수,한화 이글스,15,0,1,12,1,2,0,대전,18.1,0,82,,,,,,,,,
4.14목,한화 이글스,5,0,0,10,2,2,0,대전,18.6,0,42,,,,,,,,,
4.15금,한화 이글스,9,0,0,4,4,3,0,대전,23.6,0,20,,,,,,,,,
4.17일,한화 이글스,7,0,1,11,2,0,0,대전,14.3,0,36,,,,,,,,,
4.19화,한화 이글스,8,1,0,11,0,1,0,부산,15.1,0,60,,,,,,,,,
4.20수,한화 이글스,10,1,0,3,1,1,0,부산,16.1,0,55,,,,,,,,,
4.21목,한화 이글스,13,0,2,10,0,1,1,부산,17.7,0,85,,,,,,,,,
4.22금,한화 이글스,7,1,0,6,0,0,0,서울,12.3,0,90,,,,,,,,,
4.23토,한화 이글스,6,1,0,9,0,0,0,서울,16.7,0,17,,,,,,,,,
4.24일,한화 이글스,4,1,0,9,0,5,0,서울,20.7,0,28,,,,,,,,,
4.26화,한화 이글스,6,1,0,5,1,0,1,대전,26.1,0,28,,,,,,,,,
4.28목,한화 이글스,9,0,2,7,0,3,1,대전,18.5,0,58,,,,,,,,,
4.29금,한화 이글스,15,3,0,6,1,0,1,대전,19,0,35,,,,,,,,,
4.30토,한화 이글스,7,0,0,7,0,4,0,대전,22.3,0,37,,,,,,,,,
5.1일,한화 이글스,8,1,1,8,1,0,1,대전,25.5,0,31,,,,,,,,,
5.3화,한화 이글스,5,1,2,6,1,0,1,인천,10.2,0,96,,,,,,,,,
5.4수,한화 이글스,7,1,0,6,1,0,0,인천,17.3,0,46,,,,,,,,,
5.5목,한화 이글스,13,3,1,7,1,5,0,인천,21.7,0,38,,,,,,,,,
5.6금,한화 이글스,10,0,0,9,0,1,0,수원,14.3,0,100,,,,,,,,,
5.7토,한화 이글스,12,2,3,6,2,1,0,수원,18.6,0,43,,,,,,,,,
5.8일,한화 이글스,4,1,0,9,1,1,0,수원,22.1,0,37,,,,,,,,,
5.11수,한화 이글스,13,0,0,7,1,3,1,대전,21.7,0,60,,,,,,,,,
5.12목,한화 이글스,6,0,0,10,0,0,0,대전,24,0,45,,,,,,,,,
5.13금,한화 이글스,6,0,0,6,0,1,0,광주,22.1,0,53,,,,,,,,,
5.14토,한화 이글스,5,0,0,6,2,1,0,광주,23,0,45,,,,,,,,,
5.15일,한화 이글스,18,0,3,7,2,0,0,광주,23.2,0,79,,,,,,,,,
5.17화,한화 이글스,9,2,1,11,1,0,0,대구,26.2,0,28,,,,,,,,,
5.18수,한화 이글스,6,0,0,5,0,0,0,대구,28.6,0,29,,,,,,,,,
5.19목,한화 이글스,10,4,1,5,0,1,1,대구,26.5,0,23,,,,,,,,,
5.20금,한화 이글스,12,2,1,6,1,0,1,대전,28.1,0,23,,,,,,,,,
5.22일,한화 이글스,11,3,1,5,1,0,0,대전,28.3,0,26,,,,,,,,,
5.24화,한화 이글스,5,0,0,8,0,1,0,서울,18.7,0,68,,,,,,,,,
5.25수,한화 이글스,14,2,0,5,1,1,0,서울,22.5,0,61,,,,,,,,,
5.26목,한화 이글스,13,0,0,5,1,0,1,서울,20.5,0,68,,,,,,,,,
5.27금,한화 이글스,16,0,2,9,0,1,1,대전,25.2,0,47,,,,,,,,,
5.28토,한화 이글스,12,1,0,6,0,2,1,대전,27,0,41,,,,,,,,,
5.29일,한화 이글스,10,2,1,6,1,0,1,대전,26.1,0,34,,,,,,,,,
5.31화,한화 이글스,14,1,0,5,2,0,1,대전,25.8,0,46,,,,,,,,,
6.1,한화 이글스,10,0,0,8,0,1,0,대전,26.6,0,44,,,,,,,,,
6.2,한화 이글스,10,1,1,3,2,0,1,대전,25.8,0,53,,,,,,,,,
6.3,한화 이글스,9,1,3,13,0,3,1,대구,28.4,0,27,,,,,,,,,
6.4,한화 이글스,12,1,0,9,0,2,1,대구,20.5,0,79,,,,,,,,,
6.5,한화 이글스,10,0,1,5,1,0,1,대구,22.7,0,58,,,,,,,,,
6.7,한화 이글스,8,2,0,6,1,0,1,대전,25.4,0,60,,,,,,,,,
6.8,한화 이글스,12,1,2,10,0,1,1,대전,24.9,0,63,,,,,,,,,
6.9,한화 이글스,5,1,0,10,2,3,0,대전,29.5,0,44,,,,,,,,,
6.1,한화 이글스,9,1,0,9,1,0,1,대전,29.1,0,55,,,,,,,,,
6.11,한화 이글스,8,0,0,5,1,0,0,대전,28.6,0,61,,,,,,,,,
6.12,한화 이글스,11,2,0,6,1,0,1,대전,26.8,0,72,,,,,,,,,
6.14,한화 이글스,7,2,0,9,0,1,0,수원,24,0,67,,,,,,,,,
6.16,한화 이글스,12,1,0,4,2,2,0,수원,22.1,0,74,,,,,,,,,
6.17,한화 이글스,11,3,1,7,0,1,1,대전,28.2,0,46,,,,,,,,,
6.18,한화 이글스,11,1,0,6,1,1,0,대전,29.2,0,48,,,,,,,,,
6.19,한화 이글스,9,1,1,2,0,2,0,대전,29.4,0,41,,,,,,,,,
6.21,한화 이글스,11,2,1,6,2,0,1,창원,23.2,0,92,,,,,,,,,
6.24,한화 이글스,7,1,0,11,1,0,0,대전,24.1,0,77,,,,,,,,,
6.25,한화 이글스,15,3,1,9,0,0,1,대전,26.6,0,52,,,,,,,,,
6.26,한화 이글스,12,1,0,10,0,1,0,대전,27.3,0,60,,,,,,,,,
6.28,한화 이글스,14,5,0,7,0,1,1,서울,28.6,0,42,,,,,,,,,
6.29,한화 이글스,9,0,0,9,2,0,0,서울,26.7,0,61,,,,,,,,,
6.3,한화 이글스,13,0,0,8,1,0,0,서울,26.1,0,73,,,,,,,,,
7.2토,한화 이글스,6,0,1,5,1,0,0,대전,25.4,0,81,,,,,,,,,
7.6수,한화 이글스,16,1,3,6,0,1,1,인천,23.8,0,94,,,,,,,,,
7.7목,한화 이글스,18,4,0,8,1,1,1,인천,26.2,0,75,,,,,,,,,
7.8금,한화 이글스,9,3,0,3,0,0,1,대전,30.9,0,63,,,,,,,,,
7.10일,한화 이글스,12,2,0,3,1,0,1,대전,31,0,66,,,,,,,,,
7.12화,한화 이글스,7,0,0,2,2,1,0,서울,28.8,0,54,,,,,,,,,
7.13수,한화 이글스,11,0,0,6,0,1,1,서울,28.8,0,64,,,,,,,,,
7.14목,한화 이글스,11,2,3,9,0,1,1,서울,30.1,0,57,,,,,,,,,
7.19화,한화 이글스,13,0,1,6,0,0,1,대전,30.2,0,67,,,,,,,,,
7.20수,한화 이글스,6,0,0,7,0,1,0,대전,29.2,0,71,,,,,,,,,
7.21목,한화 이글스,12,1,0,5,1,0,1,대전,30,0,69,,,,,,,,,
7.22금,한화 이글스,5,1,1,5,1,3,0,부산,25.7,0,74,,,,,,,,,
7.23토,한화 이글스,15,1,0,3,2,0,0,부산,26.2,0,78,,,,,,,,,
7.24일,한화 이글스,14,1,0,3,2,0,1,부산,27.9,0,88,,,,,,,,,
7.26화,한화 이글스,12,1,0,8,1,0,0,대전,33,0,58,,,,,,,,,
7.27수,한화 이글스,9,2,0,9,0,0,1,대전,31.2,0,67,,,,,,,,,
7.28목,한화 이글스,11,3,2,9,1,1,1,대전,30.8,0,55,,,,,,,,,
7.29금,한화 이글스,11,2,0,5,1,1,1,서울,28.1,0,76,,,,,,,,,
7.30토,한화 이글스,13,0,0,8,2,2,1,서울,31.2,0,53,,,,,,,,,
7.31일,한화 이글스,8,0,0,3,2,0,0,서울,30.4,0,66,,,,,,,,,
8.2,한화 이글스,16,0,1,4,0,0,0,광주,28.6,0,0,,,,,,,,,
8.3,한화 이글스,13,0,0,5,2,1,1,광주,25.5,5.4,0,,,,,,,,,
8.4,한화 이글스,14,0,0,7,1,2,0,광주,31.1,0,0,,,,,,,,,
8.5,한화 이글스,19,1,1,5,0,0,1,대전,34,0,0,,,,,,,,,
8.6,한화 이글스,7,0,0,6,0,0,0,대전,33.1,0,0,,,,,,,,,
8.7,한화 이글스,12,1,1,9,1,1,1,대전,30,0,0,,,,,,,,,
8.9,한화 이글스,15,0,1,4,0,0,1,대전,26.8,5.9,0,,,,,,,,,
8.1,한화 이글스,10,1,0,7,1,3,0,대전,32.7,0,0,,,,,,,,,
8.11,한화 이글스,10,1,0,6,2,0,1,부산,32,0,0,,,,,,,,,
8.12,한화 이글스,7,1,0,9,2,1,0,부산,31.4,0,0,,,,,,,,,
8.13,한화 이글스,9,0,0,10,0,0,0,광주,33.4,0,0,,,,,,,,,
8.14,한화 이글스,8,1,0,7,0,1,1,광주,31.5,0,0,,,,,,,,,
8.16,한화 이글스,5,1,1,8,1,0,0,대전,33.9,0,0,,,,,,,,,
8.17,한화 이글스,9,1,0,6,2,2,0,대전,33.1,0,0,,,,,,,,,
8.18,한화 이글스,11,1,0,2,3,1,1,서울,31.7,0,0,,,,,,,,,
8.19,한화 이글스,6,0,0,4,1,1,0,서울,26.7,10.5,0,,,,,,,,,
8.2,한화 이글스,14,1,0,6,0,3,0,수원,32.4,0,0,,,,,,,,,
8.21,한화 이글스,14,4,3,9,0,0,1,수원,32.6,0,0,,,,,,,,,
8.24,한화 이글스,10,2,1,6,3,1,0,대전,32.8,0,0,,,,,,,,,
8.25,한화 이글스,5,1,0,7,1,0,0,대전,31.2,0,0,,,,,,,,,
8.26,한화 이글스,9,1,2,9,0,2,1,대전,19.7,0,0,,,,,,,,,
8.27,한화 이글스,14,1,0,8,0,1,1,인천,26.8,0,0,,,,,,,,,
8.28,한화 이글스,13,2,1,6,0,0,1,인천,22.1,0,0,,,,,,,,,
8.3,한화 이글스,10,0,0,9,2,1,0,서울,21.9,0,0,,,,,,,,,
9.1,한화 이글스,3,0,0,9,1,1,0,대전,29.8,0,43,,,,,,,,,
9.2,한화 이글스,8,2,0,2,0,1,1,대전,22.4,0,87,,,,,,,,,
9.3,한화 이글스,22,1,0,11,1,0,1,서울,27.9,0,59,,,,,,,,,
9.4,한화 이글스,10,1,0,10,0,0,0,서울,27.5,0,68,,,,,,,,,
9.6,한화 이글스,15,1,0,9,0,0,0,창원,25.4,0,91,,,,,,,,,
9.7,한화 이글스,5,0,0,7,0,0,0,창원,24.8,0,93,,,,,,,,,
9.8,한화 이글스,7,0,0,9,0,0,1,대전,23.8,3.3,84,,,,,,,,,
9.9,한화 이글스,10,1,0,8,0,1,1,대전,26.9,0,63,,,,,,,,,
9.1,한화 이글스,16,2,0,4,0,1,1,대전,26.7,0,69,,,,,,,,,
9.11,한화 이글스,10,2,1,10,0,3,1,대전,25.7,0,64,,,,,,,,,
9.13,한화 이글스,10,0,0,13,1,2,1,대구,24.8,0,60,,,,,,,,,
9.14,한화 이글스,9,1,0,2,2,1,0,대구,26.3,0,57,,,,,,,,,
9.15,한화 이글스,10,0,0,4,0,2,1,대전,26.3,0,58,,,,,,,,,
9.16,한화 이글스,11,0,0,8,0,1,0,대전,22.4,0.3,93,,,,,,,,,
9.18,한화 이글스,7,0,1,10,2,0,0,대전,18.3,0,87,,,,,,,,,
9.19,한화 이글스,10,1,0,10,0,2,0,대전,21.5,0,67,,,,,,,,,
9.2,한화 이글스,9,2,0,6,2,0,0,대전,22.4,0,51,,,,,,,,,
9.22,한화 이글스,6,1,0,11,1,1,0,대전,23.2,0,62,,,,,,,,,
9.24,한화 이글스,17,0,0,7,0,0,1,서울,24.9,0,57,,,,,,,,,
9.25,한화 이글스,5,2,1,8,1,0,0,인천,23.5,0,73,,,,,,,,,
9.27,한화 이글스,10,1,0,9,1,0,1,대전,23.6,0,87,,,,,,,,,
9.28,한화 이글스,7,2,0,9,0,1,0,대전,23.6,0,80,,,,,,,,,
9.3,한화 이글스,11,1,0,4,0,2,1,창원,18.4,0,91,,,,,,,,,
10.2,한화 이글스,6,1,0,6,1,0,0,대전,22.6,0,83,,,,,,,,,
10.3,한화 이글스,20,1,0,2,3,0,1,서울,25.2,0,53,,,,,,,,,
10.5,한화 이글스,14,2,0,16,1,0,1,수원,21.7,0,77,,,,,,,,,
10.8,한화 이글스,10,1,1,8,2,0,1,대전,17.6,0,67,,,,,,,,,
4.1,한화 이글스,16,1,0,8,0,1,1,서울,11.7,0,51,,,,,,,,,
4.2,한화 이글스,8,1,2,9,0,2,0,서울,12.7,0,34,,,,,,,,,
4.4,한화 이글스,10,1,0,5,2,1,1,대전,20.8,0,24,,,,,,,,,
4.6,한화 이글스,8,1,0,7,2,1,0,대전,15.2,0,80,,,,,,,,,
4.7,한화 이글스,10,0,0,3,1,0,0,광주,21.3,0,61,,,,,,,,,
4.8,한화 이글스,12,0,0,7,1,0,1,광주,21,0,45,,,,,,,,,
4.9,한화 이글스,13,0,0,4,1,0,0,광주,19.2,0,62,,,,,,,,,
4.11,한화 이글스,14,1,1,7,0,2,1,대구,18.4,0,42,,,,,,,,,
4.12,한화 이글스,7,0,0,9,3,1,1,대구,18,0,15,,,,,,,,,
4.13,한화 이글스,4,1,0,10,1,2,0,대구,22,0,23,,,,,,,,,
4.14,한화 이글스,6,1,1,12,1,1,0,대전,18.5,0,57,,,,,,,,,
4.15,한화 이글스,13,0,0,8,0,1,0,대전,23.3,0,37,,,,,,,,,
4.16,한화 이글스,6,0,0,8,0,1,0,대전,26.6,0,17,,,,,,,,,
4.18,한화 이글스,6,0,0,4,2,0,1,대전,14.9,0,74,,,,,,,,,
4.19,한화 이글스,8,0,0,4,1,2,1,대전,17.3,0,33,,,,,,,,,
4.2,한화 이글스,7,0,1,10,0,0,0,대전,11.5,0,76,,,,,,,,,
4.21,한화 이글스,10,2,0,4,0,0,1,수원,14.7,0,56,,,,,,,,,
4.22,한화 이글스,17,0,2,7,2,2,0,수원,17.9,0,28,,,,,,,,,
4.23,한화 이글스,19,2,0,10,0,0,1,수원,17.3,0,32,,,,,,,,,
4.25,한화 이글스,6,1,0,7,0,0,0,부산,18.3,0,78,,,,,,,,,
4.26,한화 이글스,7,1,1,8,1,1,0,부산,14.8,0,83,,,,,,,,,
4.27,한화 이글스,11,0,1,6,1,0,1,부산,16.7,0,46,,,,,,,,,
4.28,한화 이글스,6,1,0,10,0,0,0,대전,19,0,35,,,,,,,,,
4.29,한화 이글스,9,0,1,9,0,3,0,대전,23,0,17,,,,,,,,,
4.3,한화 이글스,12,1,0,5,1,1,0,대전,23.2,0,54,,,,,,,,,
5.2,한화 이글스,13,0,5,6,0,0,1,인천,20.1,0,38,,,,,,,,,
5.3,한화 이글스,12,3,0,7,0,1,1,인천,21.6,0,42,,,,,,,,,
5.4,한화 이글스,10,0,1,8,1,0,0,인천,21.6,0,49,,,,,,,,,
5.5,한화 이글스,18,1,0,4,1,0,1,대전,23.2,0,61,,,,,,,,,
5.6,한화 이글스,14,3,0,5,2,0,1,대전,19.3,0,23,,,,,,,,,
5.7,한화 이글스,4,0,2,9,1,0,0,대전,23.2,0,16,,,,,,,,,
5.1,한화 이글스,5,0,1,8,1,1,0,대전,17.4,0,74,,,,,,,,,
5.11,한화 이글스,5,0,0,3,0,0,1,대전,24.6,0,54,,,,,,,,,
5.12,한화 이글스,9,0,0,8,0,0,1,서울,19.8,0,65,,,,,,,,,
5.13,한화 이글스,13,3,0,5,1,1,1,서울,14.8,0,82,,,,,,,,,
5.14,한화 이글스,9,0,0,5,0,0,0,서울,18.9,0,40,,,,,,,,,
5.16,한화 이글스,4,0,0,9,1,0,0,서울,21.2,0,47,,,,,,,,,
5.17,한화 이글스,12,0,1,2,1,1,1,서울,24.1,0,34,,,,,,,,,
5.18,한화 이글스,9,1,0,7,0,0,0,서울,24.8,0,32,,,,,,,,,
5.19,한화 이글스,8,0,0,10,2,0,0,대전,27,0,27,,,,,,,,,
5.2,한화 이글스,14,2,1,7,1,1,0,대전,26.1,0,34,,,,,,,,,
5.21,한화 이글스,14,2,0,11,1,1,0,대전,26.3,0,40,,,,,,,,,
5.23,한화 이글스,15,2,0,6,1,1,0,대전,24.5,0,55,,,,,,,,,
5.24,한화 이글스,6,1,0,3,0,0,0,대전,25.6,0,52,,,,,,,,,
5.25,한화 이글스,6,1,1,10,0,1,0,대전,23.4,0,41,,,,,,,,,
5.26,한화 이글스,15,0,0,10,0,2,0,창원,21.2,0,51,,,,,,,,,
5.27,한화 이글스,11,0,0,8,0,0,1,창원,22.2,0,43,,,,,,,,,
5.28,한화 이글스,12,1,2,8,0,0,1,창원,22,0,54,,,,,,,,,
5.3,한화 이글스,12,0,1,6,2,0,1,대전,28.8,0,40,,,,,,,,,
5.31,한화 이글스,7,1,0,8,0,0,1,대전,22.9,0,81,,,,,,,,,
6.1,한화 이글스,11,2,0,2,0,0,0,대전,25.2,0,55,,,,,,,,,
6.2,한화 이글스,13,0,1,4,0,0,1,대전,25.9,0,25,,,,,,,,,
6.3,한화 이글스,10,1,1,5,1,0,0,대전,24.7,0,28,,,,,,,,,
6.4,한화 이글스,8,0,0,4,1,0,0,대전,27.2,0,26,,,,,,,,,
6.7,한화 이글스,5,0,1,7,1,1,0,광주,17.1,0,94,,,,,,,,,
6.8,한화 이글스,11,0,0,4,2,1,0,광주,25,0,54,,,,,,,,,
6.9,한화 이글스,10,1,3,4,0,0,0,대전,25.8,0,36,,,,,,,,,
6.1,한화 이글스,11,0,1,4,1,0,1,대전,26.2,0,50,,,,,,,,,
6.11,한화 이글스,8,1,0,4,2,0,0,대전,28.7,0,25,,,,,,,,,
6.13,한화 이글스,17,0,0,7,1,0,1,인천,20.5,0,74,,,,,,,,,
6.14,한화 이글스,6,2,1,7,1,1,0,인천,21,0,75,,,,,,,,,
6.15,한화 이글스,8,0,0,5,1,0,0,인천,21.9,0,73,,,,,,,,,
6.16,한화 이글스,19,6,0,4,2,2,1,수원,27.6,0,52,,,,,,,,,
6.17,한화 이글스,12,3,1,12,0,0,1,수원,25.8,0,43,,,,,,,,,
6.18,한화 이글스,18,5,2,7,2,2,1,수원,26.2,0,48,,,,,,,,,
6.2,한화 이글스,9,1,0,5,0,0,1,대전,29.4,0,37,,,,,,,,,
6.21,한화 이글스,6,1,1,7,1,1,0,대전,27.1,0,57,,,,,,,,,
6.22,한화 이글스,16,5,0,8,0,0,1,대전,31.6,0,35,,,,,,,,,
6.23,한화 이글스,6,0,0,8,1,0,0,대구,30.1,0,40,,,,,,,,,
6.24,한화 이글스,8,1,0,3,3,2,0,대구,28.5,0,44,,,,,,,,,
6.27,한화 이글스,11,1,0,10,1,1,1,대전,28.2,0,58,,,,,,,,,
6.28,한화 이글스,12,0,0,8,1,1,0,대전,29.8,0,57,,,,,,,,,
6.29,한화 이글스,10,2,0,5,2,1,1,대전,30.4,0,53,,,,,,,,,
6.3,한화 이글스,16,3,0,7,0,1,1,대전,29.7,0,64,,,,,,,,,
7.1,한화 이글스,12,5,0,4,2,1,1,대전,24.8,0.1,96,,,,,,,,,
7.4,한화 이글스,9,2,0,6,0,0,0,서울,29.2,0,64,,,,,,,,,
7.5,한화 이글스,12,1,0,12,0,0,0,서울,31.4,0,55,,,,,,,,,
7.6,한화 이글스,13,3,1,10,2,1,0,서울,27.8,2,80,,,,,,,,,
7.8,한화 이글스,11,1,1,3,2,1,1,서울,26.5,0,81,,,,,,,,,
7.9,한화 이글스,5,0,0,2,0,1,0,서울,26.3,0,87,,,,,,,,,
7.11,한화 이글스,10,2,2,8,0,1,0,대전,29,0,81,,,,,,,,,
7.12,한화 이글스,10,0,1,7,0,1,0,대전,31.8,0,65,,,,,,,,,
7.13,한화 이글스,8,2,0,4,1,0,1,대전,32.1,0,63,,,,,,,,,
7.18,한화 이글스,9,0,0,7,3,1,0,대전,28.1,0,84,,,,,,,,,
7.19,한화 이글스,13,3,0,7,2,2,0,대전,31.8,0,66,,,,,,,,,
7.2,한화 이글스,8,2,0,8,0,1,0,대전,33,0,69,,,,,,,,,
7.21,한화 이글스,9,3,1,7,1,0,0,서울,31.8,0,69,,,,,,,,,
7.22,한화 이글스,10,0,0,4,2,0,0,서울,31.2,0,66,,,,,,,,,
7.23,한화 이글스,13,1,2,3,0,1,0,서울,28,0,82,,,,,,,,,
7.26,한화 이글스,12,2,1,6,3,2,0,부산,27.3,0,59,,,,,,,,,
7.27,한화 이글스,13,2,0,8,0,0,1,부산,26.9,0,64,,,,,,,,,
7.28,한화 이글스,10,1,2,6,0,0,1,대전,30.5,0,77,,,,,,,,,
7.29,한화 이글스,6,0,0,8,1,0,0,대전,28.2,0,81,,,,,,,,,
7.3,한화 이글스,7,0,0,9,1,1,0,대전,30.3,0,76,,,,,,,,,
8.1,한화 이글스,10,2,0,4,2,0,0,창원,28.5,0,86,,,,,,,,,
8.2,한화 이글스,9,3,0,4,1,0,1,창원,28.3,0,80,,,,,,,,,
8.3,한화 이글스,3,0,0,7,1,2,0,창원,31.3,0,69,,,,,,,,,
8.4,한화 이글스,15,0,2,5,0,0,1,대전,33.4,0,65,,,,,,,,,
8.5,한화 이글스,9,0,1,4,3,0,0,대전,34.9,0,61,,,,,,,,,
8.8,한화 이글스,6,0,0,9,0,0,0,서울,30.8,0,45,,,,,,,,,
8.9,한화 이글스,21,1,0,4,1,1,1,서울,30.2,0,56,,,,,,,,,
8.11,한화 이글스,11,2,1,4,2,0,1,대전,27.7,0,79,,,,,,,,,
8.12,한화 이글스,10,2,1,7,1,0,1,서울,31.4,0,48,,,,,,,,,
8.13,한화 이글스,8,1,0,9,0,1,0,서울,28.4,0,54,,,,,,,,,
8.16,한화 이글스,12,0,0,5,1,0,1,대전,27.6,0,85,,,,,,,,,
8.17,한화 이글스,6,0,0,5,1,0,0,창원,27,0,90,,,,,,,,,
8.18,한화 이글스,19,2,0,6,1,1,1,창원,27.4,0,89,,,,,,,,,
8.19,한화 이글스,5,1,0,4,0,0,1,대전,25,0,97,,,,,,,,,
8.2,한화 이글스,10,0,3,8,0,0,0,대전,27.9,0,79,,,,,,,,,
8.22,한화 이글스,7,1,0,6,0,0,1,수원,28.8,0,74,,,,,,,,,
8.23,한화 이글스,11,2,1,11,0,0,1,수원,29.3,0,85,,,,,,,,,
8.25,한화 이글스,10,1,0,6,0,1,1,대전,29.9,0,50,,,,,,,,,
8.26,한화 이글스,5,0,1,9,0,0,0,인천,26.2,0,48,,,,,,,,,
8.27,한화 이글스,5,1,1,8,0,4,0,인천,24.1,0,69,,,,,,,,,
8.29,한화 이글스,16,1,0,6,1,0,1,대전,22.5,0,50,,,,,,,,,
8.3,한화 이글스,11,1,0,11,0,1,0,대전,20.3,0,74,,,,,,,,,
8.31,한화 이글스,16,1,0,4,0,0,1,대전,24.9,0,55,,,,,,,,,
9.1,한화 이글스,4,1,0,12,0,0,0,대전,26.5,0,55,,,,,,,,,
9.2,한화 이글스,7,0,1,8,0,0,0,부산,23.6,0,54,,,,,,,,,
9.3,한화 이글스,7,1,0,6,1,1,0,부산,23.7,0,64,,,,,,,,,
9.5,한화 이글스,10,0,1,12,0,0,1,대전,21.8,0,84,,,,,,,,,
9.6,한화 이글스,11,2,1,9,1,1,0,대전,21.9,0,90,,,,,,,,,
9.7,한화 이글스,21,1,0,4,2,0,1,광주,25.1,0,75,,,,,,,,,
9.8,한화 이글스,6,1,0,9,0,1,0,광주,26.5,0,57,,,,,,,,,
9.9,한화 이글스,15,2,0,7,0,0,1,대전,25.2,0,73,,,,,,,,,
9.1,한화 이글스,9,1,0,4,0,1,0,대전,25,0,80,,,,,,,,,
9.12,한화 이글스,10,2,0,8,2,1,1,대구,27.4,0,40,,,,,,,,,
9.13,한화 이글스,6,1,0,7,1,1,0,대구,26.3,0,33,,,,,,,,,
9.14,한화 이글스,15,2,0,6,0,0,1,대전,25.3,0,54,,,,,,,,,
9.15,한화 이글스,8,1,0,7,0,1,1,대전,22.6,0,56,,,,,,,,,
9.16,한화 이글스,7,0,0,8,1,0,1,서울,24.7,0,46,,,,,,,,,
9.17,한화 이글스,5,0,0,7,1,0,0,서울,26.1,0,45,,,,,,,,,
9.2,한화 이글스,8,1,0,8,0,0,1,서울,22.7,0,38,,,,,,,,,
9.22,한화 이글스,2,0,1,11,0,0,0,대전,24.2,0,56,,,,,,,,,
9.23,한화 이글스,12,0,0,10,0,0,1,대전,24.2,0,73,,,,,,,,,
9.24,한화 이글스,12,1,0,3,2,0,1,광주,26.1,0,73,,,,,,,,,
9.26,한화 이글스,10,2,0,11,0,1,0,부산,22.8,0,74,,,,,,,,,
9.28,한화 이글스,8,0,1,3,1,1,0,대전,21.2,0,48,,,,,,,,,
9.29,한화 이글스,8,2,0,10,1,1,0,대전,18.8,0,44,,,,,,,,,
9.3,한화 이글스,8,0,0,9,3,2,0,대전,23.1,0,57,,,,,,,,,
10.1,한화 이글스,9,2,0,4,0,0,0,대전,15.9,0.7,94,,,,,,,,,
4.1일,한화 이글스,4,1,0,10,0,1,0,대전,10.5,0,23,,,,,,,,,
4.3화,한화 이글스,11,2,2,5,0,2,1,대전,5.1,0,36,,,,,,,,,
4.4수,한화 이글스,10,0,0,10,3,1,1,대전,11.2,0,51,,,,,,,,,
4.7토,한화 이글스,8,0,1,10,1,1,0,수원,10.6,0,33,,,,,,,,,
4.8일,한화 이글스,14,1,2,12,1,0,1,수원,14.7,0,54,,,,,,,,,
4.10화,한화 이글스,7,2,1,8,0,0,1,대전,14.4,0,70,,,,,,,,,
4.11수,한화 이글스,11,0,2,3,0,1,1,대전,10.5,0,23,,,,,,,,,
4.12목,한화 이글스,17,2,0,7,1,0,1,대전,13.9,0,29,,,,,,,,,
4.13금,한화 이글스,5,0,0,6,0,3,0,대전,11.6,0,67,,,,,,,,,
4.14토,한화 이글스,17,4,0,7,0,0,1,대전,19.5,0,27,,,,,,,,,
4.15일,한화 이글스,10,0,1,4,1,0,1,대전,22.7,0,24,,,,,,,,,
4.17화,한화 이글스,12,2,0,9,0,0,1,서울,18.3,0,25,,,,,,,,,
4.18수,한화 이글스,13,1,1,12,1,1,0,서울,19.6,0,23,,,,,,,,,
4.19목,한화 이글스,7,0,1,10,0,0,0,서울,19.2,0,28,,,,,,,,,
4.20금,한화 이글스,8,0,0,5,0,1,0,대전,19.5,0,45,,,,,,,,,
4.21토,한화 이글스,8,1,1,4,2,0,0,대전,13.5,0.5,86,,,,,,,,,
4.22일,한화 이글스,5,0,1,8,2,1,0,대전,10.6,0,78,,,,,,,,,
4.25수,한화 이글스,6,1,0,7,0,1,1,광주,16.2,0,94,,,,,,,,,
4.26목,한화 이글스,7,0,0,9,0,1,1,광주,16.1,0,28,,,,,,,,,
4.27금,한화 이글스,12,1,0,6,1,1,0,부산,18.5,0,31,,,,,,,,,
4.28토,한화 이글스,6,0,2,9,0,2,1,부산,20.7,0,57,,,,,,,,,
4.29일,한화 이글스,12,1,0,7,1,1,0,부산,17.4,0,76,,,,,,,,,
5.1화,한화 이글스,11,3,0,6,1,2,1,대전,24.5,0,61,,,,,,,,,
5.2수,한화 이글스,9,1,1,11,0,0,1,대전,16.3,0,78,,,,,,,,,
5.3목,한화 이글스,11,1,0,3,2,0,1,대전,13.2,0,57,,,,,,,,,
5.4금,한화 이글스,13,2,1,3,3,1,1,대구,21.2,0,13,,,,,,,,,
5.5토,한화 이글스,9,0,0,9,0,0,0,대구,25.3,0,23,,,,,,,,,
5.8화,한화 이글스,15,2,0,8,1,1,1,서울,20.7,0,40,,,,,,,,,
5.9수,한화 이글스,7,2,0,5,0,0,1,서울,20.6,0,41,,,,,,,,,
5.10목,한화 이글스,10,0,0,8,1,0,1,서울,18,0,61,,,,,,,,,
5.11금,한화 이글스,9,1,0,9,0,0,0,대전,21.7,0,31,,,,,,,,,
5.13일,한화 이글스,11,0,1,8,1,0,1,대전,21.2,0,69,,,,,,,,,
5.15화,한화 이글스,8,0,0,7,2,0,0,대전,27.2,0,61,,,,,,,,,
5.16수,한화 이글스,4,1,0,7,0,1,1,대전,26.5,0,79,,,,,,,,,
5.17목,한화 이글스,10,0,0,5,0,0,1,대전,26.2,0,84,,,,,,,,,
5.18금,한화 이글스,10,1,0,4,4,1,1,서울,17.5,0,79,,,,,,,,,
5.19토,한화 이글스,6,0,0,6,1,1,1,서울,24,0,34,,,,,,,,,
5.20일,한화 이글스,7,1,2,7,2,1,0,서울,22.2,0,22,,,,,,,,,
5.22화,한화 이글스,11,3,1,10,1,0,1,대전,19.2,0.2,84,,,,,,,,,
5.23수,한화 이글스,9,2,1,4,1,0,1,대전,22.1,0,33,,,,,,,,,
5.24목,한화 이글스,9,0,0,3,4,0,0,대전,23.3,0,36,,,,,,,,,
5.25금,한화 이글스,3,1,1,7,1,0,0,인천,19.9,0,44,,,,,,,,,
5.26토,한화 이글스,7,1,0,13,1,1,0,인천,23.1,0,52,,,,,,,,,
5.27일,한화 이글스,14,1,0,6,0,1,1,인천,20,0,47,,,,,,,,,
5.29화,한화 이글스,8,0,0,4,0,0,1,대전,26.6,0,60,,,,,,,,,
5.30수,한화 이글스,15,1,1,5,2,2,1,대전,24.8,0,71,,,,,,,,,
5.31목,한화 이글스,5,0,2,10,1,1,0,대전,26,0,46,,,,,,,,,
6.1금,한화 이글스,14,2,1,13,1,0,1,부산,22.2,0,59,,,,,,,,,
6.2토,한화 이글스,10,0,5,9,2,0,1,부산,23,0,66,,,,,,,,,
6.3일,한화 이글스,6,0,0,8,0,1,0,부산,22.5,0,66,,,,,,,,,
6.5화,한화 이글스,7,1,0,12,0,0,0,서울,27.1,0,40,,,,,,,,,
6.6수,한화 이글스,9,1,1,9,0,1,1,서울,26.6,0,52,,,,,,,,,
6.7목,한화 이글스,13,0,1,8,1,2,0,서울,25.6,0,57,,,,,,,,,
6.8금,한화 이글스,11,4,1,11,0,1,1,대전,25.6,0,63,,,,,,,,,
6.9토,한화 이글스,7,0,3,9,0,0,0,대전,24.8,0,59,,,,,,,,,
6.10일,한화 이글스,10,2,1,10,0,0,1,대전,23,0,63,,,,,,,,,
6.12화,한화 이글스,11,1,4,6,2,1,1,서울,24.9,0,53,,,,,,,,,
6.13수,한화 이글스,6,0,0,9,2,0,0,서울,23.4,0,63,,,,,,,,,
6.14목,한화 이글스,9,3,0,11,0,0,1,서울,24,0,61,,,,,,,,,
6.15금,한화 이글스,6,1,3,8,1,0,0,대전,24.9,0,47,,,,,,,,,
6.16토,한화 이글스,10,0,0,11,0,0,0,대전,27.6,0,44,,,,,,,,,
6.17일,한화 이글스,13,0,2,6,0,0,1,대전,28.8,0,47,,,,,,,,,
6.19화,한화 이글스,4,0,0,12,0,0,0,대전,20.9,0,91,,,,,,,,,
6.20수,한화 이글스,13,3,3,6,0,1,1,대전,28.4,0,47,,,,,,,,,
6.21목,한화 이글스,14,3,0,8,1,1,1,대전,29.1,0,30,,,,,,,,,
6.22금,한화 이글스,9,1,1,5,1,0,1,창원,24.9,0,52,,,,,,,,,
6.23토,한화 이글스,13,2,1,6,2,0,1,창원,25,0,66,,,,,,,,,
6.24일,한화 이글스,9,1,1,6,0,0,1,창원,29.4,0,52,,,,,,,,,
6.26화,한화 이글스,7,1,0,8,1,1,0,대전,26.4,0,90,,,,,,,,,
6.27수,한화 이글스,9,0,2,4,1,1,1,대전,28.6,0,69,,,,,,,,,
6.28목,한화 이글스,6,2,2,5,0,0,1,대전,24.5,0,84,,,,,,,,,
6.29금,한화 이글스,5,1,2,4,0,0,1,대전,30.1,0,60,,,,,,,,,
6.30토,한화 이글스,8,1,2,9,0,1,1,대전,24,0,98,,,,,,,,,
7.3화,한화 이글스,5,2,1,14,0,2,0,광주,24.5,0,83,,,,,,,,,
7.4수,한화 이글스,10,0,1,10,0,1,0,광주,25.2,0,81,,,,,,,,,
7.5목,한화 이글스,13,1,3,6,1,0,1,광주,25.1,0.5,94,,,,,,,,,
7.6금,한화 이글스,4,0,1,9,0,0,0,인천,20.8,1.2,95,,,,,,,,,
7.7토,한화 이글스,8,1,2,6,0,0,0,인천,26.3,0,61,,,,,,,,,
7.8일,한화 이글스,8,0,1,6,2,0,1,인천,26,0,82,,,,,,,,,
7.10화,한화 이글스,10,1,1,8,0,0,1,대전,26.2,0,74,,,,,,,,,
7.11수,한화 이글스,15,0,0,7,0,1,0,대전,26.9,0,83,,,,,,,,,
7.12목,한화 이글스,12,1,2,5,2,1,1,대전,28.1,0,72,,,,,,,,,
7.17화,한화 이글스,12,2,0,8,1,1,1,수원,28,0,72,,,,,,,,,
7.18수,한화 이글스,13,0,3,18,1,0,0,수원,28.7,0,76,,,,,,,,,
7.19목,한화 이글스,15,0,0,9,0,1,0,수원,23.9,0,93,,,,,,,,,
7.20금,한화 이글스,7,1,2,8,1,0,1,대구,32,0,49,,,,,,,,,
7.21토,한화 이글스,10,1,0,10,2,2,0,대구,30.1,0,63,,,,,,,,,
7.22일,한화 이글스,7,0,0,5,1,1,0,대구,29.1,0,68,,,,,,,,,
7.24화,한화 이글스,9,2,1,9,0,1,1,대전,32.6,0,62,,,,,,,,,
7.25수,한화 이글스,10,0,0,10,0,2,0,대전,31.9,0,68,,,,,,,,,
7.26목,한화 이글스,11,0,1,7,3,0,1,대전,31.7,0,65,,,,,,,,,
7.27금,한화 이글스,15,1,2,9,1,0,1,서울,30.1,0,59,,,,,,,,,
7.28토,한화 이글스,15,0,0,10,0,1,0,서울,31.4,0,55,,,,,,,,,
7.29일,한화 이글스,5,0,0,11,1,0,0,서울,31.7,0,57,,,,,,,,,
7.31화,한화 이글스,10,2,0,9,2,1,0,대전,33.6,0,58,,,,,,,,,
8.1수,한화 이글스,6,1,0,3,1,0,1,대전,37.4,0,41,,,,,,,,,
8.2목,한화 이글스,7,2,1,8,2,2,1,대전,37.2,0,45,,,,,,,,,
8.4토,한화 이글스,10,0,1,5,1,1,0,대전,32.9,0,67,,,,,,,,,
8.5일,한화 이글스,13,2,2,7,0,2,0,대전,33.6,0,61,,,,,,,,,
8.7화,한화 이글스,7,1,1,6,0,0,0,서울,34.6,0,50,,,,,,,,,
8.8수,한화 이글스,10,1,0,5,1,1,1,서울,34.5,0,45,,,,,,,,,
8.9목,한화 이글스,13,1,0,4,1,2,0,대전,33.1,0,65,,,,,,,,,
8.10금,한화 이글스,10,2,3,8,0,1,0,대전,33.7,0,60,,,,,,,,,
8.11토,한화 이글스,7,0,1,7,1,0,1,대전,32.1,0,60,,,,,,,,,
8.12일,한화 이글스,11,1,0,8,1,0,1,대전,32.4,0,66,,,,,,,,,
8.14화,한화 이글스,8,2,2,6,2,1,0,부산,30.6,0,65,,,,,,,,,
8.16목,한화 이글스,5,0,0,9,1,2,0,대구,25.5,0,72,,,,,,,,,
9.4화,한화 이글스,11,2,1,11,0,1,1,대전,25.4,0,64,,,,,,,,,
9.5수,한화 이글스,12,2,0,5,0,0,1,대전,26.5,0,52,,,,,,,,,
9.6목,한화 이글스,23,0,1,8,1,0,1,수원,25.6,0,70,,,,,,,,,
9.7금,한화 이글스,9,2,1,10,0,1,0,수원,23.9,0,42,,,,,,,,,
9.8토,한화 이글스,5,0,1,12,0,1,0,서울,25.7,0,38,,,,,,,,,
9.9일,한화 이글스,6,1,1,7,0,1,0,서울,26,0,35,,,,,,,,,
9.11화,한화 이글스,12,3,2,16,0,0,1,대구,21.2,0,56,,,,,,,,,
9.12수,한화 이글스,9,3,0,10,0,0,1,대구,22.5,0,65,,,,,,,,,
9.13목,한화 이글스,5,1,0,9,0,1,0,대전,23.1,0,78,,,,,,,,,
9.14금,한화 이글스,11,1,0,9,0,1,0,대전,22.6,0,89,,,,,,,,,
9.15토,한화 이글스,8,2,0,3,1,2,0,대전,23.5,0,92,,,,,,,,,
9.16일,한화 이글스,11,1,0,3,0,2,1,대전,23,0,83,,,,,,,,,
9.18화,한화 이글스,11,0,0,5,3,2,0,창원,24.5,0,91,,,,,,,,,
9.19수,한화 이글스,13,1,1,10,1,1,1,창원,23.1,0,93,,,,,,,,,
9.20목,한화 이글스,10,3,2,8,2,0,1,인천,19.4,0,81,,,,,,,,,
9.21금,한화 이글스,11,1,0,8,1,2,0,인천,21,0,79,,,,,,,,,
9.22토,한화 이글스,6,1,0,5,0,1,0,대전,23.5,0,54,,,,,,,,,
9.23일,한화 이글스,12,2,1,8,0,1,1,대전,21.7,0,52,,,,,,,,,
9.25화,한화 이글스,6,1,1,7,2,0,0,대전,21.4,0,47,,,,,,,,,
9.26수,한화 이글스,9,5,0,5,0,0,1,대전,20.7,0,62,,,,,,,,,
9.27목,한화 이글스,13,2,0,3,2,0,1,대전,21.9,0,50,,,,,,,,,
9.28금,한화 이글스,10,0,4,8,1,0,1,대전,19.6,0,72,,,,,,,,,
9.29토,한화 이글스,4,1,0,9,0,0,0,광주,21.9,0,61,,,,,,,,,
9.30일,한화 이글스,9,0,2,7,1,1,0,광주,18.5,0,55,,,,,,,,,
10.3수,한화 이글스,9,1,0,6,1,0,1,대전,19.9,0,56,,,,,,,,,
10.4목,한화 이글스,5,1,0,13,0,3,0,대전,22.6,0,59,,,,,,,,,
10.6토,한화 이글스,9,2,0,6,2,0,0,부산,21.7,0,74,,,,,,,,,
10.9화,한화 이글스,16,3,0,7,0,2,1,수원,17.2,0,61,,,,,,,,,
10.10수,한화 이글스,5,1,0,5,1,1,0,광주,13.9,0,54,,,,,,,,,
10.13토,한화 이글스,11,1,0,4,1,0,1,대전,15.4,0,62,,,,,,,,,
10.19금,한화 이글스,12,0,3,10,0,1,0,대전,15.1,0,59,,,,,,,,,
10.20토,한화 이글스,9,0,0,12,0,2,0,대전,16.1,0,51,,,,,,,,,
10.22월,한화 이글스,8,1,0,3,2,2,1,서울,17.3,0,43,,,,,,,,,
10.23화,한화 이글스,9,0,1,7,1,1,0,서울,14.5,0,71,,,,,,,,,
4.2화,한화 이글스,6,1,1,6,0,1,1,대전,11.3,0,18,,,,,,,,,
4.3수,한화 이글스,5,0,0,10,0,2,0,대전,11.9,0,28,,,,,,,,,
4.4목,한화 이글스,6,0,2,9,1,1,1,대전,14,0,24,,,,,,,,,
4.5금,한화 이글스,11,1,0,7,2,2,0,부산,17.1,0,58,,,,,,,,,
4.6토,한화 이글스,11,1,4,13,0,1,0,부산,15.7,0,62,,,,,,,,,
4.7일,한화 이글스,19,2,0,7,2,0,1,부산,10.5,4.8,88,,,,,,,,,
4.10수,한화 이글스,9,0,0,8,1,2,0,대전,9.9,0,68,,,,,,,,,
4.11목,한화 이글스,5,0,1,8,1,1,0,대전,14.2,0,39,,,,,,,,,
4.12금,한화 이글스,9,1,0,7,4,0,0,서울,14.9,0,29,,,,,,,,,
4.13토,한화 이글스,12,0,1,7,2,1,0,서울,15.4,0,18,,,,,,,,,
4.14일,한화 이글스,11,1,0,13,1,0,1,서울,12.7,0,24,,,,,,,,,
4.16화,한화 이글스,7,0,0,4,2,1,0,수원,19.9,0,22,,,,,,,,,
4.17수,한화 이글스,8,0,4,10,1,0,1,수원,17.4,0,51,,,,,,,,,
4.18목,한화 이글스,10,1,0,6,0,1,0,수원,13.5,0,86,,,,,,,,,
4.19금,한화 이글스,8,1,0,9,2,0,1,대전,15.4,0,60,,,,,,,,,
4.20토,한화 이글스,12,1,1,6,0,1,1,대전,21.9,0,48,,,,,,,,,
4.21일,한화 이글스,0,0,0,13,0,0,0,대전,20.4,0,66,,,,,,,,,
4.24수,한화 이글스,9,1,0,8,3,0,1,대전,20.4,0,78,,,,,,,,,
4.27토,한화 이글스,4,0,0,7,2,1,0,창원,12.7,0,56,,,,,,,,,
4.28일,한화 이글스,9,2,0,11,0,1,0,창원,13.8,0,48,,,,,,,,,
4.30화,한화 이글스,5,1,1,5,1,1,1,대전,21.5,0,65,,,,,,,,,
5.1수,한화 이글스,5,0,0,4,1,0,1,대전,21.9,0,41,,,,,,,,,
5.2목,한화 이글스,9,0,3,5,0,1,0,대전,21.3,0,43,,,,,,,,,
5.3금,한화 이글스,7,0,0,11,0,2,0,대전,26.1,0,29,,,,,,,,,
5.4토,한화 이글스,16,2,3,5,1,0,1,대전,26,0,29,,,,,,,,,
5.5일,한화 이글스,8,0,0,6,0,0,1,대전,25.8,0,26,,,,,,,,,
5.7화,한화 이글스,7,1,0,10,2,0,0,인천,15,0,44,,,,,,,,,
5.8수,한화 이글스,6,1,0,11,0,2,0,인천,14.7,0,69,,,,,,,,,
5.9목,한화 이글스,10,3,1,10,0,1,1,인천,15.9,0,56,,,,,,,,,
5.10금,한화 이글스,8,0,1,11,0,1,1,서울,22.1,0,38,,,,,,,,,
5.11토,한화 이글스,8,0,3,6,0,0,0,서울,25.8,0,27,,,,,,,,,
5.12일,한화 이글스,2,0,0,6,1,0,0,서울,26.6,0,29,,,,,,,,,
5.14화,한화 이글스,8,2,2,5,0,0,1,대전,26.9,0,44,,,,,,,,,
5.15수,한화 이글스,9,2,1,9,1,1,1,대전,27.6,0,43,,,,,,,,,
5.16목,한화 이글스,18,2,1,8,1,0,1,대전,28.8,0,41,,,,,,,,,
5.17금,한화 이글스,4,0,1,10,0,0,0,대전,26.5,0,43,,,,,,,,,
5.18토,한화 이글스,7,1,1,2,0,0,1,대전,19.8,0,82,,,,,,,,,
5.19일,한화 이글스,4,0,0,10,0,3,0,대전,22.8,0,79,,,,,,,,,
5.21화,한화 이글스,5,2,0,10,0,0,0,대구,24.7,0,19,,,,,,,,,
5.22수,한화 이글스,12,2,1,9,3,0,0,대구,28.6,0,15,,,,,,,,,
5.23목,한화 이글스,7,0,2,6,1,1,0,대구,29.9,0,17,,,,,,,,,
5.24금,한화 이글스,9,0,4,3,0,0,1,서울,30.4,0,40,,,,,,,,,
5.25토,한화 이글스,16,0,1,3,1,1,0,서울,27.1,0,31,,,,,,,,,
5.26일,한화 이글스,7,0,2,7,0,1,0,서울,27.1,0,23,,,,,,,,,
5.28화,한화 이글스,9,0,0,5,1,1,1,대전,23.5,0,39,,,,,,,,,
5.29수,한화 이글스,5,0,1,10,1,2,0,대전,26.7,0,24,,,,,,,,,
5.30목,한화 이글스,7,0,0,7,1,0,0,대전,22.4,0,35,,,,,,,,,
5.31금,한화 이글스,6,1,0,1,1,1,0,인천,19.3,0,53,,,,,,,,,
6.1토,한화 이글스,8,1,1,9,0,1,1,인천,18.9,0,59,,,,,,,,,
6.2일,한화 이글스,6,0,0,11,1,1,0,인천,23,0,46,,,,,,,,,
6.4화,한화 이글스,7,0,1,9,1,0,0,부산,24.9,0,69,,,,,,,,,
6.5수,한화 이글스,9,0,1,11,0,2,1,부산,24.6,0,49,,,,,,,,,
6.6목,한화 이글스,8,0,1,9,0,0,1,부산,23.5,0,76,,,,,,,,,
6.7금,한화 이글스,6,0,1,6,0,0,1,대전,20.5,0,93,,,,,,,,,
6.8토,한화 이글스,6,0,1,9,2,1,0,대전,25.7,0,60,,,,,,,,,
6.9일,한화 이글스,6,0,2,10,2,1,0,대전,25.4,0,55,,,,,,,,,
6.11화,한화 이글스,5,1,0,5,0,0,1,대전,24.8,0,48,,,,,,,,,
6.12수,한화 이글스,11,2,1,7,1,0,0,대전,26.5,0,48,,,,,,,,,
6.13목,한화 이글스,4,0,0,6,0,2,0,대전,28.3,0,43,,,,,,,,,
6.14금,한화 이글스,12,2,2,9,0,1,0,서울,26.7,0,42,,,,,,,,,
6.15토,한화 이글스,11,0,1,16,2,0,0,서울,26.1,0,47,,,,,,,,,
6.16일,한화 이글스,9,1,0,6,2,2,0,서울,26,0,44,,,,,,,,,
6.18화,한화 이글스,6,0,0,10,1,2,0,대전,23.1,0,76,,,,,,,,,
6.19수,한화 이글스,12,1,2,14,0,1,0,대전,26.2,0,63,,,,,,,,,
6.20목,한화 이글스,7,1,1,11,0,3,1,대전,28.3,0,58,,,,,,,,,
6.21금,한화 이글스,7,0,1,8,1,2,0,대전,27.7,0,53,,,,,,,,,
6.22토,한화 이글스,9,1,1,9,1,0,1,대전,26.9,0,61,,,,,,,,,
6.23일,한화 이글스,10,0,1,9,1,1,0,대전,29,0,40,,,,,,,,,
6.25화,한화 이글스,20,3,0,8,1,1,1,창원,25.1,0,46,,,,,,,,,
6.27목,한화 이글스,9,0,0,13,0,0,0,창원,25.5,0,83,,,,,,,,,
6.28금,한화 이글스,6,0,4,7,0,1,0,대전,28.2,0,63,,,,,,,,,
6.30일,한화 이글스,8,0,0,6,0,0,0,대전,27.3,0,73,,,,,,,,,
7.2화,한화 이글스,6,0,1,10,1,1,0,서울,28.4,0,47,,,,,,,,,
7.3수,한화 이글스,6,1,0,4,1,1,0,서울,26,0,49,,,,,,,,,
7.4목,한화 이글스,4,1,0,8,0,1,0,서울,29.3,0,31,,,,,,,,,
7.5금,한화 이글스,7,2,0,5,0,1,0,대전,33.1,0,40,,,,,,,,,
7.6토,한화 이글스,17,2,0,11,0,2,1,대전,32,0,40,,,,,,,,,
7.7일,한화 이글스,10,1,0,7,0,1,0,대전,27.5,0,46,,,,,,,,,
7.9화,한화 이글스,8,0,1,12,2,1,1,대전,26.8,0,57,,,,,,,,,
7.11목,한화 이글스,8,0,1,8,0,1,0,대전,22.7,0,93,,,,,,,,,
7.12금,한화 이글스,4,0,0,7,0,0,0,광주,25.9,0,71,,,,,,,,,
7.13토,한화 이글스,14,2,0,2,2,0,1,광주,26.7,0,65,,,,,,,,,
7.14일,한화 이글스,12,1,1,5,1,0,0,광주,28.1,0,65,,,,,,,,,
7.16화,한화 이글스,6,0,3,8,0,1,0,대전,28.4,1.1,73,,,,,,,,,
7.17수,한화 이글스,4,1,0,6,0,0,0,대전,28.1,0,70,,,,,,,,,
7.18목,한화 이글스,8,0,0,9,1,2,0,대전,28.3,0,72,,,,,,,,,
7.26금,한화 이글스,12,2,0,8,1,1,0,대구,29.9,0,70,,,,,,,,,
7.27토,한화 이글스,11,0,1,9,0,0,0,대구,30,0,73,,,,,,,,,
7.28일,한화 이글스,8,0,1,2,1,1,0,대구,30.5,0,64,,,,,,,,,
7.30화,한화 이글스,11,0,1,1,1,0,0,수원,29.4,0,79,,,,,,,,,
7.31수,한화 이글스,10,1,1,5,3,0,1,수원,28.4,0,84,,,,,,,,,
8.1목,한화 이글스,9,0,1,9,0,1,1,수원,29.8,0,76,,,,,,,,,
8.3토,한화 이글스,6,0,0,6,0,0,0,대전,31.1,0,71,,,,,,,,,
8.4일,한화 이글스,13,1,1,7,0,0,1,대전,31.6,0,78,,,,,,,,,
8.6화,한화 이글스,11,0,0,7,0,1,0,서울,34.8,0,43,,,,,,,,,
8.7수,한화 이글스,13,1,1,2,3,1,1,서울,30.2,0,64,,,,,,,,,
8.8목,한화 이글스,7,0,1,5,2,1,0,광주,30.5,0,70,,,,,,,,,
8.9금,한화 이글스,10,2,0,7,1,2,0,광주,31.7,0,66,,,,,,,,,
8.10토,한화 이글스,6,1,0,6,2,1,0,수원,34.6,0,44,,,,,,,,,
8.11일,한화 이글스,9,1,1,8,0,3,1,수원,32,0,43,,,,,,,,,
8.13화,한화 이글스,8,0,0,6,2,0,0,대전,31.8,0,75,,,,,,,,,
8.14수,한화 이글스,13,1,0,3,1,1,1,대전,32.5,0,63,,,,,,,,,
8.15목,한화 이글스,11,0,1,10,1,0,0,부산,27.4,0,87,,,,,,,,,
8.16금,한화 이글스,7,0,0,6,1,0,1,부산,28.9,0,73,,,,,,,,,
8.17토,한화 이글스,14,2,0,7,1,1,1,서울,28.4,0,48,,,,,,,,,
8.18일,한화 이글스,9,0,1,6,0,0,1,서울,29,0,51,,,,,,,,,
8.20화,한화 이글스,4,0,1,12,0,0,0,대전,30.3,0,62,,,,,,,,,
8.22목,한화 이글스,11,1,2,5,0,3,0,인천,27.1,0,70,,,,,,,,,
8.23금,한화 이글스,9,0,2,7,1,1,0,인천,27.4,0,58,,,,,,,,,
8.24토,한화 이글스,10,0,0,4,2,4,0,대전,26.2,0,68,,,,,,,,,
8.25일,한화 이글스,2,0,1,9,1,0,0,대전,28.1,0,59,,,,,,,,,
8.27화,한화 이글스,7,0,1,8,2,0,0,대전,23.8,0,85,,,,,,,,,
8.28수,한화 이글스,7,0,0,6,0,2,1,대전,26.3,0,79,,,,,,,,,
8.30금,한화 이글스,6,0,0,7,1,0,1,서울,23,0,69,,,,,,,,,
8.31토,한화 이글스,10,1,0,9,0,0,0,대전,26.9,0,58,,,,,,,,,
9.1일,한화 이글스,10,1,0,6,1,1,1,대전,26,0,71,,,,,,,,,
9.3화,한화 이글스,9,0,0,16,0,0,0,대전,23.5,0,94,,,,,,,,,
9.4수,한화 이글스,5,0,1,12,0,0,0,대전,26.4,0,88,,,,,,,,,
9.5목,한화 이글스,7,2,0,5,0,0,1,창원,27,0,78,,,,,,,,,
9.6금,한화 이글스,7,0,0,7,0,0,0,창원,28.3,0,69,,,,,,,,,
9.7토,한화 이글스,14,0,0,5,1,0,1,대전,25.1,0,84,,,,,,,,,
9.8일,한화 이글스,3,0,0,9,0,2,0,대전,26.5,0,84,,,,,,,,,
9.10화,한화 이글스,10,0,0,6,0,1,0,대전,29.4,0,65,,,,,,,,,
9.11수,한화 이글스,13,0,1,5,1,1,1,대전,26,0,81,,,,,,,,,
9.13금,한화 이글스,10,1,0,7,0,0,1,대구,23.9,0,58,,,,,,,,,
9.14토,한화 이글스,12,0,0,5,0,0,1,대전,25.3,0,80,,,,,,,,,
9.15일,한화 이글스,8,0,1,9,1,0,0,대전,27.9,0,65,,,,,,,,,
9.16월,한화 이글스,12,1,2,6,0,0,1,대구,24.7,0,50,,,,,,,,,
9.17화,한화 이글스,6,0,0,9,0,0,1,대전,26,0,51,,,,,,,,,
9.20금,한화 이글스,5,0,1,5,0,0,1,대전,21,0,68,,,,,,,,,
9.23월,한화 이글스,14,1,1,8,2,0,1,서울,23.2,0,43,,,,,,,,,
9.25수,한화 이글스,11,1,0,6,2,3,1,창원,21.3,0,68,,,,,,,,,
9.26목,한화 이글스,13,1,1,7,1,1,1,창원,23.9,0,64,,,,,,,,,
9.28토,한화 이글스,13,0,0,6,0,1,0,서울,26.4,0,48,,,,,,,,,
9.29일,한화 이글스,2,0,1,9,0,0,0,대전,24.7,0,62,,,,,,,,,
9.30월,한화 이글스,9,1,0,5,2,0,0,대전,25.8,0,65,,,,,,,,,
